sale_id,store_id,product_id,customer_id,date_id,quantity,revenue,discount_amount,is_returned
1,1,32,532,20240107,2,842.47,93.61,0
2,1,32,546,20240107,1,421.24,46.8,0
3,1,29,306,20240111,1,460.89,51.21,0
4,1,37,325,20240108,1,477.55,119.39,0
5,1,29,405,20240116,1,409.68,102.42,0
6,1,27,453,20240127,1,251.74,62.94,0
7,1,24,279,20240121,1,590.23,104.16,0
8,1,4,239,20240105,1,337.64,84.41,0
9,1,6,564,20240102,1,371.69,41.3,1
10,1,16,61,20240130,1,316.38,55.83,0
11,1,36,180,20240130,1,537.48,59.72,0
12,1,35,191,20240114,2,638.21,112.63,0
13,1,37,344,20240130,2,955.1,238.78,0
14,1,32,198,20240110,2,748.86,187.22,0
15,1,11,346,20240126,1,181.46,45.36,0
16,1,20,528,20240126,1,280.98,49.59,0
17,1,2,7,20240111,1,261.97,46.23,0
18,1,32,587,20240109,1,374.43,93.61,0
19,1,22,164,20240101,1,474.32,52.7,0
20,1,37,227,20240113,1,507.4,89.54,0
21,1,48,563,20240108,1,117.51,29.38,0
22,1,28,84,20240130,1,237.63,59.41,0
23,1,30,518,20240117,1,247.25,27.47,0
24,1,35,211,20240107,1,319.11,56.31,0
25,1,34,526,20240123,2,620.01,68.89,0
26,1,25,406,20240114,1,380.87,67.21,0
27,1,36,555,20240109,1,507.62,89.58,0
28,1,34,139,20240102,3,878.35,155.0,0
29,1,39,387,20240125,1,511.89,127.97,0
30,1,3,403,20240113,1,403.9,44.88,0
31,1,12,558,20240117,1,385.26,67.99,0
32,1,28,116,20240114,1,252.48,44.56,0
33,1,39,69,20240102,1,511.89,127.97,0
34,1,40,46,20240104,1,614.97,68.33,0
35,1,28,297,20240113,1,267.34,29.7,0
36,1,38,147,20240108,1,666.86,117.68,0
37,1,31,180,20240122,1,373.92,93.48,0
38,1,40,538,20240121,1,546.64,136.66,0
39,1,39,231,20240111,1,511.89,127.97,0
40,1,35,427,20240110,1,300.34,75.08,0
41,1,31,461,20240118,1,373.92,93.48,0
42,1,28,75,20240128,1,237.63,59.41,0
43,1,36,16,20240107,1,507.62,89.58,0
44,1,34,210,20240107,1,310.0,34.45,0
45,1,38,316,20240113,1,627.63,156.91,0
46,1,32,328,20240109,1,374.43,93.61,0
47,1,14,17,20240130,1,323.88,35.99,0
48,1,31,252,20240109,1,420.66,46.74,0
49,1,30,503,20240116,1,219.78,54.94,0
50,2,14,556,20240115,1,305.89,53.98,0
51,2,41,7,20240121,1,126.16,31.54,1
52,2,12,383,20240114,1,407.92,45.33,0
53,2,40,13,20240102,1,546.64,136.66,0
54,2,29,441,20240101,1,409.68,102.42,0
55,2,35,540,20240126,1,337.88,37.54,0
56,2,37,250,20240109,1,507.4,89.54,0
57,2,18,389,20240123,1,588.62,103.88,0
58,2,25,445,20240113,1,403.27,44.81,0
59,2,34,581,20240121,2,551.12,137.78,0
60,2,18,34,20240116,1,554.0,138.5,0
61,2,38,408,20240106,1,706.09,78.45,0
62,2,3,554,20240130,1,381.46,67.32,0
63,2,27,355,20240111,1,283.21,31.47,0
64,2,4,407,20240102,1,337.64,84.41,0
65,2,21,385,20240125,1,498.49,55.39,0
66,2,15,85,20240114,1,328.15,36.46,0
67,2,11,316,20240109,1,204.14,22.68,0
68,2,29,569,20240115,1,435.29,76.81,0
69,2,25,333,20240117,1,358.46,89.62,0
70,2,29,249,20240128,1,409.68,102.42,0
71,2,31,65,20240119,1,397.29,70.11,0
72,2,31,253,20240106,1,397.29,70.11,0
73,2,36,341,20240124,1,537.48,59.72,0
74,2,38,140,20240127,1,627.63,156.91,0
75,2,20,299,20240110,1,280.98,49.59,0
76,2,40,403,20240124,2,1161.61,204.99,0
77,2,12,28,20240112,1,362.6,90.65,0
78,2,36,419,20240131,1,477.76,119.44,1
79,2,29,387,20240122,1,409.68,102.42,0
80,2,32,38,20240103,1,374.43,93.61,0
81,2,42,46,20240126,1,79.72,19.93,0
82,2,55,101,20240119,2,180.11,31.79,0
83,2,20,513,20240109,1,264.46,66.11,0
84,2,25,146,20240105,1,403.27,44.81,0
85,2,24,449,20240112,1,590.23,104.16,0
86,2,38,352,20240124,1,627.63,156.91,0
87,2,11,164,20240121,2,362.91,90.73,0
88,2,32,443,20240111,1,421.24,46.8,0
89,2,4,211,20240113,1,379.84,42.21,0
90,2,34,334,20240109,1,275.56,68.89,0
91,2,29,398,20240107,1,409.68,102.42,0
92,2,26,305,20240120,1,393.58,98.4,0
93,2,34,188,20240130,1,310.0,34.45,0
94,2,39,499,20240112,1,543.88,95.98,0
95,2,27,462,20240121,1,283.21,31.47,0
96,2,6,576,20240120,2,743.38,82.6,0
97,2,39,85,20240117,1,543.88,95.98,0
98,2,4,469,20240119,1,337.64,84.41,0
99,2,40,557,20240119,1,614.97,68.33,0
100,2,49,105,20240127,1,54.12,6.01,0
101,2,36,90,20240124,1,418.04,179.16,0
102,2,34,360,20240115,1,275.56,68.89,0
103,2,39,61,20240128,1,575.87,63.99,0
104,3,30,527,20240120,2,439.55,109.89,0
105,3,34,284,20240129,1,292.78,51.67,0
106,3,35,403,20240128,1,337.88,37.54,0
107,3,13,96,20240116,1,397.03,44.11,0
108,3,29,336,20240113,1,435.29,76.81,0
109,3,2,65,20240119,1,246.56,61.64,0
110,3,28,291,20240126,2,504.97,89.11,0
111,3,27,50,20240111,1,267.48,47.2,0
112,3,8,1,20240102,1,391.94,97.98,0
113,3,27,370,20240131,2,534.96,94.4,0
114,3,3,240,20240109,1,359.02,89.76,0
115,3,34,532,20240114,1,310.0,34.45,0
116,3,25,490,20240122,1,380.87,67.21,0
117,3,18,307,20240103,1,588.62,103.88,0
118,3,27,9,20240105,1,283.21,31.47,0
119,3,40,422,20240120,1,546.64,136.66,0
120,3,36,394,20240120,1,537.48,59.72,0
121,3,46,567,20240112,1,175.03,43.76,0
122,3,37,211,20240120,1,477.55,119.39,0
123,3,36,246,20240117,1,537.48,59.72,0
124,3,28,13,20240116,1,237.63,59.41,0
125,3,35,177,20240112,1,319.11,56.31,0
126,3,26,62,20240125,1,418.18,73.8,0
127,3,37,412,20240131,1,507.4,89.54,0
128,3,35,160,20240103,1,300.34,75.08,0
129,3,18,89,20240118,1,623.25,69.25,1
130,3,32,180,20240130,1,374.43,93.61,0
131,3,3,266,20240104,1,381.46,67.32,0
132,3,29,440,20240106,1,460.89,51.21,0
133,3,29,524,20240109,1,460.89,51.21,0
134,3,3,119,20240112,1,403.9,44.88,0
135,3,33,373,20240108,1,408.0,72.0,1
136,3,35,430,20240113,2,600.67,150.17,0
137,3,23,123,20240108,2,595.62,66.18,0
138,3,33,71,20240117,1,408.0,72.0,0
139,3,29,9,20240129,1,460.89,51.21,0
140,3,13,506,20240112,1,374.97,66.17,0
141,4,36,355,20240125,1,477.76,119.44,0
142,4,33,315,20240121,2,768.0,192.0,0
143,4,12,96,20240104,1,362.6,90.65,0
144,4,39,98,20240102,1,511.89,127.97,1
145,4,15,134,20240117,1,309.92,54.69,0
146,4,22,464,20240108,2,843.23,210.81,0
147,4,20,169,20240109,1,297.51,33.06,0
148,4,31,475,20240115,1,420.66,46.74,0
149,4,34,42,20240109,1,275.56,68.89,0
150,4,38,51,20240107,1,666.86,117.68,0
151,4,19,564,20240122,1,362.32,63.94,0
152,4,2,228,20240108,1,277.38,30.82,0
153,4,15,266,20240105,1,291.69,72.92,0
154,4,33,132,20240130,3,1152.0,288.0,0
155,4,38,588,20240103,1,627.63,156.91,0
156,4,39,220,20240114,1,543.88,95.98,0
157,4,13,252,20240130,1,352.91,88.23,0
158,4,23,141,20240121,2,595.62,66.18,0
159,4,12,368,20240114,1,385.26,67.99,0
160,4,32,185,20240116,1,397.83,70.21,0
161,4,20,484,20240101,1,280.98,49.59,1
162,4,28,547,20240117,2,475.26,118.82,0
163,4,33,398,20240127,1,384.0,96.0,0
164,4,35,29,20240112,1,300.34,75.08,0
165,4,35,180,20240123,1,319.11,56.31,0
166,4,1,340,20240116,1,197.4,49.35,0
167,4,35,152,20240130,1,319.11,56.31,1
168,4,35,383,20240119,1,319.11,56.31,0
169,4,39,162,20240123,1,543.88,95.98,0
170,4,40,366,20240124,1,546.64,136.66,0
171,4,35,2,20240108,1,319.11,56.31,0
172,4,39,326,20240131,1,511.89,127.97,1
173,4,36,80,20240130,1,507.62,89.58,0
174,4,30,344,20240108,1,233.51,41.21,0
175,4,4,2,20240115,1,358.74,63.31,0
176,4,31,360,20240102,2,794.58,140.22,0
177,4,32,463,20240118,1,374.43,93.61,0
178,4,33,175,20240103,1,432.0,48.0,1
179,5,26,442,20240103,1,344.39,147.59,0
180,5,39,420,20240131,1,575.87,63.99,0
181,5,29,586,20240123,1,460.89,51.21,1
182,5,35,492,20240118,1,337.88,37.54,0
183,5,4,119,20240107,1,379.84,42.21,0
184,5,40,397,20240110,1,614.97,68.33,0
185,5,31,270,20240106,1,397.29,70.11,0
186,5,33,353,20240108,1,432.0,48.0,0
187,5,28,549,20240126,1,237.63,59.41,0
188,5,40,36,20240122,1,580.81,102.49,1
189,5,35,172,20240117,1,337.88,37.54,0
190,5,35,152,20240107,1,300.34,75.08,0
191,5,38,570,20240127,2,1255.26,313.82,1
192,5,29,536,20240113,1,409.68,102.42,0
193,5,31,103,20240126,1,373.92,93.48,0
194,5,2,271,20240130,1,261.97,46.23,0
195,5,40,412,20240113,1,614.97,68.33,0
196,5,30,382,20240102,1,233.51,41.21,0
197,5,29,234,20240101,1,409.68,102.42,0
198,5,24,92,20240105,1,555.51,138.88,0
199,5,31,528,20240107,1,397.29,70.11,0
200,5,13,30,20240126,1,352.91,88.23,0
201,5,12,370,20240106,1,385.26,67.99,1
202,5,14,32,20240123,1,287.9,71.97,0
203,5,32,353,20240108,1,374.43,93.61,0
204,5,37,51,20240106,1,507.4,89.54,1
205,5,36,420,20240106,1,477.76,119.44,0
206,5,1,9,20240117,1,222.07,24.68,0
207,5,21,386,20240108,1,470.8,83.08,0
208,5,29,407,20240128,1,409.68,102.42,0
209,5,6,111,20240119,1,351.04,61.95,0
210,5,5,306,20240116,1,227.84,40.21,0
211,5,12,328,20240107,2,725.2,181.3,0
212,5,9,415,20240122,1,285.91,122.53,0
213,5,36,488,20240113,1,477.76,119.44,0
214,5,38,186,20240130,1,627.63,156.91,0
215,5,3,188,20240110,1,359.02,89.76,0
216,5,38,315,20240131,1,706.09,78.45,0
217,5,38,482,20240114,1,666.86,117.68,0
218,5,34,391,20240102,1,310.0,34.45,0
219,5,17,584,20240117,2,502.49,55.83,0
220,5,40,500,20240129,1,580.81,102.49,0
221,5,35,173,20240111,1,319.11,56.31,0
222,6,40,440,20240119,1,614.97,68.33,0
223,6,32,15,20240113,1,421.24,46.8,0
224,6,20,353,20240129,1,264.46,66.11,0
225,6,15,306,20240110,1,328.15,36.46,0
226,6,22,502,20240131,1,474.32,52.7,0
227,6,35,230,20240112,2,600.67,150.17,1
228,6,52,39,20240124,1,75.11,8.35,0
229,6,37,111,20240113,1,477.55,119.39,0
230,6,33,259,20240121,1,408.0,72.0,0
231,6,36,104,20240116,1,507.62,89.58,0
232,6,27,121,20240122,1,251.74,62.94,0
233,6,10,207,20240110,1,208.79,36.85,0
234,6,37,493,20240112,1,537.25,59.69,0
235,6,17,153,20240111,1,223.33,55.83,0
236,6,2,468,20240131,1,261.97,46.23,0
237,6,17,369,20240110,1,251.24,27.92,0
238,6,39,142,20240126,1,575.87,63.99,1
239,6,38,96,20240122,1,627.63,156.91,0
240,6,35,395,20240112,1,319.11,56.31,0
241,6,39,61,20240123,1,543.88,95.98,0
242,6,34,186,20240131,1,275.56,68.89,0
243,6,30,134,20240120,1,219.78,54.94,0
244,6,34,322,20240116,2,620.01,68.89,0
245,6,36,98,20240101,2,1015.24,179.16,0
246,6,36,572,20240114,1,477.76,119.44,0
247,6,49,508,20240129,1,48.1,12.03,0
248,6,16,229,20240128,1,316.38,55.83,1
249,6,39,459,20240118,1,543.88,95.98,0
250,6,40,106,20240103,1,478.31,204.99,0
251,6,25,521,20240113,1,358.46,89.62,0
252,6,16,466,20240118,2,669.98,74.44,0
253,6,32,228,20240111,1,397.83,70.21,0
254,6,29,169,20240101,1,460.89,51.21,1
255,6,15,403,20240116,1,328.15,36.46,0
256,6,28,127,20240107,1,252.48,44.56,1
257,6,40,5,20240125,1,546.64,136.66,0
258,6,39,182,20240117,1,511.89,127.97,0
259,6,35,517,20240123,1,300.34,75.08,0
260,6,28,137,20240129,1,237.63,59.41,0
261,6,29,567,20240105,1,435.29,76.81,0
262,6,12,136,20240121,1,385.26,67.99,0
263,6,35,361,20240123,1,319.11,56.31,0
264,6,31,433,20240118,1,373.92,93.48,0
265,6,2,274,20240126,1,246.56,61.64,1
266,6,37,303,20240125,1,537.25,59.69,0
267,7,34,575,20240112,1,275.56,68.89,0
268,7,21,321,20240113,1,470.8,83.08,0
269,7,25,377,20240131,1,380.87,67.21,0
270,7,36,77,20240125,1,477.76,119.44,0
271,7,42,165,20240106,1,79.72,19.93,0
272,7,33,331,20240119,1,432.0,48.0,1
273,7,5,326,20240120,1,227.84,40.21,0
274,7,19,550,20240117,1,383.63,42.63,0
275,7,4,224,20240113,2,717.49,126.61,0
276,7,40,355,20240131,3,1639.92,409.98,1
277,7,20,117,20240115,2,561.97,99.17,0
278,7,21,521,20240113,1,470.8,83.08,0
279,7,29,99,20240115,2,819.36,204.84,0
280,7,41,435,20240106,1,126.16,31.54,0
281,7,7,25,20240127,1,245.87,61.47,0
282,7,33,589,20240115,1,408.0,72.0,0
283,7,21,18,20240127,1,470.8,83.08,0
284,7,33,75,20240113,1,384.0,96.0,0
285,7,34,449,20240112,1,275.56,68.89,1
286,7,25,559,20240113,1,403.27,44.81,0
287,7,43,12,20240110,1,234.7,58.68,0
288,7,35,561,20240118,1,300.34,75.08,0
289,7,4,525,20240131,1,337.64,84.41,0
290,7,12,581,20240105,1,407.92,45.33,0
291,7,8,101,20240128,1,391.94,97.98,0
292,7,40,103,20240107,2,1093.28,273.32,0
293,7,36,599,20240110,1,477.76,119.44,0
294,7,30,253,20240105,1,219.78,54.94,1
295,7,23,492,20240126,1,264.72,66.18,0
296,7,29,288,20240115,1,409.68,102.42,0
297,7,36,20,20240128,1,507.62,89.58,0
298,7,25,38,20240128,1,358.46,89.62,0
299,7,24,298,20240118,1,590.23,104.16,0
300,7,26,170,20240105,1,393.58,98.4,0
301,7,32,150,20240125,1,374.43,93.61,0
302,7,38,379,20240124,1,706.09,78.45,1
303,7,4,466,20240108,1,358.74,63.31,0
304,7,6,270,20240129,1,330.39,82.6,0
305,7,27,80,20240119,1,251.74,62.94,0
306,7,20,494,20240117,1,280.98,49.59,0
307,7,35,217,20240129,1,300.34,75.08,0
308,7,14,339,20240105,1,287.9,71.97,0
309,7,16,23,20240124,1,297.77,74.44,0
310,7,3,171,20240108,1,359.02,89.76,0
311,7,39,291,20240109,1,575.87,63.99,0
312,8,8,421,20240131,1,416.43,73.49,0
313,8,11,351,20240120,1,204.14,22.68,0
314,8,26,536,20240130,1,442.78,49.2,1
315,8,39,40,20240128,1,575.87,63.99,0
316,8,34,2,20240129,1,275.56,68.89,0
317,8,39,440,20240129,1,575.87,63.99,0
318,8,40,590,20240108,1,546.64,136.66,0
319,8,29,557,20240104,1,460.89,51.21,0
320,8,17,533,20240114,1,223.33,55.83,0
321,8,28,437,20240101,1,252.48,44.56,0
322,8,37,407,20240121,1,507.4,89.54,0
323,8,16,315,20240125,1,316.38,55.83,0
324,8,31,236,20240119,1,373.92,93.48,0
325,8,35,54,20240115,1,319.11,56.31,0
326,8,25,446,20240106,1,380.87,67.21,0
327,8,4,411,20240103,1,337.64,84.41,0
328,8,37,450,20240120,1,537.25,59.69,0
329,8,13,238,20240101,1,352.91,88.23,0
330,8,9,283,20240120,1,367.6,40.84,0
331,8,31,71,20240125,1,420.66,46.74,0
332,8,5,284,20240130,1,214.44,53.61,0
333,8,36,417,20240108,1,537.48,59.72,0
334,8,2,264,20240117,1,277.38,30.82,0
335,8,29,250,20240129,1,409.68,102.42,0
336,8,32,265,20240125,1,374.43,93.61,0
337,8,28,362,20240103,1,252.48,44.56,0
338,8,29,351,20240117,1,409.68,102.42,0
339,8,27,195,20240103,1,251.74,62.94,0
340,8,36,256,20240116,1,507.62,89.58,0
341,8,35,505,20240127,1,337.88,37.54,0
342,8,1,589,20240120,1,209.74,37.01,0
343,8,19,591,20240128,3,1023.02,255.76,0
344,8,7,179,20240105,1,245.87,61.47,0
345,8,56,595,20240115,1,51.78,12.95,0
346,8,21,352,20240104,1,470.8,83.08,0
347,8,15,411,20240112,1,309.92,54.69,0
348,8,27,242,20240109,2,566.42,62.94,0
349,8,31,10,20240118,1,373.92,93.48,0
350,1,38,582,20240229,1,784.54,0.0,0
351,1,27,99,20240202,1,267.48,47.2,0
352,1,37,264,20240215,1,567.09,29.85,0
353,1,2,591,20240212,1,277.38,30.82,0
354,1,35,523,20240219,2,750.84,0.0,0
355,1,40,149,20240216,2,1366.6,0.0,0
356,1,14,74,20240228,1,341.88,17.99,0
357,1,12,405,20240203,1,407.92,45.33,0
358,1,38,172,20240209,1,745.31,39.23,0
359,1,35,82,20240206,1,337.88,37.54,0
360,1,10,56,20240207,1,196.51,49.13,0
361,1,34,400,20240201,1,327.23,17.22,0
362,1,21,175,20240210,1,553.88,0.0,0
363,1,6,554,20240201,2,825.98,0.0,0
364,1,27,468,20240209,2,566.42,62.94,0
365,1,39,356,20240221,1,575.87,63.99,0
366,1,26,311,20240216,1,491.98,0.0,0
367,1,3,504,20240201,1,426.34,22.44,1
368,1,25,8,20240225,1,380.87,67.21,0
369,1,31,400,20240218,2,934.8,0.0,0
370,1,29,279,20240227,1,486.49,25.61,0
371,1,37,297,20240210,1,507.4,89.54,0
372,1,40,20,20240204,1,649.14,34.16,0
373,1,1,449,20240205,1,246.75,0.0,0
374,1,2,320,20240224,1,292.79,15.41,0
375,1,38,150,20240226,1,666.86,117.68,0
376,1,23,257,20240202,1,314.36,16.54,0
377,1,25,454,20240227,1,403.27,44.81,0
378,1,33,214,20240208,1,432.0,48.0,0
379,1,29,563,20240216,2,1024.2,0.0,0
380,1,16,224,20240217,1,372.21,0.0,0
381,1,23,123,20240204,1,330.9,0.0,0
382,1,33,159,20240213,2,912.0,48.0,0
383,1,36,62,20240212,1,597.2,0.0,0
384,1,27,239,20240202,1,267.48,47.2,0
385,1,54,387,20240211,1,141.68,0.0,0
386,1,37,302,20240212,2,1134.19,59.69,0
387,1,36,480,20240218,1,567.34,29.86,0
388,1,35,270,20240209,1,375.42,0.0,0
389,1,25,20,20240218,1,425.68,22.4,0
390,1,36,397,20240220,1,597.2,0.0,0
391,1,32,420,20240207,1,468.04,0.0,0
392,1,18,133,20240221,1,692.5,0.0,0
393,1,36,398,20240206,1,597.2,0.0,1
394,1,29,14,20240222,1,512.1,0.0,0
395,1,34,426,20240207,1,310.0,34.45,0
396,1,25,73,20240227,1,448.08,0.0,1
397,1,20,545,20240227,2,661.14,0.0,0
398,1,12,572,20240213,1,362.6,90.65,0
399,1,38,107,20240214,1,706.09,78.45,0
400,1,39,454,20240206,1,575.87,63.99,0
401,1,38,332,20240212,1,784.54,0.0,0
402,1,20,369,20240220,1,314.04,16.53,0
403,1,31,17,20240215,1,467.4,0.0,0
404,1,13,323,20240217,1,308.8,132.34,0
405,1,37,586,20240201,2,1134.19,59.69,0
406,1,8,597,20240205,1,489.92,0.0,0
407,1,21,80,20240208,1,553.88,0.0,0
408,1,24,591,20240224,1,590.23,104.16,0
409,1,37,58,20240227,1,507.4,89.54,0
410,2,31,233,20240225,1,397.29,70.11,0
411,2,33,537,20240224,1,432.0,48.0,1
412,2,19,403,20240202,1,383.63,42.63,0
413,2,34,136,20240215,1,344.45,0.0,0
414,2,1,445,20240211,1,246.75,0.0,0
415,2,35,586,20240225,1,375.42,0.0,0
416,2,28,590,20240207,1,297.04,0.0,0
417,2,15,25,20240203,1,364.61,0.0,0
418,2,22,150,20240225,1,368.91,158.11,0
419,2,4,88,20240215,1,422.05,0.0,0
420,2,36,295,20240204,2,955.52,238.88,0
421,2,26,551,20240201,1,467.38,24.6,0
422,2,13,19,20240207,1,419.08,22.06,0
423,2,33,278,20240213,1,480.0,0.0,0
424,2,25,369,20240202,1,403.27,44.81,0
425,2,5,390,20240228,2,482.49,53.61,0
426,2,50,91,20240217,2,334.67,17.61,0
427,2,16,543,20240206,1,334.99,37.22,1
428,2,31,364,20240210,1,467.4,0.0,0
429,2,21,31,20240221,1,526.19,27.69,0
430,2,36,90,20240218,1,477.76,119.44,0
431,2,28,320,20240224,1,282.19,14.85,0
432,2,27,208,20240220,1,314.68,0.0,0
433,2,11,579,20240228,1,181.46,45.36,0
434,2,18,31,20240206,1,588.62,103.88,0
435,2,23,281,20240225,2,661.8,0.0,0
436,2,34,274,20240205,1,344.45,0.0,0
437,2,28,82,20240220,1,297.04,0.0,1
438,2,35,383,20240223,1,356.65,18.77,0
439,2,40,419,20240206,1,683.3,0.0,0
440,2,45,208,20240225,2,259.14,0.0,0
441,2,11,502,20240225,2,317.55,136.09,0
442,2,24,390,20240223,2,1388.78,0.0,0
443,2,17,44,20240224,1,265.2,13.96,0
444,2,55,51,20240229,3,317.85,0.0,0
445,2,23,171,20240207,2,595.62,66.18,0
446,2,17,463,20240214,1,223.33,55.83,0
447,2,34,560,20240203,1,327.23,17.22,0
448,2,30,207,20240205,1,274.72,0.0,0
449,2,29,168,20240229,1,460.89,51.21,0
450,2,34,537,20240223,1,344.45,0.0,0
451,2,27,344,20240223,1,314.68,0.0,0
452,2,35,53,20240219,1,375.42,0.0,0
453,2,24,208,20240214,1,694.39,0.0,0
454,2,37,6,20240201,1,567.09,29.85,0
455,2,36,453,20240220,1,537.48,59.72,0
456,2,33,571,20240203,1,456.0,24.0,0
457,2,33,149,20240227,1,480.0,0.0,0
458,2,5,183,20240228,1,268.05,0.0,0
459,2,35,37,20240206,2,675.76,75.08,0
460,2,38,438,20240203,1,784.54,0.0,1
461,2,29,338,20240227,1,512.1,0.0,0
462,2,28,542,20240217,1,282.19,14.85,0
463,2,29,589,20240203,1,435.29,76.81,0
464,2,27,510,20240220,1,298.95,15.73,0
465,2,36,25,20240216,1,418.04,179.16,1
466,3,39,218,20240224,1,639.86,0.0,0
467,3,37,564,20240201,1,596.94,0.0,0
468,3,34,30,20240211,1,344.45,0.0,0
469,3,14,486,20240227,1,287.9,71.97,0
470,3,3,550,20240226,1,426.34,22.44,0
471,3,31,579,20240229,2,934.8,0.0,0
472,3,33,363,20240224,1,432.0,48.0,0
473,3,45,548,20240203,1,129.57,0.0,0
474,3,15,316,20240227,1,364.61,0.0,0
475,3,33,381,20240223,1,480.0,0.0,0
476,3,37,39,20240215,1,596.94,0.0,0
477,3,10,513,20240225,1,245.64,0.0,0
478,3,16,147,20240205,1,353.6,18.61,0
479,3,35,535,20240225,1,375.42,0.0,0
480,3,1,479,20240204,1,234.41,12.34,0
481,3,5,215,20240229,1,241.24,26.81,0
482,3,13,121,20240211,1,441.14,0.0,0
483,3,13,105,20240209,1,352.91,88.23,0
484,3,30,588,20240207,1,219.78,54.94,0
485,3,13,134,20240208,1,441.14,0.0,0
486,3,25,184,20240201,1,448.08,0.0,0
487,3,40,547,20240223,1,683.3,0.0,0
488,3,56,480,20240203,1,64.73,0.0,0
489,3,32,265,20240204,1,374.43,93.61,0
490,3,30,31,20240212,1,233.51,41.21,0
491,3,30,357,20240203,1,233.51,41.21,0
492,3,34,570,20240220,1,310.0,34.45,0
493,3,5,250,20240221,1,268.05,0.0,0
494,3,16,442,20240218,1,372.21,0.0,0
495,3,54,80,20240226,1,141.68,0.0,0
496,3,40,100,20240224,1,649.14,34.16,0
497,3,29,389,20240227,2,1024.2,0.0,0
498,4,25,1,20240211,1,380.87,67.21,0
499,4,11,458,20240225,1,226.82,0.0,0
500,4,14,446,20240207,1,305.89,53.98,0
501,4,54,523,20240223,3,403.79,21.25,0
502,4,37,1,20240213,1,477.55,119.39,0
503,4,30,443,20240223,1,274.72,0.0,1
504,4,38,217,20240223,1,784.54,0.0,0
505,4,11,428,20240222,1,226.82,0.0,0
506,4,19,499,20240205,1,426.26,0.0,1
507,4,27,467,20240222,1,283.21,31.47,0
508,4,39,461,20240229,1,607.87,31.99,0
509,4,27,243,20240213,1,314.68,0.0,0
510,4,31,39,20240223,2,888.06,46.74,1
511,4,30,146,20240219,1,260.98,13.74,0
512,4,37,91,20240224,1,596.94,0.0,0
513,4,26,55,20240208,1,467.38,24.6,0
514,4,25,340,20240229,1,425.68,22.4,0
515,4,29,312,20240214,1,512.1,0.0,0
516,4,37,53,20240224,1,567.09,29.85,0
517,4,49,285,20240222,1,60.13,0.0,0
518,4,13,179,20240209,1,441.14,0.0,0
519,4,40,242,20240219,1,683.3,0.0,0
520,4,9,158,20240216,1,408.44,0.0,0
521,4,31,172,20240227,1,467.4,0.0,0
522,4,38,54,20240207,1,784.54,0.0,0
523,4,32,546,20240206,1,421.24,46.8,0
524,4,31,13,20240208,1,467.4,0.0,0
525,4,40,43,20240210,1,683.3,0.0,0
526,4,38,280,20240204,2,1569.08,0.0,0
527,4,18,248,20240211,1,657.88,34.62,0
528,4,36,321,20240224,1,537.48,59.72,0
529,4,1,107,20240218,1,246.75,0.0,0
530,4,28,95,20240222,1,297.04,0.0,1
531,4,36,123,20240202,2,1074.96,119.44,0
532,4,35,190,20240203,1,337.88,37.54,0
533,4,11,465,20240229,1,215.48,11.34,0
534,4,38,64,20240209,1,706.09,78.45,0
535,4,25,72,20240213,1,380.87,67.21,0
536,4,52,148,20240216,1,83.46,0.0,0
537,4,36,266,20240218,1,597.2,0.0,0
538,4,2,510,20240204,1,308.2,0.0,0
539,4,33,338,20240205,2,864.0,96.0,0
540,4,25,447,20240229,1,358.46,89.62,0
541,5,36,494,20240226,1,477.76,119.44,0
542,5,30,93,20240204,1,274.72,0.0,0
543,5,30,208,20240212,1,260.98,13.74,0
544,5,31,110,20240206,1,467.4,0.0,0
545,5,40,144,20240221,1,614.97,68.33,0
546,5,12,316,20240202,1,453.25,0.0,0
547,5,32,346,20240216,2,936.08,0.0,0
548,5,39,470,20240226,1,543.88,95.98,0
549,5,35,145,20240222,1,375.42,0.0,1
550,5,40,134,20240216,2,1298.27,68.33,0
551,5,9,175,20240201,2,694.35,122.53,0
552,5,34,65,20240227,1,327.23,17.22,0
553,5,14,333,20240226,1,251.91,107.96,0
554,5,51,47,20240204,1,52.55,13.14,0
555,5,10,379,20240219,1,245.64,0.0,0
556,5,12,386,20240218,2,906.5,0.0,0
557,5,16,291,20240225,1,372.21,0.0,0
558,5,40,536,20240214,1,683.3,0.0,0
559,5,27,512,20240215,1,314.68,0.0,0
560,5,37,121,20240220,1,596.94,0.0,0
561,5,54,476,20240217,2,198.35,85.01,0
562,5,36,486,20240225,1,597.2,0.0,0
563,5,9,258,20240216,1,408.44,0.0,0
564,5,40,181,20240211,1,614.97,68.33,0
565,5,40,456,20240206,1,683.3,0.0,0
566,5,39,113,20240219,1,575.87,63.99,0
567,5,20,226,20240211,1,280.98,49.59,0
568,5,32,466,20240203,1,468.04,0.0,0
569,5,27,277,20240206,1,314.68,0.0,0
570,5,25,477,20240207,1,448.08,0.0,0
571,5,30,175,20240215,1,274.72,0.0,0
572,6,44,222,20240219,1,232.13,40.97,0
573,6,32,253,20240219,1,421.24,46.8,0
574,6,20,588,20240208,2,628.08,33.06,0
575,6,1,35,20240229,1,234.41,12.34,0
576,6,32,508,20240214,1,421.24,46.8,0
577,6,1,368,20240208,1,246.75,0.0,0
578,6,18,471,20240210,1,623.25,69.25,0
579,6,33,416,20240228,2,912.0,48.0,0
580,6,38,73,20240206,1,706.09,78.45,1
581,6,38,556,20240213,1,784.54,0.0,0
582,6,34,528,20240219,1,344.45,0.0,0
583,6,25,375,20240222,1,448.08,0.0,0
584,6,10,343,20240212,1,221.08,24.56,0
585,6,32,215,20240208,1,421.24,46.8,0
586,6,36,434,20240225,1,477.76,119.44,0
587,6,6,126,20240209,1,392.34,20.65,0
588,6,37,68,20240216,1,596.94,0.0,0
589,6,40,79,20240207,1,683.3,0.0,0
590,6,10,534,20240204,1,233.36,12.28,0
591,6,7,356,20240221,2,583.95,30.73,0
592,6,25,238,20240214,1,448.08,0.0,0
593,6,38,335,20240227,1,784.54,0.0,0
594,6,40,314,20240216,1,649.14,34.16,0
595,6,36,49,20240206,1,418.04,179.16,0
596,6,32,549,20240205,2,889.28,46.8,0
597,6,11,158,20240210,1,204.14,22.68,0
598,6,17,379,20240206,3,795.61,41.87,0
599,6,9,460,20240206,1,285.91,122.53,0
600,6,53,149,20240218,1,174.37,0.0,0
601,6,35,340,20240215,1,337.88,37.54,0
602,6,40,588,20240221,2,1093.28,273.32,0
603,6,16,42,20240222,1,372.21,0.0,0
604,6,34,457,20240205,1,344.45,0.0,0
605,6,1,285,20240212,1,246.75,0.0,0
606,6,8,404,20240207,1,391.94,97.98,0
607,6,25,438,20240207,2,896.16,0.0,0
608,6,25,575,20240212,1,448.08,0.0,0
609,6,16,168,20240203,1,372.21,0.0,0
610,6,39,89,20240226,1,639.86,0.0,0
611,6,16,385,20240205,3,1060.8,55.83,0
612,6,5,141,20240203,1,254.65,13.4,0
613,6,15,310,20240207,1,346.38,18.23,0
614,6,40,3,20240227,1,649.14,34.16,1
615,6,24,184,20240205,1,624.95,69.44,0
616,6,36,69,20240216,1,537.48,59.72,0
617,6,40,488,20240220,1,580.81,102.49,0
618,6,38,167,20240223,1,745.31,39.23,0
619,6,6,55,20240219,1,371.69,41.3,0
620,6,30,79,20240209,1,274.72,0.0,0
621,6,11,331,20240217,1,215.48,11.34,0
622,6,21,548,20240228,1,498.49,55.39,0
623,6,27,497,20240219,1,298.95,15.73,0
624,6,27,193,20240214,1,314.68,0.0,0
625,7,34,135,20240223,1,275.56,68.89,0
626,7,29,536,20240201,1,512.1,0.0,0
627,7,43,228,20240225,1,293.38,0.0,0
628,7,35,81,20240205,1,375.42,0.0,0
629,7,34,44,20240214,1,310.0,34.45,0
630,7,1,309,20240207,1,197.4,49.35,1
631,7,2,205,20240222,1,246.56,61.64,0
632,7,33,594,20240206,1,408.0,72.0,0
633,7,28,15,20240212,1,297.04,0.0,0
634,7,12,5,20240217,2,906.5,0.0,0
635,7,4,190,20240224,2,717.49,126.61,0
636,7,34,220,20240215,1,344.45,0.0,0
637,7,18,533,20240217,1,692.5,0.0,0
638,7,30,336,20240205,1,260.98,13.74,1
639,7,13,455,20240216,1,397.03,44.11,0
640,7,29,488,20240208,3,1536.3,0.0,0
641,7,25,449,20240222,3,1277.03,67.21,0
642,7,34,105,20240217,1,344.45,0.0,0
643,7,35,414,20240224,1,262.79,112.63,0
644,7,23,596,20240204,1,330.9,0.0,0
645,7,23,497,20240219,1,297.81,33.09,0
646,7,24,138,20240217,1,694.39,0.0,0
647,7,1,184,20240201,1,234.41,12.34,1
648,7,38,79,20240213,1,745.31,39.23,0
649,7,40,503,20240222,1,683.3,0.0,0
650,7,22,33,20240217,1,500.67,26.35,1
651,7,34,471,20240214,1,344.45,0.0,0
652,7,5,320,20240202,2,536.1,0.0,0
653,7,26,553,20240223,1,467.38,24.6,0
654,7,27,387,20240219,1,314.68,0.0,0
655,7,37,376,20240220,1,596.94,0.0,1
656,7,33,439,20240212,1,456.0,24.0,0
657,7,55,320,20240212,1,95.35,10.6,0
658,7,2,552,20240219,2,616.4,0.0,0
659,7,7,481,20240211,1,245.87,61.47,0
660,7,6,501,20240219,1,412.99,0.0,0
661,7,36,348,20240204,1,567.34,29.86,0
662,7,38,78,20240206,2,1569.08,0.0,0
663,7,36,412,20240227,1,597.2,0.0,0
664,7,18,280,20240226,1,657.88,34.62,0
665,7,32,310,20240203,1,468.04,0.0,0
666,7,39,258,20240217,1,639.86,0.0,0
667,7,27,192,20240220,2,597.89,31.47,0
668,7,32,445,20240219,1,421.24,46.8,0
669,8,33,155,20240219,1,480.0,0.0,0
670,8,37,66,20240224,1,596.94,0.0,0
671,8,15,242,20240221,1,364.61,0.0,0
672,8,19,476,20240213,1,426.26,0.0,0
673,8,31,280,20240216,1,373.92,93.48,0
674,8,5,498,20240205,1,268.05,0.0,0
675,8,2,417,20240226,1,308.2,0.0,0
676,8,26,242,20240229,1,418.18,73.8,0
677,8,34,538,20240204,1,292.78,51.67,0
678,8,26,338,20240209,1,491.98,0.0,0
679,8,39,224,20240227,1,575.87,63.99,0
680,8,4,58,20240205,2,844.1,0.0,0
681,8,26,285,20240216,1,491.98,0.0,0
682,8,35,22,20240229,1,337.88,37.54,0
683,8,41,246,20240221,1,141.93,15.77,0
684,8,29,125,20240209,1,460.89,51.21,0
685,8,40,262,20240218,1,546.64,136.66,0
686,8,4,450,20240210,1,358.74,63.31,0
687,8,23,504,20240221,1,330.9,0.0,0
688,8,38,165,20240216,1,666.86,117.68,0
689,8,18,335,20240223,1,657.88,34.62,0
690,8,33,140,20240215,1,480.0,0.0,0
691,8,29,529,20240201,1,512.1,0.0,0
692,8,43,328,20240223,1,264.04,29.34,0
693,8,27,289,20240215,1,283.21,31.47,0
694,1,23,24,20240306,2,562.53,99.27,0
695,1,28,173,20240330,2,415.86,178.22,0
696,1,23,175,20240302,1,330.9,0.0,0
697,1,25,465,20240331,1,448.08,0.0,0
698,1,34,273,20240327,1,344.45,0.0,0
699,1,39,290,20240310,1,543.88,95.98,0
700,1,39,269,20240324,1,543.88,95.98,1
701,1,28,11,20240308,1,267.34,29.7,0
702,1,6,393,20240316,2,825.98,0.0,0
703,1,21,241,20240323,1,526.19,27.69,1
704,1,49,405,20240316,1,57.12,3.01,0
705,1,9,348,20240322,1,408.44,0.0,0
706,1,18,120,20240329,1,657.88,34.62,0
707,1,3,370,20240311,1,314.15,134.63,0
708,1,21,321,20240330,1,498.49,55.39,0
709,1,54,570,20240314,1,134.6,7.08,0
710,1,56,37,20240328,1,64.73,0.0,0
711,1,16,42,20240316,1,260.55,111.66,0
712,1,16,152,20240315,1,372.21,0.0,0
713,1,12,521,20240304,2,906.5,0.0,0
714,1,12,585,20240327,1,317.28,135.97,0
715,1,18,337,20240306,1,657.88,34.62,0
716,1,10,332,20240301,1,233.36,12.28,0
717,1,8,276,20240305,1,440.93,48.99,0
718,1,38,333,20240320,2,1412.17,156.91,0
719,1,35,331,20240331,1,375.42,0.0,0
720,1,2,262,20240326,1,292.79,15.41,0
721,1,15,413,20240306,1,309.92,54.69,0
722,1,35,318,20240310,1,356.65,18.77,0
723,1,35,205,20240329,1,375.42,0.0,0
724,1,23,433,20240316,1,314.36,16.54,0
725,1,11,350,20240326,1,226.82,0.0,1
726,1,35,86,20240315,2,713.3,37.54,0
727,1,18,131,20240310,2,1315.75,69.25,0
728,1,52,79,20240322,1,83.46,0.0,1
729,1,2,583,20240330,1,308.2,0.0,0
730,1,13,474,20240327,1,397.03,44.11,1
731,1,47,322,20240306,1,121.37,0.0,0
732,1,40,192,20240319,1,683.3,0.0,0
733,1,5,6,20240307,2,536.1,0.0,0
734,1,3,499,20240313,1,426.34,22.44,0
735,1,30,310,20240310,1,219.78,54.94,0
736,1,1,193,20240303,1,209.74,37.01,0
737,1,8,552,20240328,1,440.93,48.99,0
738,1,8,157,20240307,1,489.92,0.0,0
739,1,40,207,20240324,1,580.81,102.49,0
740,1,31,443,20240310,1,467.4,0.0,0
741,1,45,500,20240314,1,129.57,0.0,0
742,1,33,428,20240308,1,480.0,0.0,1
743,1,24,447,20240329,1,624.95,69.44,0
744,1,4,348,20240301,1,422.05,0.0,0
745,1,32,427,20240330,1,468.04,0.0,0
746,1,54,213,20240327,1,120.43,21.25,0
747,1,34,504,20240310,1,344.45,0.0,0
748,1,48,19,20240304,1,146.89,0.0,1
749,1,46,516,20240312,1,218.79,0.0,0
750,1,46,230,20240302,1,207.85,10.94,0
751,1,14,571,20240316,1,323.88,35.99,0
752,1,50,469,20240309,1,140.91,35.23,0
753,1,42,105,20240331,2,179.37,19.93,0
754,1,26,371,20240327,1,491.98,0.0,0
755,1,40,158,20240306,1,649.14,34.16,0
756,1,11,7,20240321,1,226.82,0.0,0
757,1,48,382,20240308,1,139.55,7.34,0
758,1,46,543,20240323,1,218.79,0.0,0
759,1,43,470,20240314,1,293.38,0.0,0
760,1,46,530,20240331,2,437.58,0.0,0
761,1,6,63,20240331,1,289.09,123.9,0
762,1,43,533,20240313,2,586.76,0.0,0
763,1,21,287,20240310,1,553.88,0.0,0
764,1,27,558,20240329,1,314.68,0.0,0
765,2,48,415,20240320,1,124.86,22.03,0
766,2,5,130,20240325,1,254.65,13.4,0
767,2,53,349,20240317,1,165.65,8.72,0
768,2,33,248,20240325,1,408.0,72.0,0
769,2,47,382,20240327,3,364.11,0.0,0
770,2,30,460,20240309,1,247.25,27.47,0
771,2,25,596,20240310,1,313.66,134.42,0
772,2,36,587,20240319,1,597.2,0.0,0
773,2,7,597,20240322,1,307.34,0.0,0
774,2,46,422,20240307,1,218.79,0.0,0
775,2,7,379,20240303,2,583.95,30.73,0
776,2,31,451,20240322,2,888.06,46.74,0
777,2,56,518,20240323,1,64.73,0.0,0
778,2,24,121,20240305,1,624.95,69.44,0
779,2,16,122,20240323,1,372.21,0.0,0
780,2,42,157,20240320,1,94.67,4.98,1
781,2,14,146,20240304,1,341.88,17.99,0
782,2,25,188,20240326,2,896.16,0.0,0
783,2,33,428,20240327,1,480.0,0.0,0
784,2,32,136,20240316,2,842.47,93.61,0
785,2,8,334,20240325,1,440.93,48.99,0
786,2,47,47,20240303,1,97.1,24.27,0
787,2,40,26,20240331,1,614.97,68.33,0
788,2,29,198,20240319,1,512.1,0.0,0
789,2,25,515,20240331,2,851.35,44.81,0
790,2,3,594,20240329,2,897.56,0.0,0
791,2,6,24,20240315,1,412.99,0.0,0
792,2,23,94,20240311,1,314.36,16.54,0
793,2,51,158,20240304,1,65.69,0.0,0
794,2,51,60,20240310,1,52.55,13.14,0
795,2,22,124,20240310,1,421.62,105.4,0
796,2,12,118,20240302,1,407.92,45.33,0
797,2,8,240,20240309,1,489.92,0.0,1
798,2,53,569,20240330,1,165.65,8.72,0
799,2,45,513,20240321,1,129.57,0.0,0
800,2,43,551,20240307,1,205.37,88.01,0
801,2,24,297,20240331,1,590.23,104.16,0
802,2,49,257,20240321,1,48.1,12.03,0
803,2,38,289,20240327,1,784.54,0.0,0
804,2,2,144,20240302,1,308.2,0.0,0
805,2,29,326,20240324,2,1024.2,0.0,0
806,2,38,280,20240329,1,549.18,235.36,0
807,2,38,17,20240308,1,745.31,39.23,0
808,2,33,178,20240330,1,480.0,0.0,1
809,2,32,80,20240314,1,444.64,23.4,0
810,2,8,367,20240318,1,489.92,0.0,0
811,2,1,10,20240313,1,246.75,0.0,0
812,2,37,311,20240308,1,537.25,59.69,0
813,2,36,505,20240326,3,1433.28,358.32,1
814,2,36,114,20240329,1,418.04,179.16,0
815,2,16,579,20240328,1,372.21,0.0,0
816,2,3,234,20240306,1,448.78,0.0,0
817,2,29,546,20240329,1,460.89,51.21,0
818,2,16,54,20240320,1,372.21,0.0,0
819,2,55,531,20240328,1,105.95,0.0,0
820,2,25,431,20240315,2,896.16,0.0,0
821,2,17,26,20240318,1,279.16,0.0,0
822,2,15,338,20240324,2,583.38,145.84,0
823,2,2,343,20240310,1,308.2,0.0,1
824,2,10,342,20240327,1,196.51,49.13,0
825,2,42,458,20240317,1,94.67,4.98,0
826,2,1,67,20240319,2,493.5,0.0,0
827,2,8,105,20240326,1,465.42,24.5,0
828,2,1,421,20240322,1,246.75,0.0,0
829,2,41,104,20240308,1,149.82,7.88,0
830,2,33,106,20240311,1,480.0,0.0,0
831,2,26,130,20240301,1,418.18,73.8,0
832,2,30,249,20240321,1,247.25,27.47,0
833,3,15,598,20240305,1,328.15,36.46,0
834,3,27,378,20240329,1,314.68,0.0,0
835,3,27,56,20240301,1,298.95,15.73,0
836,3,12,194,20240314,1,453.25,0.0,0
837,3,24,344,20240322,1,694.39,0.0,0
838,3,14,44,20240320,1,341.88,17.99,0
839,3,9,219,20240316,1,367.6,40.84,0
840,3,22,7,20240308,1,527.02,0.0,0
841,3,6,200,20240312,1,412.99,0.0,0
842,3,30,179,20240321,1,274.72,0.0,0
843,3,51,23,20240308,1,62.41,3.28,0
844,3,42,114,20240306,1,89.68,9.97,0
845,3,53,176,20240311,1,174.37,0.0,0
846,3,31,134,20240331,2,934.8,0.0,0
847,3,7,251,20240326,1,307.34,0.0,0
848,3,4,254,20240330,1,422.05,0.0,0
849,3,29,501,20240302,2,870.57,153.63,0
850,3,40,398,20240307,1,649.14,34.16,0
851,3,54,383,20240325,1,134.6,7.08,0
852,3,40,598,20240317,1,649.14,34.16,0
853,3,4,224,20240321,2,801.89,42.21,0
854,3,23,564,20240310,1,264.72,66.18,0
855,3,2,43,20240303,1,292.79,15.41,0
856,3,30,510,20240315,1,260.98,13.74,0
857,3,9,368,20240311,1,408.44,0.0,0
858,3,2,74,20240329,1,246.56,61.64,0
859,3,4,282,20240312,1,379.84,42.21,0
860,3,35,268,20240307,3,1013.63,112.63,0
861,3,45,416,20240301,1,116.61,12.96,0
862,3,25,153,20240327,1,425.68,22.4,0
863,3,20,566,20240328,1,330.57,0.0,0
864,3,24,440,20240325,1,694.39,0.0,0
865,3,55,384,20240325,1,105.95,0.0,0
866,3,27,364,20240305,1,283.21,31.47,0
867,3,15,551,20240311,1,364.61,0.0,0
868,3,9,339,20240310,1,408.44,0.0,0
869,3,31,548,20240319,3,1402.2,0.0,0
870,3,2,312,20240313,1,246.56,61.64,0
871,3,3,192,20240303,1,403.9,44.88,0
872,3,7,72,20240307,1,307.34,0.0,0
873,3,1,161,20240315,1,209.74,37.01,0
874,3,7,212,20240304,1,307.34,0.0,0
875,3,45,589,20240305,1,116.61,12.96,0
876,3,12,8,20240331,1,407.92,45.33,0
877,3,23,583,20240305,1,330.9,0.0,0
878,3,24,468,20240329,1,624.95,69.44,0
879,3,37,426,20240312,1,507.4,89.54,0
880,3,7,583,20240308,1,245.87,61.47,0
881,3,17,551,20240304,1,237.29,41.87,0
882,3,34,506,20240310,1,310.0,34.45,0
883,3,50,334,20240314,3,528.42,0.0,0
884,3,21,473,20240314,1,553.88,0.0,1
885,3,15,118,20240313,1,364.61,0.0,1
886,3,54,85,20240323,1,134.6,7.08,0
887,4,40,175,20240318,1,580.81,102.49,0
888,4,2,173,20240327,1,308.2,0.0,0
889,4,33,222,20240303,1,480.0,0.0,0
890,4,4,536,20240323,1,422.05,0.0,0
891,4,34,5,20240321,1,344.45,0.0,1
892,4,44,94,20240302,2,546.2,0.0,0
893,4,17,226,20240301,1,279.16,0.0,0
894,4,43,335,20240331,1,293.38,0.0,0
895,4,28,439,20240311,1,237.63,59.41,0
896,4,10,324,20240304,1,245.64,0.0,0
897,4,24,378,20240301,1,624.95,69.44,0
898,4,4,105,20240302,1,379.84,42.21,0
899,4,27,398,20240323,1,314.68,0.0,0
900,4,51,326,20240322,1,59.12,6.57,0
901,4,34,392,20240328,1,327.23,17.22,0
902,4,36,22,20240317,1,537.48,59.72,1
903,4,42,82,20240320,1,89.68,9.97,0
904,4,8,39,20240302,1,489.92,0.0,0
905,4,56,41,20240308,1,64.73,0.0,0
906,4,47,340,20240317,1,121.37,0.0,1
907,4,9,228,20240311,2,735.19,81.69,0
908,4,46,504,20240320,1,207.85,10.94,0
909,4,49,94,20240303,1,60.13,0.0,0
910,4,28,319,20240306,1,297.04,0.0,0
911,4,36,591,20240306,1,567.34,29.86,0
912,4,52,369,20240315,1,75.11,8.35,0
913,4,24,160,20240313,1,659.67,34.72,0
914,4,56,308,20240327,1,64.73,0.0,0
915,4,27,385,20240320,1,298.95,15.73,0
916,4,26,195,20240318,1,442.78,49.2,0
917,4,6,383,20240301,1,330.39,82.6,0
918,4,18,395,20240313,1,692.5,0.0,0
919,4,28,357,20240330,1,237.63,59.41,0
920,4,38,253,20240317,1,706.09,78.45,0
921,4,22,152,20240308,1,474.32,52.7,0
922,4,27,166,20240309,1,298.95,15.73,0
923,4,2,83,20240301,1,246.56,61.64,0
924,4,55,513,20240317,1,105.95,0.0,0
925,4,31,92,20240331,1,420.66,46.74,0
926,4,38,408,20240304,1,784.54,0.0,0
927,4,11,428,20240323,1,226.82,0.0,0
928,4,21,138,20240317,1,553.88,0.0,0
929,4,18,61,20240307,1,588.62,103.88,0
930,4,4,112,20240324,1,337.64,84.41,0
931,4,34,351,20240328,1,344.45,0.0,0
932,4,32,273,20240301,1,421.24,46.8,1
933,4,49,533,20240325,1,57.12,3.01,1
934,4,48,380,20240331,1,146.89,0.0,0
935,4,54,388,20240322,1,113.34,28.34,0
936,4,6,412,20240320,2,702.08,123.9,1
937,4,43,255,20240324,1,293.38,0.0,0
938,5,47,330,20240322,1,121.37,0.0,0
939,5,25,240,20240301,2,806.54,89.62,0
940,5,18,488,20240320,1,554.0,138.5,0
941,5,42,147,20240322,1,99.65,0.0,0
942,5,25,562,20240328,1,380.87,67.21,0
943,5,24,250,20240328,2,1319.34,69.44,0
944,5,2,335,20240307,1,215.74,92.46,1
945,5,21,127,20240329,1,553.88,0.0,0
946,5,8,590,20240322,1,440.93,48.99,0
947,5,50,391,20240325,1,176.14,0.0,0
948,5,39,90,20240321,1,639.86,0.0,0
949,5,4,321,20240304,1,422.05,0.0,0
950,5,17,398,20240331,1,265.2,13.96,0
951,5,14,228,20240314,1,287.9,71.97,0
952,5,24,225,20240304,1,590.23,104.16,0
953,5,35,36,20240316,1,375.42,0.0,0
954,5,10,221,20240320,1,208.79,36.85,0
955,5,15,216,20240316,1,309.92,54.69,0
956,5,36,184,20240328,1,597.2,0.0,0
957,5,23,164,20240328,1,281.27,49.63,0
958,5,30,401,20240301,1,260.98,13.74,0
959,5,5,562,20240313,1,214.44,53.61,0
960,5,6,312,20240313,1,392.34,20.65,0
961,5,35,215,20240315,1,356.65,18.77,0
962,5,44,590,20240307,1,273.1,0.0,0
963,5,35,173,20240304,1,262.79,112.63,0
964,5,6,528,20240330,2,825.98,0.0,1
965,5,15,35,20240321,2,692.76,36.46,0
966,5,16,385,20240304,1,353.6,18.61,0
967,5,34,282,20240325,1,292.78,51.67,0
968,5,38,522,20240321,1,784.54,0.0,0
969,5,8,186,20240308,1,440.93,48.99,0
970,5,23,551,20240313,1,330.9,0.0,0
971,5,17,543,20240306,1,237.29,41.87,0
972,5,2,121,20240316,1,308.2,0.0,0
973,5,43,41,20240306,1,293.38,0.0,0
974,5,27,87,20240305,1,314.68,0.0,0
975,5,30,1,20240304,2,549.44,0.0,0
976,5,13,321,20240308,1,441.14,0.0,0
977,5,54,46,20240317,1,134.6,7.08,0
978,5,3,566,20240308,1,381.46,67.32,0
979,6,29,262,20240307,1,486.49,25.61,0
980,6,19,436,20240309,1,426.26,0.0,0
981,6,36,198,20240331,1,537.48,59.72,0
982,6,11,445,20240323,1,226.82,0.0,0
983,6,4,562,20240313,1,422.05,0.0,0
984,6,2,232,20240314,1,308.2,0.0,0
985,6,7,127,20240309,2,614.68,0.0,0
986,6,29,358,20240306,1,435.29,76.81,0
987,6,29,175,20240323,1,486.49,25.61,0
988,6,55,545,20240311,1,90.06,15.89,0
989,6,31,526,20240318,1,467.4,0.0,1
990,6,3,380,20240323,1,426.34,22.44,0
991,6,47,480,20240323,1,121.37,0.0,0
992,6,15,235,20240317,1,328.15,36.46,0
993,6,34,93,20240310,2,688.9,0.0,0
994,6,4,293,20240321,2,844.1,0.0,0
995,6,49,140,20240318,2,120.26,0.0,0
996,6,26,8,20240316,1,467.38,24.6,0
997,6,22,541,20240323,1,474.32,52.7,0
998,6,32,537,20240322,2,842.47,93.61,0
999,6,10,53,20240329,1,245.64,0.0,0
1000,6,27,256,20240314,1,314.68,0.0,0
1001,6,26,3,20240327,1,467.38,24.6,0
1002,6,31,528,20240324,1,467.4,0.0,0
1003,6,56,7,20240327,2,110.04,19.42,0
1004,6,21,191,20240320,1,553.88,0.0,0
1005,6,10,158,20240313,1,245.64,0.0,0
1006,6,8,482,20240314,1,440.93,48.99,0
1007,6,14,112,20240313,1,359.87,0.0,0
1008,6,40,368,20240315,1,683.3,0.0,0
1009,6,44,432,20240329,1,273.1,0.0,0
1010,6,9,273,20240324,1,408.44,0.0,0
1011,6,24,410,20240304,1,624.95,69.44,0
1012,6,39,130,20240317,1,511.89,127.97,0
1013,6,9,351,20240305,1,408.44,0.0,0
1014,6,49,440,20240314,1,60.13,0.0,0
1015,6,27,254,20240308,1,283.21,31.47,0
1016,6,44,515,20240322,1,245.79,27.31,0
1017,6,3,197,20240320,1,448.78,0.0,1
1018,6,1,418,20240330,1,246.75,0.0,1
1019,6,12,438,20240317,1,453.25,0.0,0
1020,6,2,429,20240321,1,308.2,0.0,0
1021,6,9,330,20240308,1,408.44,0.0,0
1022,6,13,504,20240307,2,882.28,0.0,0
1023,6,10,134,20240312,1,245.64,0.0,0
1024,6,14,244,20240311,1,341.88,17.99,0
1025,6,15,124,20240321,1,364.61,0.0,0
1026,6,28,560,20240302,1,297.04,0.0,0
1027,6,16,45,20240320,3,1116.63,0.0,0
1028,6,5,574,20240305,2,482.49,53.61,0
1029,6,56,495,20240312,1,64.73,0.0,0
1030,6,25,297,20240314,1,448.08,0.0,0
1031,6,49,408,20240302,1,54.12,6.01,0
1032,6,34,400,20240316,1,310.0,34.45,0
1033,6,28,10,20240313,1,297.04,0.0,0
1034,6,56,226,20240329,1,58.26,6.47,0
1035,6,34,41,20240310,1,344.45,0.0,0
1036,6,5,255,20240321,2,536.1,0.0,0
1037,6,10,378,20240327,1,245.64,0.0,0
1038,6,5,333,20240311,1,268.05,0.0,0
1039,6,25,181,20240302,1,448.08,0.0,0
1040,6,50,264,20240309,1,158.53,17.61,0
1041,6,28,596,20240328,1,297.04,0.0,0
1042,6,47,378,20240321,1,121.37,0.0,0
1043,6,50,181,20240305,1,167.33,8.81,0
1044,7,5,404,20240324,1,268.05,0.0,0
1045,7,26,413,20240322,1,491.98,0.0,0
1046,7,35,387,20240304,1,319.11,56.31,0
1047,7,1,255,20240313,1,222.07,24.68,1
1048,7,3,10,20240325,2,852.68,44.88,0
1049,7,46,577,20240331,1,218.79,0.0,0
1050,7,19,557,20240329,1,404.95,21.31,0
1051,7,10,106,20240323,1,245.64,0.0,0
1052,7,55,438,20240317,1,84.76,21.19,1
1053,7,5,116,20240313,1,227.84,40.21,0
1054,7,2,79,20240316,1,246.56,61.64,0
1055,7,14,155,20240320,2,575.79,143.95,0
1056,7,22,309,20240306,1,474.32,52.7,0
1057,7,46,378,20240320,2,437.58,0.0,0
1058,7,10,151,20240330,1,208.79,36.85,0
1059,7,8,69,20240311,1,440.93,48.99,0
1060,7,29,395,20240304,1,512.1,0.0,0
1061,7,15,342,20240312,1,255.23,109.38,0
1062,7,44,505,20240305,1,259.44,13.66,0
1063,7,28,592,20240318,1,282.19,14.85,0
1064,7,36,18,20240325,1,597.2,0.0,1
1065,7,27,143,20240312,2,629.36,0.0,0
1066,7,23,142,20240310,1,281.27,49.63,1
1067,7,51,381,20240304,1,65.69,0.0,0
1068,7,34,151,20240302,1,327.23,17.22,0
1069,7,4,154,20240312,1,400.95,21.1,0
1070,7,3,422,20240325,1,403.9,44.88,0
1071,7,9,33,20240324,1,408.44,0.0,0
1072,7,35,466,20240320,1,319.11,56.31,0
1073,7,37,434,20240318,2,1134.19,59.69,0
1074,7,2,217,20240330,1,215.74,92.46,0
1075,7,28,80,20240313,1,252.48,44.56,0
1076,7,40,169,20240327,1,614.97,68.33,0
1077,7,47,344,20240302,1,121.37,0.0,0
1078,7,11,317,20240301,1,226.82,0.0,0
1079,7,25,46,20240307,1,448.08,0.0,0
1080,7,56,9,20240319,1,64.73,0.0,0
1081,7,39,365,20240312,1,639.86,0.0,0
1082,7,34,515,20240305,1,275.56,68.89,0
1083,7,41,39,20240326,1,157.7,0.0,0
1084,7,8,238,20240310,1,465.42,24.5,0
1085,7,11,529,20240329,1,226.82,0.0,0
1086,7,30,442,20240324,1,274.72,0.0,0
1087,7,55,157,20240302,1,74.16,31.79,0
1088,7,32,317,20240319,1,468.04,0.0,0
1089,7,42,303,20240318,1,94.67,4.98,0
1090,7,6,472,20240306,1,412.99,0.0,0
1091,7,53,127,20240309,1,174.37,0.0,0
1092,7,22,133,20240319,1,527.02,0.0,0
1093,7,14,270,20240315,1,323.88,35.99,0
1094,7,41,251,20240329,1,141.93,15.77,0
1095,7,41,584,20240323,1,157.7,0.0,0
1096,7,44,478,20240313,1,259.44,13.66,0
1097,7,40,407,20240315,1,683.3,0.0,0
1098,7,23,498,20240325,1,330.9,0.0,0
1099,8,40,482,20240307,1,649.14,34.16,0
1100,8,38,64,20240305,1,549.18,235.36,0
1101,8,47,24,20240330,2,242.74,0.0,0
1102,8,47,71,20240331,1,109.23,12.14,0
1103,8,21,220,20240309,2,1052.37,55.39,0
1104,8,51,351,20240322,1,65.69,0.0,0
1105,8,43,549,20240331,1,234.7,58.68,0
1106,8,47,11,20240323,1,109.23,12.14,0
1107,8,44,332,20240318,1,245.79,27.31,0
1108,8,54,512,20240322,1,113.34,28.34,0
1109,8,15,129,20240328,1,328.15,36.46,0
1110,8,18,560,20240321,1,623.25,69.25,0
1111,8,7,591,20240325,1,307.34,0.0,0
1112,8,6,128,20240331,1,330.39,82.6,0
1113,8,32,437,20240323,1,468.04,0.0,0
1114,8,54,182,20240317,1,141.68,0.0,0
1115,8,31,448,20240318,1,397.29,70.11,0
1116,8,10,17,20240321,3,626.38,110.54,0
1117,8,50,103,20240320,1,158.53,17.61,0
1118,8,17,466,20240321,1,237.29,41.87,0
1119,8,20,476,20240318,1,264.46,66.11,0
1120,8,55,291,20240314,1,105.95,0.0,0
1121,8,45,248,20240309,1,103.66,25.91,0
1122,8,55,532,20240301,1,105.95,0.0,0
1123,8,38,248,20240327,1,627.63,156.91,0
1124,8,52,592,20240318,1,83.46,0.0,1
1125,8,7,530,20240314,2,614.68,0.0,0
1126,8,18,591,20240306,1,692.5,0.0,0
1127,8,21,96,20240326,1,553.88,0.0,0
1128,8,1,557,20240303,1,234.41,12.34,1
1129,8,55,367,20240330,1,95.35,10.6,0
1130,8,12,388,20240306,1,430.59,22.66,0
1131,8,9,594,20240325,1,326.75,81.69,0
1132,8,8,269,20240328,2,979.84,0.0,0
1133,8,2,401,20240329,1,308.2,0.0,0
1134,8,17,216,20240304,1,265.2,13.96,0
1135,8,22,306,20240322,1,500.67,26.35,0
1136,8,49,560,20240301,1,60.13,0.0,0
1137,8,5,24,20240301,2,536.1,0.0,1
1138,8,27,31,20240317,1,314.68,0.0,0
1139,8,2,494,20240311,1,246.56,61.64,0
1140,8,54,508,20240307,1,127.51,14.17,0
1141,8,31,288,20240314,2,934.8,0.0,0
1142,8,21,444,20240331,1,553.88,0.0,0
1143,1,14,581,20240424,1,341.88,17.99,0
1144,1,10,260,20240412,1,208.79,36.85,0
1145,1,22,440,20240419,1,527.02,0.0,0
1146,1,4,322,20240426,1,379.84,42.21,0
1147,1,1,330,20240404,1,246.75,0.0,0
1148,1,10,106,20240429,1,233.36,12.28,0
1149,1,10,446,20240418,1,221.08,24.56,0
1150,1,44,282,20240411,1,232.13,40.97,0
1151,1,8,591,20240414,1,489.92,0.0,0
1152,1,9,413,20240401,2,816.88,0.0,0
1153,1,49,426,20240402,1,60.13,0.0,0
1154,1,14,321,20240424,1,359.87,0.0,0
1155,1,31,125,20240416,1,327.18,140.22,0
1156,1,10,108,20240427,1,245.64,0.0,1
1157,1,47,378,20240411,1,121.37,0.0,0
1158,1,49,45,20240427,2,102.22,18.04,0
1159,1,5,389,20240404,1,268.05,0.0,0
1160,1,35,152,20240409,1,375.42,0.0,0
1161,1,31,247,20240425,1,420.66,46.74,0
1162,1,24,232,20240419,2,1388.78,0.0,0
1163,1,13,249,20240403,1,441.14,0.0,0
1164,1,36,218,20240422,1,597.2,0.0,0
1165,1,40,214,20240401,1,683.3,0.0,0
1166,1,30,158,20240427,1,274.72,0.0,0
1167,1,27,526,20240428,1,314.68,0.0,0
1168,1,44,592,20240407,1,273.1,0.0,0
1169,1,8,472,20240421,2,881.86,97.98,0
1170,1,16,564,20240406,1,353.6,18.61,0
1171,1,12,55,20240403,1,430.59,22.66,0
1172,1,10,199,20240415,1,245.64,0.0,0
1173,1,3,444,20240410,1,426.34,22.44,0
1174,1,36,37,20240404,2,1194.4,0.0,1
1175,1,10,415,20240419,1,245.64,0.0,0
1176,1,20,211,20240413,1,280.98,49.59,0
1177,1,46,4,20240406,1,196.91,21.88,0
1178,1,8,175,20240404,1,416.43,73.49,0
1179,1,35,14,20240411,1,300.34,75.08,0
1180,1,22,175,20240422,1,368.91,158.11,0
1181,1,41,501,20240422,1,126.16,31.54,0
1182,1,10,298,20240428,1,245.64,0.0,0
1183,1,11,344,20240427,1,204.14,22.68,0
1184,1,22,374,20240415,3,1581.06,0.0,0
1185,1,6,496,20240415,1,412.99,0.0,0
1186,1,9,146,20240404,1,408.44,0.0,0
1187,1,28,212,20240412,1,267.34,29.7,0
1188,1,7,558,20240424,1,245.87,61.47,0
1189,1,51,401,20240429,1,59.12,6.57,0
1190,1,21,352,20240419,1,553.88,0.0,0
1191,1,31,356,20240427,1,444.03,23.37,0
1192,1,1,154,20240410,1,222.07,24.68,0
1193,1,51,16,20240417,1,65.69,0.0,0
1194,1,5,6,20240415,1,268.05,0.0,0
1195,1,9,515,20240414,1,408.44,0.0,0
1196,1,51,202,20240422,2,118.24,13.14,0
1197,1,26,255,20240414,1,491.98,0.0,0
1198,1,39,268,20240426,1,511.89,127.97,0
1199,1,13,593,20240430,1,441.14,0.0,0
1200,1,36,313,20240405,1,597.2,0.0,0
1201,1,16,448,20240403,1,372.21,0.0,0
1202,1,8,367,20240404,1,465.42,24.5,0
1203,1,16,573,20240415,1,372.21,0.0,1
1204,1,55,249,20240401,1,105.95,0.0,0
1205,1,27,55,20240419,1,251.74,62.94,0
1206,1,43,531,20240425,1,293.38,0.0,0
1207,1,42,342,20240415,1,84.7,14.95,0
1208,1,5,125,20240420,1,241.24,26.81,0
1209,1,25,508,20240424,1,425.68,22.4,0
1210,1,11,7,20240405,1,226.82,0.0,0
1211,1,20,124,20240426,1,330.57,0.0,0
1212,1,4,401,20240417,1,422.05,0.0,0
1213,1,53,560,20240402,1,122.06,52.31,0
1214,1,48,23,20240409,1,139.55,7.34,0
1215,1,4,488,20240406,1,379.84,42.21,0
1216,1,10,401,20240416,2,466.72,24.56,0
1217,1,34,291,20240413,1,292.78,51.67,0
1218,1,7,456,20240415,1,307.34,0.0,0
1219,1,54,284,20240402,2,269.19,14.17,0
1220,1,54,538,20240401,1,120.43,21.25,0
1221,1,27,348,20240413,1,314.68,0.0,0
1222,1,35,404,20240415,1,337.88,37.54,0
1223,1,56,590,20240403,1,61.49,3.24,0
1224,1,53,357,20240423,1,174.37,0.0,0
1225,1,31,238,20240419,1,467.4,0.0,0
1226,1,40,243,20240404,2,1298.27,68.33,0
1227,2,51,66,20240404,1,65.69,0.0,0
1228,2,26,384,20240402,1,442.78,49.2,0
1229,2,25,387,20240420,2,896.16,0.0,0
1230,2,52,231,20240405,1,79.29,4.17,0
1231,2,39,597,20240407,1,543.88,95.98,0
1232,2,26,369,20240401,1,418.18,73.8,0
1233,2,18,541,20240425,1,623.25,69.25,0
1234,2,4,573,20240416,1,400.95,21.1,0
1235,2,2,583,20240428,1,292.79,15.41,0
1236,2,5,554,20240403,1,254.65,13.4,1
1237,2,5,70,20240411,2,536.1,0.0,0
1238,2,45,513,20240428,1,123.09,6.48,0
1239,2,17,270,20240410,1,223.33,55.83,0
1240,2,6,61,20240421,1,412.99,0.0,0
1241,2,14,242,20240405,2,647.77,71.97,0
1242,2,1,83,20240416,1,246.75,0.0,0
1243,2,27,520,20240429,1,314.68,0.0,1
1244,2,39,234,20240408,1,575.87,63.99,0
1245,2,49,389,20240401,1,51.11,9.02,0
1246,2,33,129,20240422,1,480.0,0.0,0
1247,2,35,377,20240414,1,375.42,0.0,0
1248,2,7,11,20240412,2,614.68,0.0,0
1249,2,17,59,20240408,3,837.48,0.0,0
1250,2,8,251,20240403,1,489.92,0.0,0
1251,2,7,257,20240410,1,307.34,0.0,0
1252,2,14,310,20240418,2,611.78,107.96,0
1253,2,45,327,20240412,2,259.14,0.0,0
1254,2,26,498,20240423,1,393.58,98.4,0
1255,2,3,567,20240409,1,426.34,22.44,0
1256,2,3,465,20240407,1,448.78,0.0,0
1257,2,1,87,20240404,1,234.41,12.34,0
1258,2,15,46,20240402,1,309.92,54.69,0
1259,2,11,33,20240408,1,215.48,11.34,0
1260,2,41,269,20240418,2,283.86,31.54,0
1261,2,44,445,20240426,1,273.1,0.0,0
1262,2,17,295,20240428,1,265.2,13.96,0
1263,2,56,267,20240428,1,58.26,6.47,0
1264,2,56,16,20240406,1,51.78,12.95,0
1265,2,45,346,20240409,1,129.57,0.0,0
1266,2,21,13,20240419,1,498.49,55.39,0
1267,2,14,18,20240404,1,305.89,53.98,0
1268,2,1,224,20240415,2,468.82,24.68,0
1269,2,2,66,20240414,1,292.79,15.41,0
1270,2,5,179,20240415,1,254.65,13.4,0
1271,2,41,519,20240405,1,141.93,15.77,0
1272,2,22,266,20240428,1,474.32,52.7,1
1273,2,6,112,20240409,1,412.99,0.0,0
1274,2,26,381,20240403,1,491.98,0.0,0
1275,2,47,26,20240427,1,121.37,0.0,0
1276,2,30,482,20240411,1,274.72,0.0,0
1277,2,27,27,20240410,1,314.68,0.0,0
1278,2,30,596,20240404,1,247.25,27.47,0
1279,2,12,154,20240423,1,430.59,22.66,0
1280,2,42,579,20240413,2,159.44,39.86,0
1281,2,55,53,20240417,1,105.95,0.0,0
1282,2,24,250,20240420,1,694.39,0.0,0
1283,2,14,247,20240411,1,359.87,0.0,0
1284,2,39,371,20240415,1,639.86,0.0,0
1285,2,20,129,20240421,1,330.57,0.0,0
1286,3,19,121,20240430,1,362.32,63.94,0
1287,3,19,185,20240403,1,383.63,42.63,0
1288,3,19,482,20240429,1,426.26,0.0,0
1289,3,1,75,20240424,1,246.75,0.0,0
1290,3,31,571,20240405,2,934.8,0.0,0
1291,3,34,111,20240408,1,292.78,51.67,0
1292,3,6,447,20240424,2,660.78,165.2,0
1293,3,43,522,20240410,1,264.04,29.34,0
1294,3,1,389,20240403,1,246.75,0.0,0
1295,3,21,350,20240411,2,1107.76,0.0,0
1296,3,31,147,20240402,1,467.4,0.0,0
1297,3,44,322,20240402,1,273.1,0.0,0
1298,3,11,174,20240404,1,226.82,0.0,0
1299,3,53,286,20240410,3,470.8,52.31,0
1300,3,3,553,20240405,1,359.02,89.76,0
1301,3,41,289,20240418,1,134.05,23.65,0
1302,3,24,113,20240419,1,590.23,104.16,0
1303,3,34,141,20240423,1,344.45,0.0,0
1304,3,34,228,20240409,2,585.57,103.33,0
1305,3,3,526,20240424,1,448.78,0.0,0
1306,3,46,534,20240422,2,437.58,0.0,0
1307,3,1,386,20240411,2,468.82,24.68,0
1308,3,52,509,20240428,1,83.46,0.0,0
1309,3,2,4,20240410,2,523.94,92.46,0
1310,3,4,390,20240414,1,422.05,0.0,0
1311,3,30,308,20240421,1,247.25,27.47,0
1312,3,13,366,20240427,1,419.08,22.06,0
1313,3,18,295,20240418,1,554.0,138.5,0
1314,3,54,327,20240414,1,141.68,0.0,0
1315,3,7,501,20240422,1,276.61,30.73,0
1316,3,20,419,20240420,1,330.57,0.0,0
1317,3,30,453,20240402,1,274.72,0.0,0
1318,3,17,47,20240414,1,251.24,27.92,0
1319,3,20,113,20240410,1,330.57,0.0,0
1320,3,27,389,20240420,1,314.68,0.0,0
1321,3,46,51,20240403,2,393.82,43.76,0
1322,3,12,235,20240417,3,1155.79,203.96,0
1323,3,46,14,20240410,1,218.79,0.0,0
1324,3,42,290,20240402,1,84.7,14.95,1
1325,3,4,387,20240410,1,379.84,42.21,0
1326,3,21,426,20240421,2,1107.76,0.0,0
1327,3,3,320,20240401,1,426.34,22.44,0
1328,3,9,591,20240426,1,388.02,20.42,0
1329,3,23,495,20240416,1,264.72,66.18,0
1330,3,52,382,20240410,1,58.42,25.04,0
1331,3,26,238,20240425,1,467.38,24.6,1
1332,3,10,86,20240415,1,245.64,0.0,0
1333,3,28,145,20240404,2,564.38,29.7,0
1334,3,32,61,20240413,1,397.83,70.21,0
1335,3,23,330,20240425,1,330.9,0.0,0
1336,3,31,576,20240423,2,934.8,0.0,0
1337,3,24,495,20240426,1,624.95,69.44,0
1338,3,26,131,20240417,2,983.96,0.0,0
1339,3,2,40,20240425,1,308.2,0.0,0
1340,3,19,561,20240429,1,404.95,21.31,0
1341,3,21,278,20240414,1,387.72,166.16,0
1342,3,14,210,20240417,1,359.87,0.0,0
1343,3,30,339,20240426,1,274.72,0.0,0
1344,3,35,326,20240430,1,337.88,37.54,0
1345,3,8,193,20240414,1,342.94,146.98,0
1346,3,40,161,20240407,1,683.3,0.0,0
1347,3,12,292,20240403,1,453.25,0.0,0
1348,3,55,413,20240427,1,105.95,0.0,0
1349,3,12,287,20240430,1,453.25,0.0,0
1350,4,10,393,20240406,1,233.36,12.28,0
1351,4,29,485,20240411,2,921.78,102.42,0
1352,4,4,151,20240407,3,1266.15,0.0,0
1353,4,1,524,20240405,1,197.4,49.35,1
1354,4,24,574,20240426,1,659.67,34.72,0
1355,4,23,325,20240413,1,330.9,0.0,0
1356,4,4,147,20240417,2,675.28,168.82,0
1357,4,24,572,20240427,1,624.95,69.44,0
1358,4,22,355,20240429,1,447.97,79.05,0
1359,4,20,11,20240424,1,330.57,0.0,0
1360,4,20,378,20240407,1,330.57,0.0,0
1361,4,9,491,20240430,1,408.44,0.0,0
1362,4,5,32,20240413,1,268.05,0.0,0
1363,4,40,485,20240428,3,1844.91,204.99,0
1364,4,42,157,20240424,1,99.65,0.0,0
1365,4,35,455,20240423,1,319.11,56.31,0
1366,4,38,199,20240421,1,745.31,39.23,0
1367,4,25,174,20240421,1,403.27,44.81,0
1368,4,54,63,20240429,1,113.34,28.34,0
1369,4,3,283,20240403,1,448.78,0.0,0
1370,4,7,4,20240420,1,276.61,30.73,0
1371,4,14,89,20240410,1,341.88,17.99,0
1372,4,50,191,20240419,1,176.14,0.0,0
1373,4,25,384,20240411,1,403.27,44.81,0
1374,4,4,196,20240415,1,379.84,42.21,0
1375,4,43,286,20240424,1,293.38,0.0,0
1376,4,31,182,20240405,1,467.4,0.0,0
1377,4,16,358,20240410,1,353.6,18.61,0
1378,4,40,600,20240425,1,614.97,68.33,0
1379,4,4,296,20240413,3,1266.15,0.0,0
1380,4,13,479,20240407,1,397.03,44.11,0
1381,4,2,479,20240409,1,277.38,30.82,0
1382,4,15,108,20240419,1,291.69,72.92,0
1383,4,9,103,20240421,1,388.02,20.42,0
1384,4,53,450,20240406,1,165.65,8.72,0
1385,4,31,383,20240426,1,444.03,23.37,0
1386,4,15,520,20240420,1,255.23,109.38,0
1387,4,21,525,20240404,2,1107.76,0.0,1
1388,4,52,342,20240406,2,158.57,8.35,0
1389,4,50,470,20240426,1,158.53,17.61,0
1390,4,1,315,20240413,1,246.75,0.0,0
1391,4,4,569,20240403,1,379.84,42.21,0
1392,4,41,404,20240428,1,157.7,0.0,0
1393,4,16,99,20240423,1,316.38,55.83,0
1394,4,3,435,20240413,1,448.78,0.0,0
1395,4,18,28,20240420,1,623.25,69.25,0
1396,4,51,2,20240408,1,65.69,0.0,0
1397,4,31,193,20240420,2,841.32,93.48,0
1398,4,15,155,20240402,1,364.61,0.0,0
1399,4,16,168,20240410,1,297.77,74.44,0
1400,4,34,104,20240413,1,344.45,0.0,0
1401,4,41,466,20240421,1,157.7,0.0,0
1402,5,17,462,20240422,1,279.16,0.0,0
1403,5,16,115,20240417,1,316.38,55.83,0
1404,5,7,154,20240426,1,307.34,0.0,0
1405,5,13,466,20240401,1,374.97,66.17,0
1406,5,5,52,20240414,1,227.84,40.21,0
1407,5,30,25,20240429,1,274.72,0.0,0
1408,5,13,37,20240418,1,441.14,0.0,0
1409,5,1,548,20240420,1,246.75,0.0,0
1410,5,3,470,20240404,1,448.78,0.0,0
1411,5,32,104,20240423,1,468.04,0.0,1
1412,5,26,411,20240413,1,442.78,49.2,0
1413,5,5,444,20240401,1,241.24,26.81,0
1414,5,45,250,20240404,3,369.27,19.44,0
1415,5,46,282,20240423,1,218.79,0.0,0
1416,5,35,186,20240424,1,337.88,37.54,0
1417,5,9,133,20240422,1,408.44,0.0,0
1418,5,14,227,20240409,1,359.87,0.0,0
1419,5,32,399,20240403,1,421.24,46.8,0
1420,5,49,156,20240416,1,60.13,0.0,0
1421,5,48,262,20240415,1,132.2,14.69,0
1422,5,2,213,20240413,1,292.79,15.41,0
1423,5,54,479,20240424,1,127.51,14.17,0
1424,5,3,24,20240401,1,426.34,22.44,0
1425,5,56,388,20240425,3,194.19,0.0,0
1426,5,50,585,20240420,1,176.14,0.0,0
1427,5,3,564,20240410,1,314.15,134.63,0
1428,5,12,372,20240414,1,430.59,22.66,0
1429,5,6,414,20240421,1,392.34,20.65,0
1430,5,45,182,20240416,1,129.57,0.0,0
1431,5,14,101,20240413,1,323.88,35.99,0
1432,5,31,230,20240413,2,934.8,0.0,0
1433,5,26,333,20240405,1,442.78,49.2,0
1434,5,16,399,20240420,1,297.77,74.44,1
1435,5,28,246,20240418,1,297.04,0.0,0
1436,5,20,212,20240406,1,330.57,0.0,0
1437,5,20,182,20240419,1,330.57,0.0,0
1438,5,26,164,20240415,1,418.18,73.8,0
1439,5,18,533,20240408,1,692.5,0.0,0
1440,5,42,551,20240416,1,79.72,19.93,0
1441,5,33,408,20240404,1,408.0,72.0,1
1442,5,41,451,20240427,1,141.93,15.77,0
1443,5,42,115,20240414,1,99.65,0.0,0
1444,5,7,495,20240424,1,307.34,0.0,0
1445,5,14,504,20240407,1,359.87,0.0,0
1446,5,13,462,20240425,1,397.03,44.11,0
1447,5,13,296,20240423,1,397.03,44.11,0
1448,5,14,163,20240401,1,323.88,35.99,0
1449,5,32,132,20240419,1,421.24,46.8,0
1450,5,31,598,20240405,1,467.4,0.0,0
1451,5,1,530,20240410,1,222.07,24.68,0
1452,5,19,514,20240413,2,767.27,85.25,0
1453,5,31,538,20240411,2,888.06,46.74,0
1454,5,7,317,20240416,1,245.87,61.47,0
1455,5,13,202,20240407,1,397.03,44.11,0
1456,5,25,537,20240412,1,380.87,67.21,0
1457,5,12,338,20240429,1,453.25,0.0,0
1458,5,2,254,20240417,2,616.4,0.0,0
1459,5,11,468,20240408,1,204.14,22.68,0
1460,5,5,66,20240406,1,268.05,0.0,0
1461,5,53,596,20240429,1,174.37,0.0,0
1462,5,17,120,20240416,1,251.24,27.92,0
1463,5,4,308,20240415,1,400.95,21.1,0
1464,5,7,200,20240419,2,614.68,0.0,0
1465,5,48,278,20240419,3,440.67,0.0,0
1466,5,30,307,20240416,1,260.98,13.74,0
1467,6,44,451,20240409,1,245.79,27.31,0
1468,6,51,482,20240404,1,65.69,0.0,0
1469,6,2,454,20240416,1,277.38,30.82,0
1470,6,35,315,20240411,1,375.42,0.0,0
1471,6,16,585,20240417,1,372.21,0.0,0
1472,6,3,162,20240422,1,448.78,0.0,0
1473,6,38,427,20240420,2,1098.36,470.72,0
1474,6,36,311,20240425,2,1134.68,59.72,0
1475,6,6,316,20240412,1,351.04,61.95,0
1476,6,31,419,20240414,1,373.92,93.48,1
1477,6,35,208,20240412,2,675.76,75.08,1
1478,6,37,392,20240407,1,596.94,0.0,0
1479,6,28,281,20240411,1,282.19,14.85,0
1480,6,3,482,20240404,1,426.34,22.44,0
1481,6,47,287,20240402,1,97.1,24.27,0
1482,6,25,379,20240420,1,403.27,44.81,0
1483,6,50,424,20240415,1,149.72,26.42,0
1484,6,3,449,20240427,1,426.34,22.44,0
1485,6,13,144,20240408,1,374.97,66.17,0
1486,6,46,220,20240425,2,437.58,0.0,0
1487,6,12,266,20240406,1,453.25,0.0,0
1488,6,25,499,20240409,1,403.27,44.81,0
1489,6,1,448,20240426,2,468.82,24.68,1
1490,6,54,69,20240402,1,134.6,7.08,0
1491,6,2,526,20240424,2,554.76,61.64,0
1492,6,48,442,20240428,1,102.82,44.07,0
1493,6,16,339,20240427,2,521.09,223.33,0
1494,6,6,443,20240403,1,371.69,41.3,0
1495,6,5,231,20240429,1,227.84,40.21,1
1496,6,21,546,20240411,1,526.19,27.69,0
1497,6,36,591,20240415,1,567.34,29.86,0
1498,6,3,41,20240405,1,448.78,0.0,1
1499,6,6,236,20240425,2,825.98,0.0,0
1500,6,13,223,20240422,1,308.8,132.34,0
1501,6,11,385,20240425,2,362.91,90.73,0
1502,6,20,211,20240401,1,330.57,0.0,0
1503,6,18,529,20240425,1,692.5,0.0,0
1504,6,4,325,20240404,1,400.95,21.1,0
1505,6,2,115,20240414,1,308.2,0.0,0
1506,6,7,364,20240415,1,307.34,0.0,0
1507,6,50,87,20240412,1,149.72,26.42,0
1508,6,39,332,20240421,2,1279.72,0.0,0
1509,6,4,144,20240402,1,422.05,0.0,0
1510,6,17,301,20240423,1,237.29,41.87,0
1511,6,27,156,20240412,1,314.68,0.0,0
1512,6,43,31,20240424,1,234.7,58.68,0
1513,6,15,329,20240416,1,291.69,72.92,0
1514,6,46,148,20240401,1,207.85,10.94,0
1515,6,23,103,20240430,1,297.81,33.09,0
1516,6,12,488,20240401,1,317.28,135.97,0
1517,6,56,319,20240415,1,61.49,3.24,0
1518,6,21,99,20240416,1,498.49,55.39,0
1519,6,20,147,20240416,1,314.04,16.53,0
1520,6,34,256,20240408,1,344.45,0.0,0
1521,6,13,533,20240408,1,308.8,132.34,0
1522,6,29,149,20240417,1,512.1,0.0,0
1523,6,33,203,20240419,1,408.0,72.0,0
1524,6,1,12,20240406,1,246.75,0.0,0
1525,6,22,416,20240419,1,447.97,79.05,0
1526,6,56,287,20240415,1,61.49,3.24,0
1527,6,46,500,20240421,1,175.03,43.76,0
1528,6,26,65,20240425,1,491.98,0.0,0
1529,6,9,469,20240426,2,816.88,0.0,0
1530,7,14,85,20240423,1,359.87,0.0,0
1531,7,51,200,20240428,1,52.55,13.14,0
1532,7,44,539,20240405,1,273.1,0.0,0
1533,7,41,544,20240420,1,157.7,0.0,0
1534,7,10,232,20240406,1,221.08,24.56,0
1535,7,51,208,20240427,1,52.55,13.14,0
1536,7,7,488,20240409,1,245.87,61.47,0
1537,7,13,320,20240415,1,441.14,0.0,0
1538,7,50,165,20240407,1,176.14,0.0,0
1539,7,52,199,20240425,1,83.46,0.0,0
1540,7,42,412,20240408,1,79.72,19.93,0
1541,7,35,336,20240404,1,375.42,0.0,0
1542,7,37,238,20240401,1,537.25,59.69,0
1543,7,18,350,20240422,1,657.88,34.62,0
1544,7,9,478,20240429,1,326.75,81.69,0
1545,7,32,372,20240414,1,468.04,0.0,0
1546,7,48,108,20240408,1,117.51,29.38,0
1547,7,45,258,20240428,2,233.23,25.91,0
1548,7,2,227,20240412,1,292.79,15.41,0
1549,7,21,575,20240419,1,498.49,55.39,0
1550,7,47,44,20240420,1,103.16,18.21,0
1551,7,2,370,20240420,1,308.2,0.0,0
1552,7,39,451,20240419,1,575.87,63.99,1
1553,7,17,443,20240428,2,474.57,83.75,0
1554,7,52,102,20240422,1,83.46,0.0,0
1555,7,49,353,20240410,1,51.11,9.02,0
1556,7,52,270,20240412,1,75.11,8.35,0
1557,7,44,411,20240425,1,232.13,40.97,0
1558,7,11,552,20240425,1,192.8,34.02,0
1559,7,44,93,20240424,1,273.1,0.0,0
1560,7,24,498,20240421,1,624.95,69.44,0
1561,7,16,331,20240412,2,669.98,74.44,0
1562,7,5,574,20240401,2,482.49,53.61,0
1563,7,2,415,20240418,1,308.2,0.0,0
1564,7,14,107,20240428,1,359.87,0.0,0
1565,7,53,231,20240428,1,122.06,52.31,0
1566,7,44,507,20240415,1,245.79,27.31,0
1567,7,44,222,20240408,1,273.1,0.0,0
1568,7,4,450,20240405,2,717.49,126.61,0
1569,7,28,590,20240414,1,252.48,44.56,0
1570,7,55,270,20240429,1,95.35,10.6,0
1571,7,12,138,20240414,1,453.25,0.0,0
1572,7,44,520,20240411,1,259.44,13.66,0
1573,7,22,357,20240423,1,447.97,79.05,0
1574,7,36,449,20240423,1,567.34,29.86,1
1575,7,26,573,20240416,2,983.96,0.0,0
1576,7,6,363,20240421,1,371.69,41.3,0
1577,7,53,503,20240403,1,139.5,34.87,0
1578,7,35,552,20240414,3,1126.26,0.0,0
1579,7,38,417,20240423,1,666.86,117.68,0
1580,7,46,367,20240405,2,306.31,131.27,1
1581,7,2,200,20240419,1,292.79,15.41,0
1582,7,51,123,20240408,1,65.69,0.0,0
1583,7,7,418,20240411,1,245.87,61.47,0
1584,7,35,182,20240413,1,375.42,0.0,0
1585,7,21,233,20240423,1,553.88,0.0,0
1586,7,50,21,20240412,1,158.53,17.61,0
1587,7,25,542,20240429,1,448.08,0.0,1
1588,7,7,384,20240401,1,261.24,46.1,0
1589,8,3,224,20240428,1,426.34,22.44,0
1590,8,3,182,20240412,1,426.34,22.44,0
1591,8,8,124,20240417,1,489.92,0.0,0
1592,8,53,172,20240426,1,156.93,17.44,0
1593,8,4,466,20240429,1,295.44,126.61,0
1594,8,39,68,20240430,1,511.89,127.97,0
1595,8,11,414,20240411,1,192.8,34.02,0
1596,8,16,102,20240402,1,297.77,74.44,0
1597,8,30,535,20240428,2,521.97,27.47,0
1598,8,44,300,20240413,1,273.1,0.0,0
1599,8,23,330,20240421,1,314.36,16.54,0
1600,8,23,57,20240418,1,231.63,99.27,0
1601,8,44,585,20240417,2,546.2,0.0,0
1602,8,6,311,20240418,1,392.34,20.65,1
1603,8,1,521,20240413,1,222.07,24.68,0
1604,8,46,469,20240417,1,218.79,0.0,0
1605,8,54,16,20240406,1,141.68,0.0,0
1606,8,52,247,20240402,2,166.92,0.0,0
1607,8,46,381,20240422,3,459.46,196.91,0
1608,8,41,265,20240430,1,149.82,7.88,0
1609,8,53,280,20240429,1,148.21,26.16,0
1610,8,39,195,20240414,1,639.86,0.0,0
1611,8,45,460,20240427,1,123.09,6.48,0
1612,8,36,501,20240405,1,597.2,0.0,0
1613,8,6,408,20240403,1,371.69,41.3,0
1614,8,29,405,20240410,1,512.1,0.0,0
1615,8,52,131,20240427,2,158.57,8.35,0
1616,8,56,398,20240417,1,64.73,0.0,1
1617,8,2,147,20240406,1,292.79,15.41,0
1618,8,25,216,20240415,1,425.68,22.4,0
1619,8,9,180,20240424,2,816.88,0.0,0
1620,8,17,66,20240412,1,279.16,0.0,0
1621,8,4,452,20240408,1,379.84,42.21,1
1622,8,45,59,20240403,1,129.57,0.0,0
1623,8,39,330,20240404,1,639.86,0.0,0
1624,8,2,60,20240412,1,308.2,0.0,1
1625,8,18,559,20240427,1,623.25,69.25,1
1626,8,8,397,20240403,2,881.86,97.98,0
1627,8,52,466,20240415,1,79.29,4.17,0
1628,1,30,398,20240515,1,274.72,0.0,0
1629,1,46,44,20240509,1,218.79,0.0,0
1630,1,20,214,20240515,3,991.71,0.0,0
1631,1,23,475,20240531,1,314.36,16.54,0
1632,1,15,196,20240512,1,346.38,18.23,0
1633,1,6,419,20240519,2,784.68,41.3,0
1634,1,36,464,20240512,1,567.34,29.86,0
1635,1,55,161,20240510,1,105.95,0.0,0
1636,1,23,396,20240522,1,330.9,0.0,0
1637,1,37,412,20240519,3,1611.74,179.08,0
1638,1,44,134,20240519,1,273.1,0.0,0
1639,1,54,37,20240525,1,127.51,14.17,0
1640,1,2,55,20240522,1,308.2,0.0,0
1641,1,46,219,20240511,2,437.58,0.0,0
1642,1,46,458,20240510,1,218.79,0.0,0
1643,1,11,156,20240516,1,226.82,0.0,0
1644,1,23,288,20240506,1,314.36,16.54,0
1645,1,44,456,20240523,2,491.58,54.62,0
1646,1,43,21,20240504,2,557.42,29.34,0
1647,1,38,21,20240519,2,1490.63,78.45,0
1648,1,54,71,20240516,2,198.35,85.01,0
1649,1,5,202,20240506,1,214.44,53.61,0
1650,1,29,507,20240531,1,409.68,102.42,0
1651,1,31,526,20240501,3,1402.2,0.0,0
1652,1,49,245,20240509,1,48.1,12.03,1
1653,1,16,470,20240523,3,1116.63,0.0,0
1654,1,1,588,20240522,1,172.73,74.02,0
1655,1,12,277,20240501,2,906.5,0.0,1
1656,1,14,417,20240523,1,305.89,53.98,0
1657,1,14,274,20240523,1,341.88,17.99,0
1658,1,50,117,20240503,1,140.91,35.23,0
1659,1,42,586,20240501,1,99.65,0.0,0
1660,1,10,350,20240526,2,491.28,0.0,1
1661,1,50,472,20240528,1,167.33,8.81,0
1662,1,42,84,20240521,1,99.65,0.0,0
1663,1,2,52,20240506,1,261.97,46.23,0
1664,1,6,508,20240523,1,412.99,0.0,0
1665,1,40,63,20240520,1,614.97,68.33,0
1666,1,1,556,20240515,1,172.73,74.02,0
1667,1,50,330,20240519,1,176.14,0.0,0
1668,1,51,423,20240525,1,55.84,9.85,0
1669,1,36,544,20240517,1,507.62,89.58,0
1670,1,37,506,20240501,1,596.94,0.0,1
1671,1,49,457,20240512,1,51.11,9.02,0
1672,1,50,68,20240501,1,158.53,17.61,0
1673,1,14,512,20240519,1,323.88,35.99,0
1674,1,46,175,20240510,1,196.91,21.88,0
1675,1,39,413,20240502,1,607.87,31.99,0
1676,1,48,430,20240515,1,146.89,0.0,0
1677,1,3,153,20240531,1,448.78,0.0,0
1678,1,15,189,20240513,1,328.15,36.46,0
1679,1,7,510,20240507,1,307.34,0.0,0
1680,1,5,444,20240513,1,254.65,13.4,0
1681,1,51,109,20240514,1,59.12,6.57,0
1682,2,56,507,20240503,1,64.73,0.0,0
1683,2,16,319,20240526,1,372.21,0.0,0
1684,2,26,383,20240522,1,467.38,24.6,0
1685,2,35,458,20240526,1,262.79,112.63,1
1686,2,20,321,20240512,2,595.03,66.11,0
1687,2,56,340,20240521,1,61.49,3.24,0
1688,2,3,235,20240523,2,807.8,89.76,0
1689,2,28,20,20240523,1,297.04,0.0,0
1690,2,26,542,20240511,1,491.98,0.0,0
1691,2,21,283,20240516,1,553.88,0.0,0
1692,2,1,365,20240523,1,246.75,0.0,1
1693,2,27,322,20240527,1,251.74,62.94,0
1694,2,52,124,20240520,1,75.11,8.35,0
1695,2,36,386,20240510,1,567.34,29.86,0
1696,2,33,30,20240514,1,480.0,0.0,0
1697,2,39,152,20240521,1,607.87,31.99,0
1698,2,27,281,20240515,1,283.21,31.47,0
1699,2,16,18,20240515,1,353.6,18.61,0
1700,2,6,385,20240504,1,412.99,0.0,0
1701,2,7,36,20240518,1,307.34,0.0,0
1702,2,9,136,20240521,2,816.88,0.0,0
1703,2,2,241,20240516,1,308.2,0.0,0
1704,2,46,505,20240503,1,218.79,0.0,0
1705,2,31,92,20240513,1,467.4,0.0,0
1706,2,11,246,20240527,1,181.46,45.36,0
1707,2,33,44,20240502,1,408.0,72.0,0
1708,2,12,328,20240502,2,725.2,181.3,0
1709,2,23,425,20240511,1,297.81,33.09,0
1710,2,4,8,20240518,1,422.05,0.0,0
1711,2,38,156,20240512,1,666.86,117.68,0
1712,2,5,207,20240518,1,268.05,0.0,0
1713,2,30,293,20240525,1,219.78,54.94,0
1714,2,7,110,20240515,1,307.34,0.0,0
1715,2,52,220,20240524,1,79.29,4.17,0
1716,2,29,581,20240529,1,512.1,0.0,0
1717,2,53,186,20240529,1,174.37,0.0,1
1718,2,16,401,20240528,2,744.42,0.0,0
1719,2,48,255,20240520,1,139.55,7.34,0
1720,2,25,281,20240503,1,425.68,22.4,0
1721,2,8,55,20240530,1,465.42,24.5,0
1722,2,12,287,20240512,2,815.85,90.65,0
1723,2,37,270,20240514,1,477.55,119.39,0
1724,2,52,32,20240515,1,75.11,8.35,0
1725,2,56,467,20240529,1,64.73,0.0,0
1726,2,53,157,20240528,1,156.93,17.44,0
1727,2,7,423,20240507,1,291.97,15.37,0
1728,2,49,289,20240506,1,48.1,12.03,0
1729,2,21,241,20240524,1,553.88,0.0,0
1730,2,17,446,20240523,3,837.48,0.0,0
1731,2,56,294,20240518,1,58.26,6.47,0
1732,2,6,381,20240512,1,392.34,20.65,0
1733,2,27,595,20240524,1,283.21,31.47,0
1734,2,14,507,20240513,1,359.87,0.0,0
1735,2,30,141,20240522,2,549.44,0.0,0
1736,2,56,44,20240511,1,61.49,3.24,0
1737,2,27,164,20240511,1,298.95,15.73,0
1738,2,43,406,20240528,2,498.75,88.01,0
1739,2,42,590,20240503,3,284.0,14.95,0
1740,2,11,501,20240501,1,204.14,22.68,0
1741,2,14,403,20240504,1,359.87,0.0,0
1742,2,31,465,20240508,1,327.18,140.22,0
1743,2,44,111,20240505,1,218.48,54.62,0
1744,2,2,311,20240516,1,308.2,0.0,0
1745,2,10,303,20240527,2,491.28,0.0,1
1746,2,10,367,20240504,1,233.36,12.28,0
1747,2,21,490,20240522,1,553.88,0.0,0
1748,2,25,360,20240521,1,313.66,134.42,0
1749,2,16,101,20240501,2,744.42,0.0,0
1750,2,38,390,20240514,2,1412.17,156.91,0
1751,2,50,97,20240502,1,167.33,8.81,0
1752,2,22,318,20240515,1,368.91,158.11,1
1753,2,48,132,20240518,1,146.89,0.0,1
1754,3,56,579,20240501,1,64.73,0.0,0
1755,3,41,179,20240513,1,157.7,0.0,0
1756,3,19,159,20240529,1,404.95,21.31,0
1757,3,44,181,20240531,1,273.1,0.0,0
1758,3,21,506,20240525,1,553.88,0.0,0
1759,3,34,577,20240508,1,344.45,0.0,0
1760,3,22,378,20240501,1,527.02,0.0,0
1761,3,31,433,20240521,1,467.4,0.0,0
1762,3,5,520,20240503,2,482.49,53.61,0
1763,3,11,202,20240530,1,226.82,0.0,0
1764,3,38,190,20240515,1,745.31,39.23,0
1765,3,17,401,20240519,1,279.16,0.0,0
1766,3,9,10,20240501,1,367.6,40.84,0
1767,3,43,219,20240510,1,293.38,0.0,0
1768,3,40,555,20240507,1,683.3,0.0,0
1769,3,43,70,20240528,1,249.37,44.01,0
1770,3,26,371,20240516,1,491.98,0.0,0
1771,3,13,329,20240531,1,397.03,44.11,1
1772,3,20,231,20240525,1,264.46,66.11,0
1773,3,56,162,20240524,1,55.02,9.71,0
1774,3,29,428,20240508,1,512.1,0.0,0
1775,3,27,288,20240503,1,314.68,0.0,0
1776,3,38,316,20240515,1,745.31,39.23,0
1777,3,56,574,20240528,1,55.02,9.71,0
1778,3,35,351,20240530,1,375.42,0.0,0
1779,3,26,296,20240518,1,491.98,0.0,0
1780,3,30,196,20240520,2,549.44,0.0,0
1781,3,52,271,20240512,1,79.29,4.17,0
1782,3,20,303,20240520,1,264.46,66.11,0
1783,3,38,474,20240507,1,745.31,39.23,0
1784,3,26,211,20240519,1,418.18,73.8,0
1785,3,46,252,20240520,1,196.91,21.88,0
1786,3,21,261,20240513,2,1052.37,55.39,0
1787,3,2,4,20240520,2,523.94,92.46,0
1788,3,5,598,20240503,2,509.29,26.81,0
1789,3,15,502,20240527,1,364.61,0.0,0
1790,3,7,371,20240520,1,307.34,0.0,0
1791,3,41,549,20240525,1,157.7,0.0,0
1792,3,2,581,20240509,2,554.76,61.64,0
1793,3,6,247,20240502,2,743.38,82.6,0
1794,3,13,24,20240508,2,882.28,0.0,0
1795,3,28,555,20240518,1,237.63,59.41,0
1796,3,3,277,20240520,1,403.9,44.88,0
1797,3,18,170,20240526,1,692.5,0.0,0
1798,3,4,446,20240529,1,422.05,0.0,0
1799,3,47,419,20240519,1,121.37,0.0,0
1800,3,19,390,20240523,1,426.26,0.0,0
1801,3,29,537,20240501,1,460.89,51.21,0
1802,3,16,211,20240511,1,372.21,0.0,0
1803,3,2,414,20240512,1,277.38,30.82,0
1804,4,14,237,20240507,1,359.87,0.0,0
1805,4,32,67,20240513,2,842.47,93.61,0
1806,4,33,503,20240515,1,480.0,0.0,0
1807,4,39,376,20240514,1,639.86,0.0,0
1808,4,56,530,20240530,1,64.73,0.0,0
1809,4,28,235,20240520,1,207.93,89.11,0
1810,4,35,82,20240503,1,337.88,37.54,1
1811,4,56,191,20240517,1,64.73,0.0,0
1812,4,19,54,20240508,1,426.26,0.0,0
1813,4,35,172,20240519,1,356.65,18.77,0
1814,4,4,276,20240508,1,422.05,0.0,0
1815,4,42,184,20240527,1,94.67,4.98,0
1816,4,27,279,20240505,1,314.68,0.0,0
1817,4,41,136,20240517,1,157.7,0.0,0
1818,4,46,180,20240508,1,218.79,0.0,0
1819,4,4,387,20240523,1,400.95,21.1,1
1820,4,8,564,20240505,1,465.42,24.5,0
1821,4,40,592,20240518,2,1093.28,273.32,0
1822,4,47,516,20240523,1,115.3,6.07,0
1823,4,25,306,20240528,1,425.68,22.4,0
1824,4,31,499,20240504,1,467.4,0.0,1
1825,4,36,144,20240507,1,537.48,59.72,0
1826,4,47,450,20240521,1,121.37,0.0,0
1827,4,24,134,20240509,1,694.39,0.0,0
1828,4,52,303,20240514,2,133.54,33.38,0
1829,4,8,80,20240512,2,832.86,146.98,0
1830,4,16,70,20240520,1,260.55,111.66,0
1831,4,13,150,20240512,2,882.28,0.0,0
1832,4,37,381,20240524,1,567.09,29.85,0
1833,4,22,292,20240501,1,500.67,26.35,0
1834,4,2,527,20240512,2,554.76,61.64,0
1835,4,34,339,20240502,3,1033.35,0.0,0
1836,4,37,394,20240522,1,537.25,59.69,0
1837,4,17,429,20240509,1,279.16,0.0,0
1838,4,3,216,20240519,1,426.34,22.44,0
1839,4,51,68,20240501,1,65.69,0.0,0
1840,4,19,471,20240508,2,809.89,42.63,1
1841,4,54,572,20240526,1,113.34,28.34,0
1842,4,54,533,20240518,1,141.68,0.0,0
1843,4,12,337,20240522,1,453.25,0.0,0
1844,4,32,308,20240531,2,655.26,280.82,1
1845,4,42,225,20240526,1,94.67,4.98,0
1846,4,56,518,20240529,2,103.57,25.89,0
1847,4,23,167,20240512,1,330.9,0.0,0
1848,4,18,416,20240520,1,554.0,138.5,1
1849,4,23,122,20240527,1,330.9,0.0,0
1850,4,16,441,20240510,2,744.42,0.0,0
1851,4,12,335,20240528,1,453.25,0.0,0
1852,4,18,154,20240519,1,692.5,0.0,0
1853,4,18,156,20240518,2,1177.25,207.75,0
1854,5,5,366,20240506,3,804.15,0.0,0
1855,5,25,597,20240522,1,448.08,0.0,0
1856,5,49,401,20240503,1,60.13,0.0,0
1857,5,50,74,20240527,1,176.14,0.0,0
1858,5,27,528,20240527,1,298.95,15.73,0
1859,5,28,167,20240504,1,297.04,0.0,0
1860,5,24,411,20240523,1,659.67,34.72,0
1861,5,44,216,20240514,1,232.13,40.97,0
1862,5,19,152,20240508,1,426.26,0.0,0
1863,5,51,328,20240504,1,65.69,0.0,0
1864,5,16,566,20240519,1,372.21,0.0,0
1865,5,28,401,20240524,2,534.67,59.41,0
1866,5,9,192,20240507,1,347.17,61.27,0
1867,5,31,335,20240527,1,397.29,70.11,0
1868,5,55,189,20240524,1,84.76,21.19,0
1869,5,43,343,20240501,2,586.76,0.0,0
1870,5,3,208,20240505,1,426.34,22.44,0
1871,5,1,382,20240524,1,222.07,24.68,0
1872,5,8,152,20240511,1,391.94,97.98,0
1873,5,37,202,20240511,1,507.4,89.54,0
1874,5,41,552,20240514,1,141.93,15.77,0
1875,5,21,65,20240525,1,553.88,0.0,0
1876,5,47,237,20240516,2,194.19,48.55,0
1877,5,12,40,20240530,1,453.25,0.0,0
1878,5,13,228,20240527,1,441.14,0.0,0
1879,5,44,281,20240531,1,273.1,0.0,0
1880,5,47,314,20240518,1,103.16,18.21,0
1881,5,25,566,20240525,1,425.68,22.4,0
1882,5,44,182,20240510,2,546.2,0.0,0
1883,5,33,492,20240518,1,480.0,0.0,0
1884,5,5,166,20240501,1,268.05,0.0,0
1885,5,19,556,20240529,1,383.63,42.63,0
1886,5,26,4,20240523,1,491.98,0.0,0
1887,5,13,125,20240531,2,882.28,0.0,0
1888,5,48,86,20240517,1,139.55,7.34,0
1889,5,46,257,20240512,1,185.97,32.82,0
1890,5,2,535,20240524,3,924.6,0.0,0
1891,5,36,31,20240527,1,477.76,119.44,0
1892,5,47,218,20240511,1,115.3,6.07,0
1893,5,8,233,20240506,1,440.93,48.99,0
1894,5,40,378,20240527,1,649.14,34.16,0
1895,5,49,382,20240507,1,60.13,0.0,0
1896,5,9,99,20240521,2,694.35,122.53,0
1897,5,26,565,20240520,1,467.38,24.6,0
1898,5,42,325,20240524,1,99.65,0.0,0
1899,5,15,308,20240508,1,309.92,54.69,1
1900,5,51,288,20240522,1,55.84,9.85,0
1901,5,42,308,20240511,2,199.3,0.0,0
1902,5,5,538,20240514,1,241.24,26.81,0
1903,5,26,342,20240520,1,491.98,0.0,0
1904,5,51,51,20240511,1,62.41,3.28,0
1905,5,10,560,20240509,1,233.36,12.28,0
1906,5,53,320,20240510,1,174.37,0.0,0
1907,5,42,71,20240530,1,99.65,0.0,1
1908,5,49,370,20240504,1,57.12,3.01,0
1909,5,29,254,20240513,1,409.68,102.42,0
1910,6,11,18,20240503,1,215.48,11.34,0
1911,6,11,522,20240516,1,181.46,45.36,0
1912,6,49,193,20240508,1,51.11,9.02,0
1913,6,25,541,20240516,1,425.68,22.4,0
1914,6,15,276,20240510,2,729.22,0.0,0
1915,6,26,2,20240508,1,491.98,0.0,0
1916,6,20,595,20240504,1,297.51,33.06,0
1917,6,52,48,20240504,1,83.46,0.0,0
1918,6,7,589,20240524,1,307.34,0.0,0
1919,6,34,212,20240501,1,344.45,0.0,0
1920,6,2,532,20240515,2,616.4,0.0,0
1921,6,12,193,20240522,1,453.25,0.0,0
1922,6,36,259,20240528,1,477.76,119.44,0
1923,6,19,470,20240501,1,362.32,63.94,1
1924,6,15,182,20240517,1,364.61,0.0,0
1925,6,48,357,20240514,1,139.55,7.34,0
1926,6,40,400,20240510,1,580.81,102.49,0
1927,6,4,498,20240509,1,422.05,0.0,0
1928,6,11,102,20240513,1,204.14,22.68,0
1929,6,45,110,20240509,1,129.57,0.0,0
1930,6,53,570,20240508,1,156.93,17.44,0
1931,6,27,21,20240528,1,220.28,94.4,1
1932,6,47,112,20240511,1,121.37,0.0,0
1933,6,15,412,20240524,1,309.92,54.69,0
1934,6,46,251,20240522,1,207.85,10.94,0
1935,6,6,505,20240511,1,371.69,41.3,0
1936,6,17,237,20240508,1,279.16,0.0,0
1937,6,44,106,20240514,1,259.44,13.66,0
1938,6,56,380,20240522,1,64.73,0.0,0
1939,6,1,461,20240504,2,493.5,0.0,0
1940,6,14,257,20240529,2,683.75,35.99,0
1941,6,28,7,20240526,1,267.34,29.7,0
1942,6,44,516,20240530,1,232.13,40.97,0
1943,6,13,464,20240519,1,397.03,44.11,0
1944,6,33,282,20240518,1,336.0,144.0,0
1945,6,3,215,20240507,1,448.78,0.0,0
1946,6,8,33,20240507,1,489.92,0.0,0
1947,6,36,443,20240504,1,537.48,59.72,0
1948,6,35,546,20240505,1,375.42,0.0,0
1949,6,39,158,20240506,1,575.87,63.99,0
1950,6,4,569,20240514,1,422.05,0.0,0
1951,6,38,546,20240529,2,1569.08,0.0,0
1952,6,32,286,20240522,1,444.64,23.4,0
1953,6,12,201,20240511,2,770.53,135.97,0
1954,6,16,130,20240513,2,632.76,111.66,0
1955,6,2,139,20240529,1,308.2,0.0,0
1956,6,28,557,20240502,1,297.04,0.0,1
1957,6,2,341,20240529,1,292.79,15.41,0
1958,6,3,144,20240518,1,426.34,22.44,0
1959,6,42,560,20240526,1,94.67,4.98,0
1960,6,38,346,20240503,1,706.09,78.45,0
1961,6,1,32,20240501,1,222.07,24.68,0
1962,6,10,101,20240503,1,245.64,0.0,0
1963,6,46,27,20240515,1,196.91,21.88,0
1964,6,6,517,20240524,1,371.69,41.3,0
1965,6,13,591,20240521,1,441.14,0.0,0
1966,6,24,296,20240518,1,624.95,69.44,0
1967,6,25,479,20240517,1,425.68,22.4,0
1968,6,1,354,20240501,1,246.75,0.0,0
1969,6,14,387,20240521,1,359.87,0.0,0
1970,6,7,330,20240519,1,307.34,0.0,0
1971,6,38,43,20240512,1,784.54,0.0,0
1972,6,40,572,20240518,1,683.3,0.0,0
1973,6,25,539,20240515,1,403.27,44.81,0
1974,6,1,402,20240506,1,246.75,0.0,0
1975,7,25,182,20240529,1,403.27,44.81,0
1976,7,56,193,20240518,2,129.46,0.0,0
1977,7,39,410,20240517,1,639.86,0.0,1
1978,7,35,315,20240520,1,337.88,37.54,0
1979,7,9,378,20240514,1,408.44,0.0,0
1980,7,39,85,20240524,1,639.86,0.0,0
1981,7,47,364,20240515,1,84.96,36.41,0
1982,7,37,235,20240531,2,1193.88,0.0,0
1983,7,38,24,20240524,1,784.54,0.0,0
1984,7,7,526,20240522,1,261.24,46.1,0
1985,7,49,570,20240519,1,54.12,6.01,0
1986,7,27,138,20240523,1,314.68,0.0,0
1987,7,25,59,20240515,1,448.08,0.0,0
1988,7,12,364,20240528,2,906.5,0.0,0
1989,7,45,228,20240507,1,110.13,19.44,0
1990,7,2,478,20240526,1,277.38,30.82,0
1991,7,42,94,20240524,1,94.67,4.98,0
1992,7,40,232,20240521,1,683.3,0.0,0
1993,7,49,518,20240502,1,48.1,12.03,0
1994,7,46,417,20240516,3,656.37,0.0,0
1995,7,25,31,20240525,1,448.08,0.0,0
1996,7,7,14,20240519,1,307.34,0.0,0
1997,7,38,291,20240508,1,706.09,78.45,0
1998,7,50,219,20240527,2,281.82,70.46,0
1999,7,14,73,20240513,1,359.87,0.0,0
2000,7,5,543,20240526,1,268.05,0.0,0
2001,7,9,175,20240516,1,367.6,40.84,0
2002,7,36,463,20240527,1,567.34,29.86,1
2003,7,15,302,20240509,1,364.61,0.0,1
2004,7,31,22,20240505,2,934.8,0.0,0
2005,7,44,48,20240525,1,273.1,0.0,0
2006,7,34,44,20240517,1,344.45,0.0,0
2007,7,1,91,20240531,1,246.75,0.0,0
2008,7,41,218,20240527,1,141.93,15.77,0
2009,7,52,441,20240504,1,83.46,0.0,1
2010,7,31,435,20240517,1,444.03,23.37,0
2011,7,27,298,20240525,1,220.28,94.4,0
2012,7,50,541,20240524,1,140.91,35.23,1
2013,7,46,564,20240515,1,207.85,10.94,0
2014,7,51,128,20240524,1,65.69,0.0,0
2015,7,6,49,20240502,1,371.69,41.3,0
2016,7,10,17,20240517,1,245.64,0.0,0
2017,7,53,587,20240523,1,174.37,0.0,0
2018,7,55,304,20240520,1,100.65,5.3,0
2019,7,32,375,20240527,1,444.64,23.4,0
2020,7,20,513,20240519,1,314.04,16.53,0
2021,7,12,229,20240529,2,725.2,181.3,0
2022,7,47,418,20240510,1,115.3,6.07,0
2023,7,40,428,20240520,1,614.97,68.33,0
2024,7,8,234,20240529,1,489.92,0.0,0
2025,7,30,250,20240517,1,260.98,13.74,0
2026,7,51,292,20240529,1,62.41,3.28,1
2027,7,6,146,20240527,2,702.08,123.9,0
2028,7,39,151,20240529,1,607.87,31.99,0
2029,7,30,96,20240513,1,274.72,0.0,0
2030,7,31,222,20240526,1,420.66,46.74,0
2031,7,31,195,20240501,1,397.29,70.11,0
2032,7,30,197,20240526,3,741.74,82.42,0
2033,7,11,522,20240525,1,192.8,34.02,0
2034,8,25,230,20240509,1,380.87,67.21,0
2035,8,7,57,20240501,1,245.87,61.47,0
2036,8,47,343,20240504,1,121.37,0.0,0
2037,8,49,286,20240527,1,60.13,0.0,0
2038,8,10,182,20240503,1,245.64,0.0,0
2039,8,28,148,20240528,2,475.26,118.82,0
2040,8,36,452,20240502,1,597.2,0.0,0
2041,8,31,144,20240515,1,420.66,46.74,0
2042,8,23,569,20240524,1,314.36,16.54,0
2043,8,8,49,20240526,1,416.43,73.49,0
2044,8,26,537,20240506,1,491.98,0.0,0
2045,8,26,92,20240522,2,983.96,0.0,0
2046,8,6,411,20240530,1,330.39,82.6,0
2047,8,18,169,20240504,1,692.5,0.0,0
2048,8,3,244,20240522,1,448.78,0.0,0
2049,8,30,354,20240527,1,260.98,13.74,0
2050,8,4,315,20240513,1,337.64,84.41,0
2051,8,27,406,20240509,2,629.36,0.0,0
2052,8,26,463,20240510,1,491.98,0.0,1
2053,8,34,475,20240507,1,327.23,17.22,0
2054,8,43,95,20240524,2,586.76,0.0,0
2055,8,19,430,20240529,1,426.26,0.0,0
2056,8,30,449,20240506,1,260.98,13.74,0
2057,8,44,528,20240508,2,518.89,27.31,0
2058,8,30,461,20240506,1,274.72,0.0,0
2059,8,40,439,20240531,1,649.14,34.16,0
2060,8,34,509,20240513,1,310.0,34.45,0
2061,8,51,386,20240508,2,131.38,0.0,0
2062,8,3,164,20240518,1,426.34,22.44,0
2063,8,54,108,20240503,1,141.68,0.0,0
2064,8,11,179,20240522,1,215.48,11.34,0
2065,8,51,41,20240503,1,65.69,0.0,0
2066,8,29,560,20240518,1,486.49,25.61,0
2067,8,3,35,20240528,1,359.02,89.76,0
2068,8,28,257,20240531,1,282.19,14.85,0
2069,8,51,525,20240517,1,62.41,3.28,0
2070,8,26,469,20240518,1,467.38,24.6,0
2071,8,41,184,20240531,1,157.7,0.0,0
2072,8,55,192,20240508,1,100.65,5.3,0
2073,8,56,66,20240501,1,58.26,6.47,0
2074,8,32,154,20240524,1,444.64,23.4,0
2075,8,31,133,20240528,1,420.66,46.74,0
2076,8,28,545,20240511,1,267.34,29.7,0
2077,8,33,244,20240511,1,480.0,0.0,0
2078,8,5,400,20240512,2,482.49,53.61,0
2079,8,38,128,20240513,1,745.31,39.23,1
2080,8,11,258,20240506,1,226.82,0.0,0
2081,8,55,302,20240506,1,105.95,0.0,0
2082,8,35,401,20240506,1,337.88,37.54,0
2083,8,44,106,20240527,1,218.48,54.62,0
2084,8,21,546,20240511,1,498.49,55.39,0
2085,8,16,590,20240525,1,297.77,74.44,0
2086,1,52,105,20240608,1,79.29,4.17,0
2087,1,50,502,20240608,1,176.14,0.0,0
2088,1,23,329,20240617,2,628.71,33.09,1
2089,1,45,123,20240625,1,129.57,0.0,0
2090,1,42,496,20240629,2,199.3,0.0,0
2091,1,6,373,20240606,1,412.99,0.0,1
2092,1,34,336,20240607,1,327.23,17.22,0
2093,1,3,488,20240607,1,381.46,67.32,0
2094,1,50,47,20240624,1,176.14,0.0,0
2095,1,53,112,20240601,2,348.74,0.0,0
2096,1,50,542,20240610,1,176.14,0.0,0
2097,1,48,490,20240604,1,139.55,7.34,0
2098,1,19,357,20240601,1,404.95,21.31,0
2099,1,11,439,20240613,2,430.96,22.68,0
2100,1,6,461,20240614,2,784.68,41.3,0
2101,1,45,523,20240618,2,259.14,0.0,0
2102,1,53,373,20240611,1,174.37,0.0,0
2103,1,53,122,20240626,1,174.37,0.0,0
2104,1,55,7,20240603,3,317.85,0.0,0
2105,1,3,238,20240629,1,448.78,0.0,0
2106,1,51,119,20240603,1,55.84,9.85,0
2107,1,22,35,20240626,1,527.02,0.0,0
2108,1,15,311,20240617,1,364.61,0.0,0
2109,1,55,148,20240610,1,100.65,5.3,0
2110,1,52,300,20240616,1,66.77,16.69,0
2111,1,41,172,20240621,1,134.05,23.65,0
2112,1,28,178,20240630,2,594.08,0.0,0
2113,1,42,205,20240623,1,99.65,0.0,0
2114,1,9,9,20240620,1,388.02,20.42,0
2115,1,4,567,20240629,1,400.95,21.1,0
2116,1,19,467,20240615,1,426.26,0.0,0
2117,1,54,372,20240606,1,141.68,0.0,0
2118,1,48,34,20240618,1,146.89,0.0,0
2119,1,10,465,20240611,1,221.08,24.56,0
2120,1,52,187,20240613,1,83.46,0.0,0
2121,1,42,221,20240623,1,99.65,0.0,0
2122,1,44,30,20240607,2,491.58,54.62,0
2123,1,11,422,20240611,1,215.48,11.34,0
2124,1,10,600,20240629,1,208.79,36.85,0
2125,1,44,333,20240603,1,273.1,0.0,0
2126,1,28,328,20240621,1,252.48,44.56,0
2127,1,53,505,20240618,1,165.65,8.72,0
2128,1,15,268,20240608,1,291.69,72.92,0
2129,1,24,458,20240628,1,624.95,69.44,0
2130,1,56,166,20240620,1,61.49,3.24,0
2131,1,24,220,20240602,1,555.51,138.88,0
2132,1,46,532,20240616,1,175.03,43.76,0
2133,1,1,374,20240608,1,222.07,24.68,0
2134,1,49,272,20240613,1,60.13,0.0,0
2135,1,48,358,20240625,1,139.55,7.34,0
2136,1,14,548,20240622,1,359.87,0.0,0
2137,1,49,398,20240613,1,60.13,0.0,0
2138,1,6,167,20240621,1,412.99,0.0,0
2139,1,50,357,20240607,1,176.14,0.0,0
2140,1,5,524,20240622,1,268.05,0.0,0
2141,1,4,85,20240607,2,801.89,42.21,0
2142,1,48,50,20240607,1,117.51,29.38,0
2143,1,11,472,20240621,1,226.82,0.0,0
2144,1,43,92,20240614,1,278.71,14.67,0
2145,1,7,33,20240604,1,245.87,61.47,1
2146,1,14,255,20240615,1,287.9,71.97,0
2147,1,52,346,20240607,1,79.29,4.17,0
2148,1,43,534,20240607,1,249.37,44.01,0
2149,1,13,572,20240604,1,441.14,0.0,1
2150,1,35,335,20240622,2,638.21,112.63,0
2151,1,13,199,20240605,1,441.14,0.0,0
2152,1,54,2,20240623,1,120.43,21.25,0
2153,1,54,18,20240626,1,127.51,14.17,0
2154,1,8,368,20240625,1,489.92,0.0,0
2155,1,22,28,20240618,1,474.32,52.7,0
2156,1,51,433,20240609,1,45.98,19.71,0
2157,1,27,171,20240604,1,298.95,15.73,0
2158,1,48,23,20240620,1,117.51,29.38,0
2159,1,11,110,20240614,2,430.96,22.68,0
2160,1,19,228,20240611,1,383.63,42.63,0
2161,1,45,372,20240623,1,129.57,0.0,1
2162,1,56,434,20240630,1,58.26,6.47,0
2163,1,50,357,20240629,1,167.33,8.81,0
2164,1,19,141,20240612,2,852.52,0.0,0
2165,1,56,122,20240627,1,64.73,0.0,0
2166,1,50,423,20240626,1,176.14,0.0,0
2167,1,16,166,20240618,1,334.99,37.22,0
2168,1,41,459,20240614,1,134.05,23.65,0
2169,1,9,63,20240604,2,816.88,0.0,0
2170,1,1,235,20240615,1,246.75,0.0,1
2171,1,1,283,20240611,1,246.75,0.0,0
2172,1,23,579,20240616,1,297.81,33.09,1
2173,1,14,509,20240614,1,323.88,35.99,0
2174,1,9,206,20240601,1,285.91,122.53,0
2175,1,48,448,20240620,2,249.71,44.07,0
2176,1,14,487,20240627,1,341.88,17.99,0
2177,1,5,339,20240601,1,268.05,0.0,0
2178,1,42,479,20240621,1,99.65,0.0,0
2179,1,49,557,20240604,1,54.12,6.01,0
2180,1,50,277,20240625,1,167.33,8.81,0
2181,1,4,177,20240619,1,379.84,42.21,0
2182,1,17,509,20240602,1,279.16,0.0,0
2183,1,56,450,20240630,1,58.26,6.47,0
2184,1,7,421,20240622,1,291.97,15.37,0
2185,2,26,497,20240630,1,467.38,24.6,0
2186,2,44,188,20240616,1,273.1,0.0,0
2187,2,53,457,20240607,1,139.5,34.87,0
2188,2,5,143,20240626,1,268.05,0.0,0
2189,2,9,176,20240601,1,347.17,61.27,0
2190,2,1,266,20240604,1,222.07,24.68,0
2191,2,50,586,20240604,1,158.53,17.61,0
2192,2,48,456,20240617,2,235.02,58.76,0
2193,2,53,73,20240601,2,331.3,17.44,0
2194,2,53,463,20240618,1,174.37,0.0,0
2195,2,52,449,20240629,1,83.46,0.0,0
2196,2,3,429,20240630,1,448.78,0.0,0
2197,2,18,577,20240616,1,692.5,0.0,0
2198,2,23,162,20240603,1,297.81,33.09,0
2199,2,53,517,20240617,1,165.65,8.72,0
2200,2,47,489,20240605,1,84.96,36.41,0
2201,2,45,265,20240622,1,129.57,0.0,0
2202,2,55,566,20240629,1,105.95,0.0,0
2203,2,24,572,20240621,1,555.51,138.88,0
2204,2,23,408,20240608,1,297.81,33.09,0
2205,2,17,290,20240606,2,446.66,111.66,0
2206,2,47,440,20240627,1,109.23,12.14,0
2207,2,21,347,20240601,1,553.88,0.0,0
2208,2,35,417,20240604,3,1126.26,0.0,0
2209,2,43,228,20240609,1,234.7,58.68,0
2210,2,44,265,20240609,1,232.13,40.97,0
2211,2,48,65,20240613,1,146.89,0.0,1
2212,2,20,255,20240603,3,991.71,0.0,0
2213,2,43,111,20240612,3,748.12,132.02,0
2214,2,15,45,20240608,2,729.22,0.0,0
2215,2,18,170,20240630,1,623.25,69.25,0
2216,2,53,100,20240612,1,165.65,8.72,0
2217,2,17,581,20240614,2,502.49,55.83,0
2218,2,42,67,20240614,1,89.68,9.97,0
2219,2,45,43,20240625,1,123.09,6.48,0
2220,2,41,100,20240618,2,299.63,15.77,0
2221,2,5,232,20240609,1,227.84,40.21,0
2222,2,19,560,20240627,2,809.89,42.63,0
2223,2,44,563,20240614,1,259.44,13.66,0
2224,2,23,336,20240615,1,297.81,33.09,0
2225,2,46,139,20240611,1,218.79,0.0,0
2226,2,43,370,20240624,1,264.04,29.34,0
2227,2,47,486,20240608,2,242.74,0.0,0
2228,2,41,569,20240603,1,149.82,7.88,0
2229,2,39,129,20240626,1,639.86,0.0,0
2230,2,45,8,20240604,1,123.09,6.48,0
2231,2,5,257,20240602,1,268.05,0.0,0
2232,2,7,571,20240606,3,829.82,92.2,0
2233,2,48,166,20240620,1,146.89,0.0,0
2234,2,53,454,20240601,1,148.21,26.16,0
2235,2,41,327,20240611,1,141.93,15.77,0
2236,2,9,265,20240608,1,408.44,0.0,0
2237,2,47,429,20240626,1,103.16,18.21,0
2238,2,41,356,20240611,1,141.93,15.77,0
2239,2,49,192,20240608,1,54.12,6.01,0
2240,2,13,490,20240604,1,397.03,44.11,0
2241,2,45,400,20240623,1,116.61,12.96,0
2242,2,3,516,20240601,1,314.15,134.63,0
2243,2,55,550,20240627,3,317.85,0.0,0
2244,2,7,201,20240601,1,291.97,15.37,0
2245,2,6,280,20240628,1,371.69,41.3,1
2246,2,15,436,20240615,1,309.92,54.69,0
2247,2,10,235,20240603,2,491.28,0.0,0
2248,2,56,396,20240624,1,64.73,0.0,0
2249,2,49,173,20240628,1,60.13,0.0,0
2250,2,51,239,20240612,1,65.69,0.0,0
2251,2,21,49,20240617,1,498.49,55.39,0
2252,2,47,479,20240602,1,109.23,12.14,0
2253,2,52,199,20240611,1,83.46,0.0,0
2254,2,56,504,20240605,1,61.49,3.24,0
2255,2,50,212,20240622,1,140.91,35.23,0
2256,2,43,569,20240608,1,293.38,0.0,0
2257,2,27,13,20240618,1,251.74,62.94,0
2258,2,42,43,20240621,1,99.65,0.0,0
2259,2,20,236,20240609,1,314.04,16.53,0
2260,2,43,236,20240611,1,234.7,58.68,0
2261,2,17,107,20240629,1,237.29,41.87,0
2262,2,7,69,20240617,1,291.97,15.37,0
2263,2,43,369,20240627,1,293.38,0.0,0
2264,2,17,371,20240609,1,279.16,0.0,0
2265,2,4,329,20240623,1,379.84,42.21,0
2266,2,42,262,20240608,1,94.67,4.98,0
2267,2,47,541,20240628,1,115.3,6.07,0
2268,2,49,137,20240617,1,42.09,18.04,0
2269,2,45,239,20240627,1,116.61,12.96,0
2270,2,55,209,20240602,1,105.95,0.0,0
2271,2,44,582,20240627,1,273.1,0.0,0
2272,2,2,402,20240626,3,832.14,92.46,0
2273,2,52,51,20240630,3,237.86,12.52,0
2274,2,44,16,20240623,1,273.1,0.0,0
2275,2,9,445,20240606,1,367.6,40.84,0
2276,2,1,572,20240613,1,222.07,24.68,0
2277,2,56,303,20240630,1,64.73,0.0,0
2278,2,26,567,20240607,1,393.58,98.4,0
2279,2,52,49,20240610,1,83.46,0.0,0
2280,2,47,142,20240626,1,109.23,12.14,0
2281,2,23,101,20240607,2,628.71,33.09,0
2282,2,1,4,20240602,1,222.07,24.68,0
2283,3,55,48,20240611,1,105.95,0.0,1
2284,3,47,403,20240614,1,121.37,0.0,1
2285,3,26,231,20240630,1,442.78,49.2,0
2286,3,8,276,20240610,1,489.92,0.0,0
2287,3,41,200,20240625,1,157.7,0.0,0
2288,3,44,582,20240614,1,273.1,0.0,0
2289,3,43,240,20240619,1,278.71,14.67,1
2290,3,42,497,20240618,1,69.76,29.89,0
2291,3,46,372,20240626,1,185.97,32.82,0
2292,3,56,130,20240615,2,129.46,0.0,0
2293,3,51,466,20240601,1,59.12,6.57,0
2294,3,51,6,20240628,1,65.69,0.0,0
2295,3,54,370,20240625,2,226.69,56.67,0
2296,3,42,142,20240611,1,94.67,4.98,0
2297,3,19,565,20240616,1,426.26,0.0,0
2298,3,23,145,20240605,2,661.8,0.0,0
2299,3,54,271,20240620,1,141.68,0.0,1
2300,3,53,301,20240624,2,348.74,0.0,0
2301,3,41,592,20240612,1,141.93,15.77,0
2302,3,6,51,20240605,1,412.99,0.0,0
2303,3,44,55,20240603,2,436.96,109.24,0
2304,3,11,516,20240615,1,192.8,34.02,0
2305,3,54,60,20240606,2,240.86,42.5,0
2306,3,43,93,20240603,1,293.38,0.0,0
2307,3,50,383,20240605,1,140.91,35.23,0
2308,3,41,61,20240601,1,126.16,31.54,0
2309,3,6,112,20240603,2,784.68,41.3,0
2310,3,46,372,20240627,1,218.79,0.0,0
2311,3,56,34,20240608,1,61.49,3.24,0
2312,3,7,496,20240615,1,276.61,30.73,1
2313,3,50,336,20240609,2,334.67,17.61,0
2314,3,19,569,20240623,1,404.95,21.31,0
2315,3,15,484,20240619,1,346.38,18.23,0
2316,3,2,145,20240625,2,523.94,92.46,0
2317,3,13,73,20240616,1,441.14,0.0,0
2318,3,17,413,20240602,1,251.24,27.92,0
2319,3,42,369,20240608,1,99.65,0.0,0
2320,3,20,62,20240615,1,264.46,66.11,0
2321,3,55,562,20240613,1,105.95,0.0,0
2322,3,53,561,20240608,2,278.99,69.75,0
2323,3,54,306,20240610,1,141.68,0.0,0
2324,3,49,284,20240613,1,60.13,0.0,0
2325,3,6,407,20240623,1,412.99,0.0,0
2326,3,11,342,20240606,1,226.82,0.0,1
2327,3,50,29,20240629,1,167.33,8.81,0
2328,3,50,103,20240622,2,352.28,0.0,0
2329,3,55,337,20240615,1,74.16,31.79,1
2330,3,24,173,20240626,1,694.39,0.0,0
2331,3,6,275,20240621,2,825.98,0.0,0
2332,3,51,187,20240623,3,157.66,39.41,0
2333,3,54,428,20240615,2,283.36,0.0,0
2334,3,49,188,20240625,1,60.13,0.0,0
2335,3,53,449,20240630,1,139.5,34.87,0
2336,4,8,133,20240610,1,489.92,0.0,0
2337,4,41,375,20240615,2,283.86,31.54,0
2338,4,4,403,20240621,1,358.74,63.31,1
2339,4,52,593,20240610,2,150.23,16.69,1
2340,4,6,47,20240604,1,412.99,0.0,0
2341,4,45,97,20240617,1,123.09,6.48,0
2342,4,54,559,20240608,2,269.19,14.17,0
2343,4,20,47,20240612,2,595.03,66.11,0
2344,4,33,592,20240612,1,384.0,96.0,0
2345,4,47,561,20240601,1,97.1,24.27,0
2346,4,7,248,20240602,1,291.97,15.37,1
2347,4,43,584,20240616,1,234.7,58.68,0
2348,4,22,470,20240628,2,1054.04,0.0,0
2349,4,51,357,20240613,1,65.69,0.0,0
2350,4,8,401,20240627,1,489.92,0.0,0
2351,4,24,192,20240606,1,694.39,0.0,1
2352,4,51,98,20240622,1,65.69,0.0,0
2353,4,1,48,20240603,1,222.07,24.68,0
2354,4,23,120,20240612,1,330.9,0.0,0
2355,4,32,289,20240603,1,468.04,0.0,0
2356,4,48,557,20240629,1,124.86,22.03,0
2357,4,19,434,20240615,1,404.95,21.31,0
2358,4,9,184,20240610,1,347.17,61.27,0
2359,4,3,262,20240626,1,448.78,0.0,0
2360,4,49,118,20240615,1,60.13,0.0,0
2361,4,51,194,20240603,1,59.12,6.57,1
2362,4,43,176,20240614,1,249.37,44.01,0
2363,4,26,375,20240603,1,393.58,98.4,0
2364,4,2,381,20240619,1,292.79,15.41,0
2365,4,42,475,20240611,1,84.7,14.95,0
2366,4,51,46,20240623,1,65.69,0.0,0
2367,4,6,222,20240623,2,784.68,41.3,0
2368,4,47,492,20240603,1,121.37,0.0,0
2369,4,13,99,20240629,1,374.97,66.17,0
2370,4,16,302,20240617,1,372.21,0.0,0
2371,4,4,91,20240618,1,337.64,84.41,1
2372,4,21,538,20240609,1,498.49,55.39,0
2373,4,7,201,20240624,2,491.74,122.94,0
2374,4,3,213,20240623,1,403.9,44.88,0
2375,4,19,510,20240602,1,426.26,0.0,0
2376,4,51,199,20240612,1,65.69,0.0,0
2377,4,51,417,20240602,1,65.69,0.0,0
2378,4,41,237,20240609,1,134.05,23.65,0
2379,4,56,551,20240630,1,64.73,0.0,0
2380,4,10,92,20240608,1,221.08,24.56,0
2381,4,42,163,20240614,1,99.65,0.0,0
2382,4,52,555,20240619,1,75.11,8.35,0
2383,4,23,208,20240627,1,330.9,0.0,0
2384,4,41,378,20240604,1,157.7,0.0,0
2385,4,47,393,20240627,1,109.23,12.14,0
2386,4,43,371,20240608,1,278.71,14.67,0
2387,4,21,38,20240602,1,498.49,55.39,0
2388,4,55,194,20240615,2,190.71,21.19,0
2389,4,15,172,20240623,1,364.61,0.0,0
2390,4,11,91,20240615,1,226.82,0.0,0
2391,4,53,352,20240610,1,174.37,0.0,0
2392,4,46,526,20240621,1,218.79,0.0,0
2393,4,49,101,20240621,1,57.12,3.01,0
2394,4,47,87,20240624,1,121.37,0.0,0
2395,4,47,246,20240622,1,121.37,0.0,0
2396,4,13,375,20240629,2,617.6,264.68,0
2397,4,4,36,20240622,1,422.05,0.0,0
2398,4,42,542,20240626,1,84.7,14.95,0
2399,4,46,400,20240616,3,656.37,0.0,0
2400,4,45,275,20240630,1,110.13,19.44,0
2401,4,54,380,20240624,2,283.36,0.0,0
2402,4,45,515,20240619,1,103.66,25.91,0
2403,4,50,182,20240613,1,140.91,35.23,0
2404,4,17,314,20240611,1,223.33,55.83,0
2405,4,6,381,20240617,1,412.99,0.0,0
2406,4,29,246,20240619,1,512.1,0.0,0
2407,4,45,122,20240601,1,129.57,0.0,0
2408,4,10,272,20240609,2,491.28,0.0,0
2409,4,44,120,20240621,1,218.48,54.62,0
2410,5,9,469,20240610,1,408.44,0.0,0
2411,5,1,508,20240608,1,222.07,24.68,0
2412,5,51,563,20240617,1,65.69,0.0,0
2413,5,5,287,20240615,1,268.05,0.0,0
2414,5,55,274,20240624,2,201.3,10.6,0
2415,5,48,168,20240628,1,139.55,7.34,0
2416,5,41,152,20240628,1,157.7,0.0,0
2417,5,56,332,20240608,1,61.49,3.24,0
2418,5,16,48,20240614,1,372.21,0.0,0
2419,5,54,65,20240630,1,120.43,21.25,0
2420,5,54,38,20240601,1,134.6,7.08,0
2421,5,56,317,20240601,1,64.73,0.0,0
2422,5,20,588,20240606,1,330.57,0.0,0
2423,5,52,89,20240623,1,79.29,4.17,0
2424,5,49,360,20240616,1,60.13,0.0,0
2425,5,15,191,20240623,1,328.15,36.46,0
2426,5,56,361,20240619,1,64.73,0.0,0
2427,5,52,454,20240627,2,166.92,0.0,0
2428,5,44,295,20240608,2,518.89,27.31,0
2429,5,52,438,20240612,1,83.46,0.0,0
2430,5,41,471,20240603,1,157.7,0.0,1
2431,5,47,518,20240602,1,109.23,12.14,0
2432,5,12,160,20240626,1,453.25,0.0,0
2433,5,4,188,20240613,2,801.89,42.21,0
2434,5,8,269,20240623,1,416.43,73.49,0
2435,5,55,135,20240618,1,105.95,0.0,0
2436,5,12,166,20240605,3,951.82,407.93,0
2437,5,41,158,20240630,1,141.93,15.77,0
2438,5,43,189,20240612,1,264.04,29.34,0
2439,5,54,346,20240606,1,141.68,0.0,0
2440,5,25,491,20240607,2,896.16,0.0,0
2441,5,50,407,20240628,1,176.14,0.0,0
2442,5,53,323,20240622,1,174.37,0.0,0
2443,5,53,14,20240608,1,156.93,17.44,0
2444,5,44,521,20240629,1,273.1,0.0,0
2445,5,23,375,20240626,1,281.27,49.63,0
2446,5,5,583,20240613,1,268.05,0.0,0
2447,5,50,74,20240603,1,176.14,0.0,0
2448,5,46,94,20240603,1,218.79,0.0,0
2449,5,44,190,20240619,1,259.44,13.66,0
2450,5,41,163,20240602,1,157.7,0.0,0
2451,5,8,315,20240622,1,440.93,48.99,0
2452,5,52,414,20240603,1,83.46,0.0,0
2453,5,48,221,20240615,1,139.55,7.34,0
2454,5,16,190,20240603,2,744.42,0.0,0
2455,5,47,591,20240605,1,121.37,0.0,0
2456,5,48,213,20240617,1,146.89,0.0,0
2457,5,45,392,20240621,1,123.09,6.48,0
2458,5,17,343,20240611,2,502.49,55.83,0
2459,5,11,25,20240606,1,226.82,0.0,0
2460,5,23,291,20240625,1,330.9,0.0,0
2461,5,1,406,20240616,1,246.75,0.0,0
2462,5,23,461,20240610,1,330.9,0.0,0
2463,5,18,437,20240630,1,692.5,0.0,0
2464,5,53,362,20240623,1,174.37,0.0,0
2465,5,48,279,20240611,1,139.55,7.34,0
2466,5,43,580,20240619,2,586.76,0.0,0
2467,6,31,478,20240621,1,467.4,0.0,0
2468,6,6,424,20240624,1,412.99,0.0,0
2469,6,13,297,20240622,1,441.14,0.0,0
2470,6,46,446,20240630,1,218.79,0.0,0
2471,6,22,300,20240608,1,447.97,79.05,0
2472,6,13,125,20240624,1,374.97,66.17,0
2473,6,44,265,20240613,1,273.1,0.0,0
2474,6,45,271,20240609,1,110.13,19.44,0
2475,6,43,431,20240601,1,293.38,0.0,0
2476,6,48,546,20240605,1,146.89,0.0,0
2477,6,53,585,20240621,1,174.37,0.0,0
2478,6,3,335,20240615,1,426.34,22.44,1
2479,6,54,380,20240610,1,127.51,14.17,0
2480,6,43,44,20240611,1,293.38,0.0,0
2481,6,23,229,20240610,1,330.9,0.0,1
2482,6,1,140,20240619,1,222.07,24.68,0
2483,6,8,402,20240625,1,489.92,0.0,0
2484,6,22,569,20240607,1,447.97,79.05,0
2485,6,50,268,20240614,2,334.67,17.61,0
2486,6,29,227,20240623,1,460.89,51.21,0
2487,6,6,196,20240603,1,412.99,0.0,0
2488,6,43,300,20240627,1,293.38,0.0,0
2489,6,20,462,20240606,1,330.57,0.0,0
2490,6,47,566,20240623,1,115.3,6.07,1
2491,6,54,288,20240626,1,113.34,28.34,0
2492,6,49,499,20240613,1,51.11,9.02,0
2493,6,50,213,20240615,1,176.14,0.0,1
2494,6,19,49,20240627,1,362.32,63.94,0
2495,6,13,345,20240606,1,441.14,0.0,0
2496,6,51,240,20240624,1,65.69,0.0,0
2497,6,11,210,20240601,1,215.48,11.34,0
2498,6,1,70,20240629,1,246.75,0.0,0
2499,6,47,449,20240624,1,121.37,0.0,0
2500,6,48,256,20240628,1,146.89,0.0,0
2501,6,51,178,20240629,1,65.69,0.0,0
2502,6,13,278,20240630,1,441.14,0.0,1
2503,6,51,596,20240623,1,62.41,3.28,0
2504,6,49,136,20240626,1,54.12,6.01,0
2505,6,6,266,20240610,1,351.04,61.95,0
2506,6,56,488,20240622,1,51.78,12.95,0
2507,6,48,188,20240621,1,146.89,0.0,0
2508,6,23,452,20240630,1,314.36,16.54,0
2509,6,56,66,20240605,1,64.73,0.0,0
2510,6,9,395,20240606,1,388.02,20.42,0
2511,6,53,151,20240613,1,139.5,34.87,0
2512,6,44,191,20240608,1,245.79,27.31,0
2513,6,2,526,20240604,2,616.4,0.0,0
2514,6,14,52,20240602,3,1025.63,53.98,0
2515,6,50,299,20240622,1,176.14,0.0,0
2516,6,4,258,20240623,1,422.05,0.0,0
2517,6,30,105,20240623,1,219.78,54.94,0
2518,6,16,571,20240606,2,669.98,74.44,0
2519,6,9,385,20240615,1,408.44,0.0,0
2520,6,30,392,20240606,1,274.72,0.0,0
2521,6,52,201,20240628,1,83.46,0.0,0
2522,6,53,313,20240607,1,148.21,26.16,0
2523,6,56,278,20240617,1,61.49,3.24,0
2524,6,3,520,20240615,1,448.78,0.0,0
2525,6,22,187,20240622,1,474.32,52.7,0
2526,6,44,425,20240613,1,232.13,40.97,0
2527,6,24,164,20240608,2,1319.34,69.44,0
2528,6,27,556,20240630,1,314.68,0.0,0
2529,6,11,162,20240603,1,226.82,0.0,0
2530,6,42,421,20240605,1,79.72,19.93,0
2531,6,6,239,20240607,1,371.69,41.3,0
2532,6,19,304,20240614,1,426.26,0.0,0
2533,6,51,266,20240622,1,65.69,0.0,0
2534,6,46,552,20240620,1,218.79,0.0,0
2535,6,49,161,20240625,1,57.12,3.01,0
2536,6,50,178,20240603,1,176.14,0.0,0
2537,6,5,382,20240626,1,214.44,53.61,0
2538,6,15,306,20240618,1,346.38,18.23,0
2539,6,2,399,20240629,1,308.2,0.0,0
2540,6,51,398,20240610,1,59.12,6.57,1
2541,6,48,322,20240606,1,139.55,7.34,0
2542,6,23,319,20240617,1,330.9,0.0,0
2543,6,55,115,20240625,1,105.95,0.0,0
2544,6,15,18,20240620,1,364.61,0.0,0
2545,6,41,116,20240610,1,149.82,7.88,0
2546,7,50,417,20240617,1,149.72,26.42,0
2547,7,45,527,20240619,1,123.09,6.48,0
2548,7,9,22,20240623,1,347.17,61.27,0
2549,7,43,202,20240624,1,293.38,0.0,0
2550,7,14,4,20240624,1,359.87,0.0,0
2551,7,46,241,20240611,1,218.79,0.0,0
2552,7,46,176,20240618,1,218.79,0.0,0
2553,7,49,168,20240622,1,60.13,0.0,0
2554,7,47,570,20240627,2,206.33,36.41,0
2555,7,15,496,20240629,1,309.92,54.69,0
2556,7,50,556,20240614,1,158.53,17.61,0
2557,7,55,566,20240630,1,100.65,5.3,0
2558,7,50,518,20240610,1,176.14,0.0,0
2559,7,12,521,20240626,1,453.25,0.0,0
2560,7,54,65,20240624,2,269.19,14.17,0
2561,7,41,98,20240617,1,126.16,31.54,0
2562,7,6,552,20240621,1,412.99,0.0,0
2563,7,5,456,20240617,1,268.05,0.0,0
2564,7,2,547,20240614,1,292.79,15.41,0
2565,7,21,18,20240621,1,526.19,27.69,0
2566,7,51,409,20240623,1,65.69,0.0,0
2567,7,27,142,20240618,1,314.68,0.0,0
2568,7,45,167,20240611,1,123.09,6.48,0
2569,7,21,456,20240611,1,526.19,27.69,1
2570,7,19,487,20240624,1,404.95,21.31,0
2571,7,55,449,20240605,1,74.16,31.79,0
2572,7,48,469,20240619,1,146.89,0.0,0
2573,7,48,585,20240610,1,146.89,0.0,0
2574,7,42,517,20240610,2,199.3,0.0,0
2575,7,23,352,20240628,1,330.9,0.0,0
2576,7,42,29,20240607,3,298.95,0.0,0
2577,7,17,404,20240609,1,279.16,0.0,0
2578,7,3,409,20240629,1,381.46,67.32,1
2579,7,49,63,20240605,1,60.13,0.0,0
2580,7,51,107,20240601,1,55.84,9.85,0
2581,7,12,313,20240625,2,770.53,135.97,0
2582,7,52,109,20240622,1,75.11,8.35,0
2583,7,20,380,20240618,1,264.46,66.11,0
2584,7,1,413,20240630,1,222.07,24.68,0
2585,7,46,367,20240604,1,218.79,0.0,0
2586,7,21,555,20240613,1,553.88,0.0,0
2587,7,53,492,20240622,1,165.65,8.72,0
2588,7,41,36,20240630,1,149.82,7.88,0
2589,7,4,237,20240601,1,358.74,63.31,0
2590,7,53,45,20240609,2,348.74,0.0,0
2591,7,46,384,20240613,2,415.7,21.88,0
2592,7,17,332,20240606,1,251.24,27.92,0
2593,7,23,183,20240630,2,661.8,0.0,0
2594,7,51,302,20240606,1,65.69,0.0,0
2595,7,53,555,20240615,1,165.65,8.72,0
2596,7,46,175,20240610,1,218.79,0.0,0
2597,7,52,84,20240604,1,83.46,0.0,0
2598,7,22,58,20240605,1,527.02,0.0,0
2599,7,55,70,20240601,1,105.95,0.0,0
2600,7,48,475,20240630,1,132.2,14.69,0
2601,7,13,355,20240616,1,419.08,22.06,0
2602,7,22,313,20240618,1,527.02,0.0,0
2603,7,46,119,20240606,1,185.97,32.82,0
2604,7,22,54,20240617,1,527.02,0.0,1
2605,7,49,466,20240617,1,57.12,3.01,0
2606,7,20,145,20240610,1,297.51,33.06,0
2607,7,45,365,20240610,1,116.61,12.96,0
2608,8,24,209,20240619,1,694.39,0.0,0
2609,8,24,543,20240602,1,694.39,0.0,0
2610,8,42,187,20240607,1,99.65,0.0,0
2611,8,56,571,20240614,1,55.02,9.71,0
2612,8,27,569,20240603,1,298.95,15.73,1
2613,8,10,419,20240614,1,245.64,0.0,0
2614,8,52,525,20240611,2,150.23,16.69,0
2615,8,2,286,20240602,1,277.38,30.82,0
2616,8,26,167,20240628,1,491.98,0.0,0
2617,8,50,140,20240619,3,528.42,0.0,0
2618,8,45,350,20240619,2,246.18,12.96,0
2619,8,41,568,20240602,1,157.7,0.0,0
2620,8,41,349,20240611,1,157.7,0.0,0
2621,8,2,295,20240606,1,308.2,0.0,0
2622,8,47,305,20240606,1,97.1,24.27,0
2623,8,56,380,20240620,1,64.73,0.0,0
2624,8,56,533,20240627,1,58.26,6.47,0
2625,8,50,452,20240605,1,176.14,0.0,0
2626,8,42,463,20240624,1,99.65,0.0,0
2627,8,1,269,20240629,2,444.15,49.35,0
2628,8,18,509,20240630,1,588.62,103.88,0
2629,8,55,223,20240625,3,317.85,0.0,0
2630,8,6,84,20240621,1,351.04,61.95,0
2631,8,24,345,20240619,1,694.39,0.0,0
2632,8,1,587,20240619,1,234.41,12.34,0
2633,8,50,152,20240621,1,167.33,8.81,0
2634,8,55,92,20240618,1,105.95,0.0,0
2635,8,54,476,20240621,1,134.6,7.08,1
2636,8,6,125,20240624,1,371.69,41.3,1
2637,8,42,588,20240604,1,79.72,19.93,0
2638,8,22,588,20240616,1,527.02,0.0,0
2639,8,46,126,20240602,1,185.97,32.82,0
2640,8,17,212,20240602,2,558.32,0.0,0
2641,8,6,211,20240613,2,702.08,123.9,0
2642,8,51,522,20240613,2,131.38,0.0,0
2643,8,44,8,20240624,1,273.1,0.0,0
2644,8,22,441,20240621,2,737.83,316.21,0
2645,8,29,396,20240603,1,512.1,0.0,0
2646,8,32,119,20240627,1,468.04,0.0,0
2647,8,28,138,20240604,1,267.34,29.7,1
2648,8,44,163,20240627,1,273.1,0.0,1
2649,8,47,182,20240618,1,121.37,0.0,0
2650,8,5,79,20240617,1,227.84,40.21,0
2651,8,56,343,20240602,2,129.46,0.0,0
2652,8,53,128,20240618,1,174.37,0.0,0
2653,8,9,147,20240602,1,285.91,122.53,1
2654,8,47,270,20240616,1,103.16,18.21,0
2655,8,21,325,20240621,1,526.19,27.69,0
2656,8,9,508,20240626,1,388.02,20.42,1
2657,8,17,285,20240613,1,279.16,0.0,0
2658,8,45,243,20240620,2,233.23,25.91,0
2659,8,54,503,20240627,1,113.34,28.34,0
2660,8,44,574,20240604,1,218.48,54.62,0
2661,8,55,36,20240604,1,90.06,15.89,0
2662,8,20,520,20240607,1,297.51,33.06,0
2663,1,46,291,20240715,2,393.82,43.76,0
2664,1,41,13,20240725,1,126.16,31.54,1
2665,1,54,191,20240720,1,120.43,21.25,0
2666,1,3,70,20240718,1,403.9,44.88,0
2667,1,52,462,20240721,2,133.54,33.38,0
2668,1,13,507,20240715,1,397.03,44.11,0
2669,1,45,246,20240723,1,110.13,19.44,0
2670,1,42,148,20240727,1,79.72,19.93,0
2671,1,56,400,20240705,1,51.78,12.95,0
2672,1,55,306,20240709,1,95.35,10.6,0
2673,1,13,220,20240726,1,352.91,88.23,0
2674,1,42,392,20240706,1,89.68,9.97,0
2675,1,47,460,20240717,1,109.23,12.14,0
2676,1,41,344,20240723,2,283.86,31.54,1
2677,1,55,370,20240725,2,190.71,21.19,0
2678,1,41,62,20240707,1,126.16,31.54,0
2679,1,43,473,20240704,1,249.37,44.01,1
2680,1,42,165,20240707,1,79.72,19.93,0
2681,1,7,400,20240703,1,261.24,46.1,0
2682,1,10,287,20240716,1,208.79,36.85,0
2683,1,42,71,20240724,3,269.05,29.9,0
2684,1,56,149,20240716,1,58.26,6.47,0
2685,1,13,148,20240727,1,397.03,44.11,0
2686,1,41,85,20240703,1,126.16,31.54,0
2687,1,49,486,20240705,1,51.11,9.02,0
2688,1,9,324,20240729,1,326.75,81.69,0
2689,1,11,308,20240704,1,192.8,34.02,0
2690,1,43,554,20240724,1,234.7,58.68,0
2691,1,1,550,20240712,1,197.4,49.35,0
2692,1,50,293,20240719,1,149.72,26.42,0
2693,1,47,130,20240724,1,97.1,24.27,0
2694,1,41,266,20240707,2,268.09,47.31,0
2695,1,44,113,20240701,1,245.79,27.31,0
2696,1,5,45,20240719,1,241.24,26.81,0
2697,1,44,203,20240702,1,218.48,54.62,0
2698,1,20,41,20240726,1,280.98,49.59,0
2699,1,12,192,20240717,1,385.26,67.99,0
2700,1,41,504,20240705,1,110.39,47.31,0
2701,1,51,214,20240722,2,111.67,19.71,1
2702,1,9,299,20240725,1,347.17,61.27,0
2703,1,47,529,20240724,1,97.1,24.27,1
2704,1,42,95,20240717,1,89.68,9.97,1
2705,1,43,468,20240713,1,249.37,44.01,0
2706,1,56,345,20240724,1,55.02,9.71,1
2707,1,42,265,20240710,2,159.44,39.86,0
2708,1,17,225,20240713,1,223.33,55.83,0
2709,1,42,99,20240708,1,84.7,14.95,0
2710,1,54,266,20240717,1,113.34,28.34,0
2711,1,45,13,20240711,1,103.66,25.91,0
2712,1,30,330,20240703,1,233.51,41.21,1
2713,1,53,443,20240713,1,139.5,34.87,0
2714,1,9,17,20240715,1,347.17,61.27,0
2715,1,10,526,20240726,1,221.08,24.56,0
2716,1,45,544,20240715,2,220.27,38.87,0
2717,1,42,368,20240712,1,89.68,9.97,0
2718,1,55,466,20240721,1,84.76,21.19,0
2719,1,2,565,20240701,1,246.56,61.64,0
2720,1,18,336,20240723,1,554.0,138.5,0
2721,1,45,63,20240712,1,103.66,25.91,0
2722,1,44,131,20240715,1,245.79,27.31,1
2723,1,19,180,20240718,1,341.01,85.25,0
2724,1,51,360,20240707,1,45.98,19.71,0
2725,1,5,440,20240703,2,482.49,53.61,0
2726,1,52,265,20240714,2,133.54,33.38,0
2727,1,25,451,20240710,2,806.54,89.62,0
2728,1,53,341,20240714,1,139.5,34.87,0
2729,1,8,317,20240708,1,416.43,73.49,0
2730,2,53,420,20240716,1,148.21,26.16,0
2731,2,14,188,20240718,1,323.88,35.99,0
2732,2,41,360,20240713,1,126.16,31.54,0
2733,2,47,453,20240730,2,206.33,36.41,0
2734,2,56,479,20240729,1,51.78,12.95,0
2735,2,3,423,20240727,1,381.46,67.32,1
2736,2,5,129,20240730,1,227.84,40.21,0
2737,2,21,388,20240708,1,470.8,83.08,0
2738,2,10,259,20240718,1,196.51,49.13,0
2739,2,54,410,20240720,1,127.51,14.17,1
2740,2,45,505,20240722,1,116.61,12.96,0
2741,2,10,440,20240725,1,221.08,24.56,0
2742,2,22,515,20240708,1,421.62,105.4,0
2743,2,10,415,20240726,1,208.79,36.85,0
2744,2,17,187,20240713,1,251.24,27.92,0
2745,2,14,191,20240703,1,305.89,53.98,0
2746,2,50,541,20240708,1,140.91,35.23,0
2747,2,4,518,20240714,1,337.64,84.41,0
2748,2,1,458,20240713,1,197.4,49.35,0
2749,2,49,215,20240718,1,51.11,9.02,0
2750,2,56,102,20240710,1,51.78,12.95,0
2751,2,55,160,20240719,1,84.76,21.19,0
2752,2,54,265,20240725,1,127.51,14.17,0
2753,2,45,374,20240704,1,103.66,25.91,0
2754,2,2,543,20240730,1,246.56,61.64,0
2755,2,41,455,20240706,1,126.16,31.54,0
2756,2,56,480,20240717,1,58.26,6.47,0
2757,2,50,482,20240704,1,140.91,35.23,0
2758,2,12,394,20240727,1,362.6,90.65,0
2759,2,42,430,20240709,1,89.68,9.97,1
2760,2,49,563,20240718,1,54.12,6.01,0
2761,2,56,264,20240712,2,116.51,12.95,0
2762,2,52,167,20240722,1,70.94,12.52,0
2763,2,1,565,20240727,1,197.4,49.35,0
2764,2,53,366,20240712,1,148.21,26.16,0
2765,2,42,146,20240703,1,84.7,14.95,0
2766,2,18,5,20240703,1,554.0,138.5,0
2767,2,52,265,20240716,1,66.77,16.69,0
2768,2,53,552,20240729,1,139.5,34.87,0
2769,2,11,25,20240728,1,181.46,45.36,0
2770,2,18,324,20240701,1,623.25,69.25,0
2771,2,11,374,20240728,1,181.46,45.36,0
2772,2,55,338,20240725,1,95.35,10.6,0
2773,2,18,283,20240708,1,623.25,69.25,0
2774,2,45,600,20240730,1,103.66,25.91,0
2775,2,42,114,20240726,1,84.7,14.95,0
2776,2,42,138,20240705,2,159.44,39.86,0
2777,2,48,47,20240708,1,124.86,22.03,0
2778,2,48,300,20240725,1,132.2,14.69,0
2779,2,54,38,20240714,1,120.43,21.25,0
2780,2,2,371,20240712,1,246.56,61.64,0
2781,2,56,63,20240713,1,58.26,6.47,0
2782,2,6,453,20240707,1,371.69,41.3,0
2783,2,53,393,20240710,1,148.21,26.16,0
2784,2,11,413,20240702,1,192.8,34.02,0
2785,2,51,439,20240705,1,55.84,9.85,0
2786,2,16,70,20240709,1,334.99,37.22,0
2787,2,52,411,20240728,2,133.54,33.38,0
2788,2,43,517,20240716,1,234.7,58.68,0
2789,2,41,530,20240727,1,141.93,15.77,0
2790,2,55,380,20240730,1,95.35,10.6,0
2791,2,9,149,20240725,1,326.75,81.69,0
2792,2,15,461,20240716,1,291.69,72.92,0
2793,2,49,462,20240714,1,48.1,12.03,0
2794,2,56,79,20240702,1,55.02,9.71,0
2795,2,41,186,20240719,1,134.05,23.65,0
2796,2,15,62,20240716,1,291.69,72.92,0
2797,2,11,380,20240723,1,204.14,22.68,0
2798,2,55,59,20240721,1,84.76,21.19,0
2799,2,22,567,20240725,1,421.62,105.4,0
2800,2,3,599,20240708,2,718.05,179.51,1
2801,2,51,583,20240728,1,55.84,9.85,0
2802,3,23,26,20240729,1,281.27,49.63,0
2803,3,8,83,20240728,2,881.86,97.98,0
2804,3,56,34,20240713,2,110.04,19.42,0
2805,3,44,287,20240710,1,232.13,40.97,0
2806,3,42,455,20240713,2,159.44,39.86,0
2807,3,49,333,20240714,1,48.1,12.03,0
2808,3,6,225,20240709,1,330.39,82.6,0
2809,3,43,90,20240724,1,249.37,44.01,0
2810,3,50,577,20240706,1,140.91,35.23,1
2811,3,43,340,20240727,1,249.37,44.01,0
2812,3,11,272,20240727,1,204.14,22.68,0
2813,3,54,446,20240720,1,113.34,28.34,0
2814,3,55,23,20240710,1,74.16,31.79,0
2815,3,1,176,20240706,1,197.4,49.35,0
2816,3,3,244,20240720,1,359.02,89.76,0
2817,3,5,161,20240720,1,214.44,53.61,0
2818,3,52,69,20240712,1,75.11,8.35,0
2819,3,14,61,20240702,2,611.78,107.96,0
2820,3,44,35,20240704,3,655.44,163.86,0
2821,3,53,252,20240708,1,156.93,17.44,0
2822,3,53,136,20240707,1,156.93,17.44,0
2823,3,49,237,20240701,1,48.1,12.03,0
2824,3,5,342,20240704,1,214.44,53.61,1
2825,3,46,58,20240725,2,350.06,87.52,0
2826,3,16,381,20240704,1,316.38,55.83,0
2827,3,9,580,20240709,1,347.17,61.27,0
2828,3,54,406,20240707,1,113.34,28.34,0
2829,3,4,434,20240715,1,337.64,84.41,0
2830,3,56,409,20240728,1,51.78,12.95,0
2831,3,27,235,20240709,1,251.74,62.94,0
2832,3,3,141,20240701,1,381.46,67.32,0
2833,3,3,340,20240709,1,359.02,89.76,0
2834,3,2,108,20240712,1,277.38,30.82,0
2835,3,9,144,20240710,1,326.75,81.69,0
2836,3,43,96,20240709,1,264.04,29.34,0
2837,3,45,113,20240717,1,103.66,25.91,0
2838,3,9,505,20240719,1,347.17,61.27,1
2839,3,28,572,20240721,2,504.97,89.11,0
2840,3,30,556,20240714,2,439.55,109.89,0
2841,3,23,368,20240722,1,281.27,49.63,0
2842,3,44,490,20240724,1,232.13,40.97,0
2843,3,43,599,20240705,1,249.37,44.01,0
2844,3,13,383,20240725,2,705.82,176.46,0
2845,3,55,9,20240703,1,95.35,10.6,0
2846,3,3,308,20240725,1,359.02,89.76,0
2847,3,15,93,20240715,1,328.15,36.46,0
2848,3,51,180,20240728,1,55.84,9.85,0
2849,3,1,455,20240720,1,209.74,37.01,0
2850,3,15,54,20240702,1,291.69,72.92,0
2851,3,47,20,20240731,1,103.16,18.21,0
2852,3,10,380,20240723,1,196.51,49.13,0
2853,3,11,228,20240725,1,192.8,34.02,0
2854,3,49,498,20240713,1,48.1,12.03,0
2855,3,7,57,20240722,1,245.87,61.47,0
2856,3,51,363,20240716,1,52.55,13.14,0
2857,3,6,456,20240701,1,351.04,61.95,0
2858,3,43,203,20240727,1,264.04,29.34,0
2859,3,41,96,20240726,1,134.05,23.65,0
2860,3,43,295,20240731,2,498.75,88.01,0
2861,3,52,536,20240704,1,66.77,16.69,0
2862,3,47,214,20240712,2,206.33,36.41,0
2863,3,21,72,20240726,1,387.72,166.16,0
2864,3,22,507,20240716,1,474.32,52.7,0
2865,3,44,294,20240720,1,245.79,27.31,0
2866,4,13,276,20240718,1,374.97,66.17,0
2867,4,46,460,20240712,1,185.97,32.82,0
2868,4,49,231,20240719,1,48.1,12.03,0
2869,4,51,178,20240713,1,55.84,9.85,0
2870,4,45,233,20240707,1,116.61,12.96,0
2871,4,54,286,20240717,1,113.34,28.34,0
2872,4,17,80,20240708,1,251.24,27.92,0
2873,4,41,97,20240709,1,126.16,31.54,0
2874,4,13,85,20240710,1,374.97,66.17,0
2875,4,54,135,20240718,2,240.86,42.5,0
2876,4,52,305,20240722,1,66.77,16.69,0
2877,4,46,62,20240729,1,175.03,43.76,1
2878,4,43,42,20240705,1,234.7,58.68,0
2879,4,47,439,20240723,1,84.96,36.41,0
2880,4,17,522,20240702,1,237.29,41.87,0
2881,4,15,415,20240708,1,328.15,36.46,1
2882,4,42,421,20240716,1,79.72,19.93,0
2883,4,53,520,20240729,1,139.5,34.87,0
2884,4,22,211,20240714,1,447.97,79.05,0
2885,4,45,516,20240719,1,103.66,25.91,0
2886,4,47,23,20240725,1,97.1,24.27,0
2887,4,45,61,20240728,1,116.61,12.96,0
2888,4,47,454,20240709,1,97.1,24.27,0
2889,4,44,167,20240701,1,245.79,27.31,0
2890,4,49,522,20240719,1,48.1,12.03,0
2891,4,43,209,20240727,1,249.37,44.01,0
2892,4,56,316,20240725,1,58.26,6.47,0
2893,4,23,549,20240720,1,297.81,33.09,0
2894,4,52,310,20240722,2,150.23,16.69,0
2895,4,49,429,20240722,1,48.1,12.03,0
2896,4,7,450,20240715,1,261.24,46.1,0
2897,4,5,525,20240707,3,683.53,120.62,0
2898,4,52,78,20240724,1,66.77,16.69,0
2899,4,42,386,20240715,1,89.68,9.97,0
2900,4,44,54,20240731,1,218.48,54.62,0
2901,4,29,524,20240704,2,819.36,204.84,0
2902,4,20,160,20240703,2,595.03,66.11,0
2903,4,41,553,20240714,1,141.93,15.77,0
2904,4,42,425,20240702,1,79.72,19.93,0
2905,4,13,31,20240718,1,374.97,66.17,0
2906,4,56,579,20240722,1,51.78,12.95,0
2907,4,48,434,20240706,1,124.86,22.03,0
2908,4,42,176,20240730,1,84.7,14.95,0
2909,4,47,18,20240726,1,97.1,24.27,0
2910,4,48,432,20240708,1,132.2,14.69,0
2911,4,45,189,20240707,1,103.66,25.91,0
2912,4,24,303,20240721,2,1249.9,138.88,0
2913,4,43,20,20240726,1,249.37,44.01,0
2914,4,3,565,20240719,2,807.8,89.76,1
2915,4,24,386,20240730,1,555.51,138.88,1
2916,4,49,137,20240721,1,54.12,6.01,0
2917,4,53,262,20240728,1,139.5,34.87,0
2918,4,56,249,20240717,1,55.02,9.71,0
2919,4,45,361,20240728,1,103.66,25.91,0
2920,4,48,410,20240728,3,374.57,66.1,0
2921,4,12,475,20240714,2,815.85,90.65,0
2922,4,55,581,20240720,1,90.06,15.89,0
2923,4,43,538,20240727,1,249.37,44.01,0
2924,5,43,583,20240714,1,264.04,29.34,0
2925,5,44,159,20240719,2,436.96,109.24,0
2926,5,52,410,20240719,1,66.77,16.69,0
2927,5,48,125,20240718,1,124.86,22.03,1
2928,5,19,253,20240708,1,341.01,85.25,0
2929,5,20,413,20240704,2,595.03,66.11,0
2930,5,2,409,20240701,1,246.56,61.64,0
2931,5,50,35,20240705,2,281.82,70.46,0
2932,5,18,589,20240728,1,623.25,69.25,0
2933,5,24,336,20240716,1,555.51,138.88,0
2934,5,45,12,20240727,1,103.66,25.91,0
2935,5,43,32,20240711,1,249.37,44.01,0
2936,5,55,268,20240719,1,84.76,21.19,0
2937,5,55,35,20240718,1,84.76,21.19,0
2938,5,54,374,20240721,1,127.51,14.17,0
2939,5,41,441,20240708,1,141.93,15.77,0
2940,5,24,298,20240719,1,555.51,138.88,0
2941,5,53,168,20240728,1,139.5,34.87,0
2942,5,10,415,20240711,1,196.51,49.13,0
2943,5,8,359,20240704,1,440.93,48.99,0
2944,5,10,151,20240702,1,221.08,24.56,0
2945,5,18,42,20240723,1,623.25,69.25,0
2946,5,19,460,20240707,1,362.32,63.94,0
2947,5,41,548,20240710,1,141.93,15.77,0
2948,5,52,482,20240714,1,75.11,8.35,0
2949,5,18,366,20240714,1,554.0,138.5,0
2950,5,44,81,20240703,2,436.96,109.24,0
2951,5,28,363,20240709,2,534.67,59.41,0
2952,5,6,329,20240717,1,330.39,82.6,0
2953,5,53,255,20240729,1,148.21,26.16,0
2954,5,47,292,20240720,1,103.16,18.21,1
2955,5,41,283,20240701,1,134.05,23.65,0
2956,5,52,84,20240701,1,66.77,16.69,0
2957,5,44,41,20240726,1,245.79,27.31,0
2958,5,47,456,20240708,1,97.1,24.27,0
2959,5,43,392,20240718,1,234.7,58.68,0
2960,5,44,136,20240710,2,464.27,81.93,0
2961,5,4,516,20240707,1,358.74,63.31,0
2962,5,41,572,20240730,1,134.05,23.65,1
2963,5,49,95,20240716,1,48.1,12.03,0
2964,5,53,149,20240718,2,313.87,34.87,0
2965,5,34,49,20240726,1,275.56,68.89,0
2966,5,15,413,20240711,1,328.15,36.46,0
2967,5,24,322,20240702,1,624.95,69.44,0
2968,5,48,286,20240708,1,124.86,22.03,0
2969,5,41,202,20240710,2,252.32,63.08,0
2970,5,42,250,20240703,1,79.72,19.93,0
2971,5,24,185,20240719,1,486.07,208.32,0
2972,5,23,394,20240708,2,595.62,66.18,0
2973,5,53,7,20240703,1,139.5,34.87,0
2974,5,55,43,20240707,1,84.76,21.19,0
2975,5,47,90,20240713,1,109.23,12.14,0
2976,5,45,222,20240721,1,103.66,25.91,0
2977,5,2,30,20240719,3,739.68,184.92,0
2978,6,25,472,20240705,1,358.46,89.62,0
2979,6,32,192,20240725,1,421.24,46.8,0
2980,6,7,505,20240713,1,261.24,46.1,0
2981,6,22,141,20240730,1,421.62,105.4,0
2982,6,21,128,20240702,1,443.1,110.78,0
2983,6,2,543,20240718,1,261.97,46.23,0
2984,6,21,172,20240707,1,470.8,83.08,0
2985,6,54,418,20240720,1,120.43,21.25,1
2986,6,7,434,20240713,1,276.61,30.73,0
2987,6,45,416,20240701,1,110.13,19.44,0
2988,6,6,73,20240701,1,330.39,82.6,0
2989,6,49,93,20240712,1,48.1,12.03,0
2990,6,42,64,20240714,1,79.72,19.93,0
2991,6,5,453,20240712,1,214.44,53.61,0
2992,6,23,328,20240719,2,562.53,99.27,0
2993,6,56,82,20240723,1,55.02,9.71,0
2994,6,47,415,20240725,1,103.16,18.21,0
2995,6,14,331,20240719,1,323.88,35.99,0
2996,6,45,8,20240723,1,110.13,19.44,0
2997,6,41,486,20240712,1,110.39,47.31,0
2998,6,53,191,20240726,1,139.5,34.87,0
2999,6,6,148,20240706,1,371.69,41.3,0
3000,6,48,415,20240723,1,132.2,14.69,0
3001,6,19,168,20240710,2,682.02,170.5,0
3002,6,40,170,20240727,1,546.64,136.66,0
3003,6,44,347,20240715,1,245.79,27.31,0
3004,6,11,1,20240721,1,181.46,45.36,0
3005,6,44,142,20240703,1,218.48,54.62,0
3006,6,56,10,20240707,1,51.78,12.95,0
3007,6,46,351,20240726,1,185.97,32.82,0
3008,6,49,72,20240705,2,102.22,18.04,0
3009,6,44,252,20240707,1,232.13,40.97,0
3010,6,43,155,20240707,1,234.7,58.68,0
3011,6,8,519,20240730,1,440.93,48.99,0
3012,6,55,454,20240723,1,90.06,15.89,1
3013,6,14,321,20240701,1,323.88,35.99,0
3014,6,45,485,20240706,1,103.66,25.91,0
3015,6,41,445,20240726,1,141.93,15.77,0
3016,6,54,583,20240716,1,120.43,21.25,0
3017,6,7,415,20240730,1,276.61,30.73,0
3018,6,54,269,20240707,1,120.43,21.25,0
3019,6,42,214,20240731,1,84.7,14.95,0
3020,6,44,589,20240704,3,655.44,163.86,0
3021,6,45,519,20240727,1,116.61,12.96,0
3022,6,6,213,20240714,1,351.04,61.95,0
3023,6,55,264,20240705,1,84.76,21.19,0
3024,6,27,547,20240729,1,251.74,62.94,0
3025,6,42,17,20240726,1,84.7,14.95,0
3026,6,43,168,20240701,1,234.7,58.68,0
3027,6,53,408,20240705,2,278.99,69.75,0
3028,6,48,132,20240723,1,117.51,29.38,0
3029,6,48,535,20240707,1,124.86,22.03,0
3030,6,26,379,20240702,3,1180.75,295.19,0
3031,6,21,455,20240713,1,470.8,83.08,0
3032,6,23,456,20240720,1,297.81,33.09,0
3033,6,10,428,20240705,1,196.51,49.13,0
3034,6,27,461,20240703,1,267.48,47.2,0
3035,6,45,331,20240722,1,103.66,25.91,0
3036,6,54,442,20240711,2,255.02,28.34,0
3037,6,1,425,20240709,1,197.4,49.35,0
3038,6,43,362,20240726,1,264.04,29.34,0
3039,6,19,525,20240709,1,362.32,63.94,0
3040,6,45,417,20240719,1,110.13,19.44,0
3041,6,47,43,20240730,1,103.16,18.21,0
3042,6,1,306,20240724,2,444.15,49.35,0
3043,6,51,47,20240726,2,111.67,19.71,0
3044,6,41,285,20240726,1,141.93,15.77,1
3045,6,5,488,20240724,1,227.84,40.21,0
3046,6,48,113,20240720,1,132.2,14.69,0
3047,6,29,363,20240707,1,460.89,51.21,0
3048,6,56,511,20240725,1,58.26,6.47,0
3049,6,44,562,20240721,1,232.13,40.97,0
3050,7,5,93,20240714,1,241.24,26.81,0
3051,7,51,320,20240712,1,59.12,6.57,0
3052,7,2,546,20240705,1,261.97,46.23,0
3053,7,46,436,20240714,2,371.94,65.64,0
3054,7,19,328,20240724,1,341.01,85.25,0
3055,7,47,431,20240726,1,103.16,18.21,0
3056,7,20,370,20240706,1,264.46,66.11,0
3057,7,45,529,20240724,1,110.13,19.44,0
3058,7,8,219,20240707,1,416.43,73.49,0
3059,7,50,93,20240722,1,123.3,52.84,0
3060,7,43,349,20240715,1,249.37,44.01,0
3061,7,17,148,20240719,2,446.66,111.66,0
3062,7,42,156,20240708,1,79.72,19.93,1
3063,7,16,439,20240729,1,334.99,37.22,0
3064,7,56,458,20240711,1,55.02,9.71,0
3065,7,21,322,20240719,1,470.8,83.08,0
3066,7,42,41,20240707,3,239.16,59.79,0
3067,7,44,506,20240727,1,218.48,54.62,1
3068,7,5,172,20240720,1,187.63,80.42,0
3069,7,52,538,20240713,1,70.94,12.52,0
3070,7,49,409,20240701,1,54.12,6.01,0
3071,7,2,342,20240722,2,493.12,123.28,1
3072,7,2,397,20240724,1,246.56,61.64,0
3073,7,42,501,20240728,1,89.68,9.97,0
3074,7,55,122,20240701,1,84.76,21.19,1
3075,7,43,397,20240702,1,234.7,58.68,0
3076,7,44,448,20240718,1,218.48,54.62,0
3077,7,24,503,20240722,2,1180.46,208.32,1
3078,7,47,196,20240711,2,218.47,24.27,0
3079,7,32,175,20240711,1,421.24,46.8,0
3080,7,52,326,20240727,1,66.77,16.69,1
3081,7,41,228,20240715,1,126.16,31.54,0
3082,7,21,108,20240717,1,443.1,110.78,0
3083,7,21,105,20240703,2,886.21,221.55,0
3084,7,12,549,20240725,2,770.53,135.97,0
3085,7,7,39,20240715,1,245.87,61.47,0
3086,7,48,310,20240719,1,132.2,14.69,0
3087,7,53,485,20240726,1,148.21,26.16,0
3088,7,49,438,20240719,2,84.18,36.08,0
3089,7,17,492,20240731,1,251.24,27.92,0
3090,7,52,165,20240707,2,141.88,25.04,0
3091,7,51,573,20240720,1,52.55,13.14,0
3092,7,49,312,20240725,1,51.11,9.02,0
3093,7,12,382,20240721,1,385.26,67.99,0
3094,7,45,478,20240703,1,110.13,19.44,1
3095,7,13,181,20240730,1,352.91,88.23,0
3096,7,6,118,20240724,1,330.39,82.6,0
3097,7,1,97,20240714,1,197.4,49.35,0
3098,7,42,308,20240713,1,79.72,19.93,0
3099,7,24,576,20240727,1,555.51,138.88,0
3100,7,48,129,20240707,1,132.2,14.69,0
3101,7,44,435,20240718,2,491.58,54.62,0
3102,7,54,600,20240731,2,226.69,56.67,0
3103,7,43,471,20240713,1,234.7,58.68,0
3104,7,47,321,20240704,3,327.7,36.41,1
3105,7,36,132,20240724,1,507.62,89.58,0
3106,7,44,214,20240705,1,245.79,27.31,0
3107,7,47,17,20240724,1,97.1,24.27,0
3108,7,48,414,20240704,1,117.51,29.38,0
3109,7,17,312,20240704,1,237.29,41.87,1
3110,7,38,113,20240728,1,666.86,117.68,0
3111,7,32,366,20240718,1,421.24,46.8,0
3112,7,55,162,20240724,2,180.11,31.79,0
3113,7,16,47,20240721,1,316.38,55.83,0
3114,7,14,214,20240701,1,305.89,53.98,0
3115,7,53,409,20240727,1,139.5,34.87,0
3116,7,12,68,20240716,1,407.92,45.33,0
3117,7,53,494,20240709,1,156.93,17.44,0
3118,7,44,469,20240710,1,232.13,40.97,0
3119,7,46,15,20240717,1,175.03,43.76,1
3120,7,20,199,20240719,1,280.98,49.59,0
3121,7,46,492,20240702,1,175.03,43.76,0
3122,7,21,257,20240731,1,498.49,55.39,0
3123,7,47,562,20240708,1,109.23,12.14,0
3124,7,42,434,20240703,1,79.72,19.93,0
3125,8,8,3,20240710,1,391.94,97.98,0
3126,8,52,270,20240705,1,70.94,12.52,0
3127,8,44,190,20240706,1,245.79,27.31,0
3128,8,46,20,20240731,2,371.94,65.64,0
3129,8,19,158,20240722,1,383.63,42.63,0
3130,8,48,580,20240701,1,124.86,22.03,0
3131,8,7,132,20240705,1,245.87,61.47,0
3132,8,53,134,20240705,1,122.06,52.31,0
3133,8,41,48,20240706,1,141.93,15.77,0
3134,8,4,198,20240728,1,379.84,42.21,0
3135,8,46,163,20240708,1,196.91,21.88,0
3136,8,53,130,20240708,1,139.5,34.87,0
3137,8,23,6,20240707,1,264.72,66.18,0
3138,8,23,598,20240706,1,264.72,66.18,1
3139,8,31,249,20240731,1,397.29,70.11,0
3140,8,46,95,20240709,1,196.91,21.88,0
3141,8,47,68,20240711,3,309.49,54.62,0
3142,8,47,524,20240709,2,218.47,24.27,0
3143,8,47,379,20240702,1,103.16,18.21,0
3144,8,22,404,20240708,1,447.97,79.05,0
3145,8,44,418,20240714,1,218.48,54.62,0
3146,8,54,398,20240705,1,127.51,14.17,0
3147,8,51,469,20240716,1,59.12,6.57,0
3148,8,47,332,20240728,2,194.19,48.55,0
3149,8,13,592,20240709,1,352.91,88.23,0
3150,8,42,243,20240701,1,84.7,14.95,0
3151,8,42,513,20240720,1,89.68,9.97,0
3152,8,4,214,20240703,1,379.84,42.21,1
3153,8,1,281,20240716,1,222.07,24.68,0
3154,8,48,144,20240718,2,235.02,58.76,0
3155,8,52,202,20240713,1,58.42,25.04,0
3156,8,56,593,20240719,1,55.02,9.71,0
3157,8,47,196,20240727,1,103.16,18.21,0
3158,8,3,308,20240720,1,359.02,89.76,0
3159,8,13,424,20240701,1,352.91,88.23,0
3160,8,53,27,20240723,1,148.21,26.16,0
3161,8,44,399,20240714,1,245.79,27.31,1
3162,8,9,279,20240704,1,367.6,40.84,0
3163,8,42,430,20240724,1,84.7,14.95,0
3164,8,44,577,20240727,2,491.58,54.62,0
3165,8,53,506,20240718,1,156.93,17.44,0
3166,8,10,11,20240720,3,589.54,147.38,0
3167,8,42,166,20240710,1,84.7,14.95,0
3168,8,51,122,20240729,1,55.84,9.85,0
3169,8,49,253,20240713,1,48.1,12.03,0
3170,8,12,268,20240710,1,362.6,90.65,0
3171,8,9,490,20240729,1,347.17,61.27,0
3172,8,50,557,20240719,1,140.91,35.23,0
3173,8,6,508,20240713,1,330.39,82.6,0
3174,1,45,311,20240826,2,220.27,38.87,0
3175,1,41,91,20240829,1,126.16,31.54,0
3176,1,3,325,20240810,1,426.34,22.44,0
3177,1,50,488,20240805,1,167.33,8.81,0
3178,1,48,74,20240828,1,124.86,22.03,0
3179,1,42,114,20240808,1,89.68,9.97,0
3180,1,50,156,20240822,1,123.3,52.84,0
3181,1,17,224,20240804,1,279.16,0.0,0
3182,1,7,562,20240811,2,614.68,0.0,0
3183,1,54,509,20240809,1,141.68,0.0,0
3184,1,18,67,20240824,1,623.25,69.25,0
3185,1,45,400,20240830,1,103.66,25.91,0
3186,1,20,349,20240820,3,991.71,0.0,0
3187,1,47,150,20240814,1,121.37,0.0,0
3188,1,56,414,20240828,1,64.73,0.0,0
3189,1,54,9,20240805,1,141.68,0.0,0
3190,1,1,282,20240816,1,209.74,37.01,0
3191,1,49,432,20240804,3,180.39,0.0,0
3192,1,9,106,20240828,1,388.02,20.42,0
3193,1,7,103,20240829,1,291.97,15.37,0
3194,1,11,114,20240816,1,226.82,0.0,0
3195,1,19,180,20240804,1,426.26,0.0,0
3196,1,9,539,20240818,1,388.02,20.42,0
3197,1,29,568,20240807,1,512.1,0.0,1
3198,1,42,119,20240809,1,84.7,14.95,0
3199,1,17,327,20240830,1,223.33,55.83,0
3200,1,56,135,20240831,2,129.46,0.0,0
3201,1,55,369,20240830,1,95.35,10.6,0
3202,1,41,131,20240831,1,149.82,7.88,0
3203,1,42,338,20240830,1,99.65,0.0,0
3204,1,22,98,20240808,2,1054.04,0.0,0
3205,1,45,132,20240830,1,129.57,0.0,0
3206,1,2,229,20240818,1,277.38,30.82,0
3207,1,38,26,20240801,1,627.63,156.91,0
3208,1,56,100,20240822,1,58.26,6.47,0
3209,1,56,413,20240808,1,51.78,12.95,0
3210,1,46,505,20240820,1,207.85,10.94,0
3211,1,29,192,20240826,1,512.1,0.0,0
3212,1,49,51,20240819,1,57.12,3.01,0
3213,1,19,387,20240823,1,362.32,63.94,0
3214,1,55,280,20240803,1,100.65,5.3,0
3215,1,41,96,20240812,1,157.7,0.0,0
3216,1,10,367,20240830,1,196.51,49.13,1
3217,1,45,165,20240808,1,116.61,12.96,0
3218,1,47,511,20240821,1,121.37,0.0,0
3219,1,54,189,20240828,1,120.43,21.25,0
3220,1,53,33,20240808,1,174.37,0.0,1
3221,1,3,408,20240809,1,403.9,44.88,0
3222,1,6,30,20240820,1,412.99,0.0,0
3223,1,16,169,20240813,1,372.21,0.0,0
3224,1,44,347,20240812,3,819.3,0.0,0
3225,1,46,551,20240822,1,218.79,0.0,0
3226,1,55,144,20240830,1,105.95,0.0,0
3227,1,43,454,20240820,2,528.08,58.68,0
3228,1,5,28,20240806,2,509.29,26.81,0
3229,1,8,368,20240810,1,440.93,48.99,0
3230,1,11,6,20240822,2,453.64,0.0,0
3231,1,11,125,20240813,1,204.14,22.68,0
3232,1,11,367,20240827,1,226.82,0.0,0
3233,1,9,591,20240801,1,367.6,40.84,1
3234,1,44,87,20240808,1,273.1,0.0,0
3235,1,1,350,20240820,1,246.75,0.0,0
3236,1,3,288,20240814,1,448.78,0.0,0
3237,1,46,461,20240823,1,207.85,10.94,1
3238,1,51,223,20240819,1,65.69,0.0,0
3239,1,50,548,20240805,2,317.05,35.23,0
3240,1,6,251,20240825,1,412.99,0.0,0
3241,1,2,107,20240815,1,246.56,61.64,0
3242,1,8,439,20240830,2,979.84,0.0,0
3243,1,3,69,20240811,1,403.9,44.88,0
3244,1,3,489,20240805,1,381.46,67.32,0
3245,1,2,252,20240818,1,292.79,15.41,0
3246,1,47,25,20240803,1,115.3,6.07,0
3247,1,48,155,20240813,1,146.89,0.0,0
3248,1,42,142,20240807,1,94.67,4.98,0
3249,1,53,510,20240813,1,174.37,0.0,0
3250,1,3,251,20240803,1,448.78,0.0,1
3251,1,52,153,20240815,1,79.29,4.17,0
3252,1,18,515,20240828,1,692.5,0.0,0
3253,1,28,265,20240828,1,282.19,14.85,0
3254,1,44,74,20240804,1,259.44,13.66,0
3255,1,52,282,20240829,2,166.92,0.0,0
3256,1,55,300,20240822,1,105.95,0.0,0
3257,1,44,500,20240806,2,546.2,0.0,0
3258,1,54,255,20240806,2,283.36,0.0,0
3259,1,54,481,20240816,1,141.68,0.0,0
3260,1,24,286,20240814,1,659.67,34.72,0
3261,1,53,417,20240827,1,148.21,26.16,1
3262,1,9,429,20240821,2,776.04,40.84,0
3263,1,30,432,20240811,1,274.72,0.0,0
3264,1,8,237,20240825,2,881.86,97.98,0
3265,1,17,276,20240824,1,265.2,13.96,0
3266,1,11,381,20240828,1,226.82,0.0,0
3267,1,3,564,20240829,1,448.78,0.0,0
3268,1,41,581,20240828,1,157.7,0.0,0
3269,2,51,54,20240815,1,55.84,9.85,0
3270,2,4,464,20240815,1,400.95,21.1,0
3271,2,43,160,20240818,1,293.38,0.0,0
3272,2,5,410,20240823,1,241.24,26.81,0
3273,2,49,144,20240825,1,60.13,0.0,0
3274,2,55,156,20240828,1,105.95,0.0,0
3275,2,49,516,20240801,2,108.23,12.03,0
3276,2,23,209,20240830,1,297.81,33.09,0
3277,2,52,24,20240807,1,79.29,4.17,0
3278,2,51,511,20240831,2,118.24,13.14,0
3279,2,50,260,20240824,1,176.14,0.0,0
3280,2,55,380,20240820,2,201.3,10.6,1
3281,2,41,379,20240830,1,157.7,0.0,0
3282,2,52,1,20240825,1,70.94,12.52,0
3283,2,6,544,20240803,1,412.99,0.0,0
3284,2,41,522,20240823,1,157.7,0.0,0
3285,2,41,63,20240819,1,141.93,15.77,0
3286,2,22,219,20240809,1,421.62,105.4,0
3287,2,18,470,20240827,1,623.25,69.25,0
3288,2,25,413,20240811,1,425.68,22.4,1
3289,2,55,462,20240817,1,105.95,0.0,0
3290,2,18,474,20240818,2,1315.75,69.25,0
3291,2,50,210,20240826,1,167.33,8.81,0
3292,2,47,435,20240816,1,121.37,0.0,0
3293,2,47,395,20240826,1,115.3,6.07,0
3294,2,28,43,20240815,1,297.04,0.0,0
3295,2,17,195,20240824,1,195.41,83.75,0
3296,2,26,154,20240809,1,491.98,0.0,0
3297,2,30,522,20240818,2,384.61,164.83,0
3298,2,23,494,20240806,1,330.9,0.0,0
3299,2,42,436,20240811,1,94.67,4.98,0
3300,2,44,156,20240814,1,232.13,40.97,0
3301,2,44,394,20240826,1,232.13,40.97,0
3302,2,44,63,20240814,1,273.1,0.0,0
3303,2,22,5,20240806,2,1054.04,0.0,0
3304,2,44,484,20240826,2,546.2,0.0,0
3305,2,49,171,20240805,1,54.12,6.01,0
3306,2,48,119,20240831,1,117.51,29.38,0
3307,2,53,517,20240804,1,174.37,0.0,0
3308,2,33,85,20240830,1,480.0,0.0,0
3309,2,3,298,20240805,1,448.78,0.0,0
3310,2,9,458,20240816,1,367.6,40.84,0
3311,2,7,487,20240816,2,553.21,61.47,0
3312,2,31,417,20240804,1,467.4,0.0,0
3313,2,7,273,20240810,1,307.34,0.0,0
3314,2,6,142,20240801,1,330.39,82.6,0
3315,2,30,187,20240822,1,260.98,13.74,0
3316,2,50,14,20240805,1,176.14,0.0,0
3317,2,5,117,20240815,1,268.05,0.0,1
3318,2,42,99,20240811,1,79.72,19.93,1
3319,2,3,411,20240802,1,448.78,0.0,1
3320,2,44,467,20240812,1,232.13,40.97,0
3321,2,44,212,20240828,1,273.1,0.0,0
3322,2,42,484,20240812,1,99.65,0.0,0
3323,2,5,424,20240819,1,187.63,80.42,0
3324,2,37,213,20240821,1,596.94,0.0,0
3325,2,56,374,20240803,1,55.02,9.71,0
3326,2,51,171,20240805,1,62.41,3.28,0
3327,2,43,145,20240824,1,293.38,0.0,1
3328,2,41,18,20240801,1,141.93,15.77,0
3329,2,1,147,20240811,1,246.75,0.0,0
3330,2,55,203,20240816,2,211.9,0.0,0
3331,2,23,206,20240808,1,264.72,66.18,0
3332,2,1,241,20240826,1,246.75,0.0,1
3333,2,42,545,20240803,1,84.7,14.95,0
3334,2,4,557,20240831,1,337.64,84.41,1
3335,2,51,51,20240829,1,65.69,0.0,0
3336,2,20,428,20240830,1,330.57,0.0,0
3337,2,9,141,20240813,1,347.17,61.27,0
3338,2,42,311,20240822,1,69.76,29.89,0
3339,2,45,226,20240825,1,110.13,19.44,0
3340,2,50,218,20240803,1,176.14,0.0,0
3341,2,52,208,20240822,1,79.29,4.17,0
3342,2,45,128,20240820,2,259.14,0.0,0
3343,2,23,365,20240824,1,314.36,16.54,0
3344,2,2,101,20240821,1,292.79,15.41,0
3345,2,47,222,20240817,2,242.74,0.0,0
3346,2,55,26,20240814,1,84.76,21.19,0
3347,2,55,412,20240803,2,190.71,21.19,0
3348,2,43,528,20240806,1,293.38,0.0,0
3349,2,44,333,20240801,1,273.1,0.0,0
3350,3,41,326,20240821,1,149.82,7.88,0
3351,3,43,156,20240819,1,278.71,14.67,0
3352,3,24,571,20240814,1,694.39,0.0,0
3353,3,49,298,20240812,1,48.1,12.03,0
3354,3,50,565,20240804,2,317.05,35.23,0
3355,3,10,361,20240819,2,491.28,0.0,0
3356,3,42,316,20240828,1,99.65,0.0,0
3357,3,41,189,20240817,2,315.4,0.0,1
3358,3,19,504,20240809,1,426.26,0.0,0
3359,3,41,201,20240812,1,141.93,15.77,0
3360,3,3,401,20240801,1,448.78,0.0,0
3361,3,48,412,20240827,1,139.55,7.34,0
3362,3,46,194,20240822,1,218.79,0.0,0
3363,3,42,43,20240814,1,99.65,0.0,0
3364,3,56,268,20240801,1,64.73,0.0,0
3365,3,15,588,20240826,1,364.61,0.0,0
3366,3,32,26,20240815,2,842.47,93.61,0
3367,3,56,284,20240823,2,116.51,12.95,0
3368,3,38,262,20240810,2,1412.17,156.91,0
3369,3,48,382,20240802,1,146.89,0.0,0
3370,3,18,550,20240808,1,623.25,69.25,0
3371,3,54,275,20240822,2,269.19,14.17,0
3372,3,13,362,20240817,1,374.97,66.17,0
3373,3,47,222,20240821,1,103.16,18.21,0
3374,3,53,472,20240814,1,174.37,0.0,1
3375,3,32,250,20240816,1,444.64,23.4,0
3376,3,55,258,20240806,1,100.65,5.3,0
3377,3,23,33,20240810,3,893.43,99.27,0
3378,3,5,33,20240812,1,268.05,0.0,0
3379,3,13,53,20240820,1,441.14,0.0,0
3380,3,11,581,20240815,2,408.28,45.36,0
3381,3,48,323,20240802,1,132.2,14.69,0
3382,3,46,576,20240809,1,175.03,43.76,1
3383,3,7,363,20240830,1,291.97,15.37,0
3384,3,41,576,20240802,1,157.7,0.0,0
3385,3,22,272,20240804,1,527.02,0.0,0
3386,3,44,339,20240825,1,245.79,27.31,0
3387,3,2,30,20240807,1,308.2,0.0,0
3388,3,51,271,20240809,1,65.69,0.0,0
3389,3,47,53,20240805,2,206.33,36.41,0
3390,3,28,357,20240817,1,282.19,14.85,0
3391,3,18,83,20240810,1,623.25,69.25,0
3392,3,10,353,20240819,1,221.08,24.56,0
3393,3,28,428,20240827,1,267.34,29.7,0
3394,3,42,395,20240805,1,99.65,0.0,0
3395,3,51,384,20240804,1,59.12,6.57,0
3396,3,43,435,20240831,1,293.38,0.0,0
3397,3,42,164,20240801,1,89.68,9.97,0
3398,3,41,442,20240801,1,157.7,0.0,0
3399,3,4,447,20240808,2,801.89,42.21,0
3400,3,41,553,20240824,1,157.7,0.0,0
3401,3,51,234,20240805,2,118.24,13.14,0
3402,3,51,544,20240822,2,131.38,0.0,0
3403,3,41,299,20240830,1,157.7,0.0,0
3404,3,11,376,20240821,1,192.8,34.02,0
3405,3,51,253,20240802,1,59.12,6.57,0
3406,3,14,66,20240809,1,359.87,0.0,0
3407,3,45,199,20240804,1,116.61,12.96,0
3408,3,4,382,20240829,1,422.05,0.0,0
3409,3,50,600,20240808,2,317.05,35.23,0
3410,3,42,118,20240816,1,99.65,0.0,0
3411,3,48,348,20240831,1,146.89,0.0,0
3412,3,8,438,20240826,1,489.92,0.0,0
3413,3,42,160,20240805,1,89.68,9.97,0
3414,3,4,454,20240806,1,337.64,84.41,0
3415,3,47,141,20240807,1,121.37,0.0,1
3416,4,48,83,20240819,1,146.89,0.0,0
3417,4,49,182,20240812,1,60.13,0.0,1
3418,4,7,569,20240801,1,291.97,15.37,0
3419,4,4,57,20240820,1,422.05,0.0,0
3420,4,47,49,20240806,1,121.37,0.0,0
3421,4,4,357,20240809,1,379.84,42.21,0
3422,4,43,46,20240810,1,293.38,0.0,0
3423,4,51,322,20240803,1,65.69,0.0,0
3424,4,21,153,20240804,1,553.88,0.0,0
3425,4,3,564,20240801,1,448.78,0.0,1
3426,4,10,421,20240824,2,442.15,49.13,0
3427,4,41,89,20240808,1,149.82,7.88,0
3428,4,56,478,20240821,3,174.77,19.42,0
3429,4,45,44,20240824,1,129.57,0.0,0
3430,4,26,486,20240801,1,442.78,49.2,0
3431,4,2,29,20240830,1,308.2,0.0,0
3432,4,46,381,20240826,1,218.79,0.0,1
3433,4,50,266,20240803,1,149.72,26.42,0
3434,4,32,118,20240830,1,468.04,0.0,0
3435,4,15,120,20240820,1,364.61,0.0,0
3436,4,55,363,20240823,1,90.06,15.89,0
3437,4,7,557,20240813,1,307.34,0.0,0
3438,4,54,558,20240808,1,141.68,0.0,0
3439,4,56,144,20240828,1,55.02,9.71,1
3440,4,45,401,20240807,1,103.66,25.91,0
3441,4,32,114,20240829,1,421.24,46.8,1
3442,4,55,105,20240803,1,95.35,10.6,0
3443,4,12,432,20240812,1,453.25,0.0,0
3444,4,55,321,20240807,1,105.95,0.0,0
3445,4,47,222,20240813,1,97.1,24.27,0
3446,4,44,234,20240813,1,273.1,0.0,0
3447,4,50,149,20240813,1,167.33,8.81,0
3448,4,50,393,20240825,1,176.14,0.0,0
3449,4,45,149,20240811,1,103.66,25.91,1
3450,4,8,128,20240819,1,465.42,24.5,0
3451,4,10,411,20240817,1,245.64,0.0,0
3452,4,8,534,20240821,1,489.92,0.0,0
3453,4,24,59,20240821,2,1319.34,69.44,0
3454,4,11,420,20240811,1,226.82,0.0,0
3455,4,23,548,20240826,1,297.81,33.09,0
3456,4,1,321,20240822,1,234.41,12.34,0
3457,4,50,473,20240814,3,528.42,0.0,0
3458,4,30,425,20240831,1,274.72,0.0,0
3459,4,45,520,20240804,1,129.57,0.0,0
3460,4,4,595,20240803,1,379.84,42.21,0
3461,4,47,117,20240829,1,97.1,24.27,0
3462,4,9,194,20240825,1,408.44,0.0,0
3463,4,43,200,20240826,1,293.38,0.0,0
3464,4,52,275,20240814,1,79.29,4.17,0
3465,4,1,488,20240819,1,234.41,12.34,0
3466,4,14,516,20240822,1,359.87,0.0,0
3467,4,23,562,20240808,2,562.53,99.27,0
3468,4,51,158,20240825,1,65.69,0.0,0
3469,4,54,189,20240805,1,120.43,21.25,0
3470,4,42,261,20240811,1,84.7,14.95,0
3471,4,47,187,20240827,2,194.19,48.55,0
3472,4,9,268,20240823,1,388.02,20.42,0
3473,4,20,97,20240812,1,314.04,16.53,0
3474,4,33,482,20240811,1,480.0,0.0,0
3475,4,46,439,20240820,1,207.85,10.94,0
3476,4,46,285,20240823,2,415.7,21.88,0
3477,4,51,193,20240830,1,62.41,3.28,0
3478,4,42,212,20240811,1,94.67,4.98,0
3479,4,56,140,20240807,1,64.73,0.0,1
3480,4,44,185,20240804,1,191.17,81.93,0
3481,5,13,236,20240821,1,419.08,22.06,0
3482,5,55,445,20240826,1,105.95,0.0,0
3483,5,17,318,20240811,1,265.2,13.96,0
3484,5,21,160,20240810,1,526.19,27.69,0
3485,5,49,377,20240822,1,60.13,0.0,0
3486,5,45,94,20240801,1,129.57,0.0,0
3487,5,47,281,20240804,1,84.96,36.41,0
3488,5,45,553,20240801,1,123.09,6.48,0
3489,5,44,138,20240820,1,273.1,0.0,0
3490,5,50,184,20240810,1,167.33,8.81,0
3491,5,50,274,20240813,1,176.14,0.0,0
3492,5,51,392,20240806,1,52.55,13.14,0
3493,5,31,240,20240823,1,420.66,46.74,0
3494,5,42,555,20240808,1,99.65,0.0,0
3495,5,49,313,20240826,1,51.11,9.02,0
3496,5,19,525,20240805,1,426.26,0.0,0
3497,5,15,552,20240824,1,309.92,54.69,0
3498,5,12,540,20240820,1,430.59,22.66,0
3499,5,45,371,20240813,1,123.09,6.48,0
3500,5,21,137,20240826,1,526.19,27.69,0
3501,5,17,23,20240818,1,279.16,0.0,0
3502,5,51,536,20240819,2,111.67,19.71,0
3503,5,46,9,20240826,1,185.97,32.82,0
3504,5,47,482,20240808,1,121.37,0.0,0
3505,5,21,5,20240813,1,470.8,83.08,0
3506,5,54,218,20240802,1,134.6,7.08,0
3507,5,21,387,20240830,1,526.19,27.69,0
3508,5,55,468,20240817,1,100.65,5.3,0
3509,5,42,444,20240801,1,84.7,14.95,0
3510,5,5,221,20240819,1,214.44,53.61,0
3511,5,48,429,20240826,1,146.89,0.0,0
3512,5,49,433,20240814,1,60.13,0.0,0
3513,5,2,186,20240831,1,277.38,30.82,0
3514,5,20,446,20240807,2,661.14,0.0,0
3515,5,41,18,20240819,2,220.78,94.62,0
3516,5,23,235,20240821,1,297.81,33.09,0
3517,5,17,183,20240816,1,251.24,27.92,0
3518,5,42,340,20240826,1,89.68,9.97,0
3519,5,45,247,20240826,2,220.27,38.87,0
3520,5,24,309,20240818,1,694.39,0.0,0
3521,5,50,295,20240817,1,158.53,17.61,0
3522,5,23,201,20240819,1,281.27,49.63,0
3523,5,44,82,20240811,1,232.13,40.97,1
3524,5,56,214,20240828,1,64.73,0.0,0
3525,5,54,471,20240801,1,120.43,21.25,0
3526,5,48,151,20240812,1,146.89,0.0,0
3527,5,55,265,20240802,1,105.95,0.0,0
3528,5,47,551,20240813,1,109.23,12.14,0
3529,5,43,91,20240803,1,293.38,0.0,0
3530,5,41,458,20240816,1,157.7,0.0,0
3531,5,22,424,20240810,1,447.97,79.05,0
3532,6,12,43,20240829,2,906.5,0.0,0
3533,6,48,384,20240817,1,146.89,0.0,0
3534,6,21,343,20240820,1,443.1,110.78,0
3535,6,44,29,20240805,1,259.44,13.66,0
3536,6,52,289,20240831,1,79.29,4.17,0
3537,6,19,364,20240801,1,362.32,63.94,0
3538,6,24,483,20240803,1,694.39,0.0,1
3539,6,12,48,20240825,1,430.59,22.66,0
3540,6,49,519,20240819,1,60.13,0.0,0
3541,6,21,342,20240805,1,553.88,0.0,0
3542,6,46,134,20240821,1,175.03,43.76,0
3543,6,41,14,20240831,1,126.16,31.54,0
3544,6,53,81,20240828,1,148.21,26.16,0
3545,6,4,371,20240803,1,400.95,21.1,0
3546,6,42,409,20240827,1,89.68,9.97,0
3547,6,18,515,20240827,1,692.5,0.0,0
3548,6,56,320,20240807,1,64.73,0.0,0
3549,6,24,419,20240824,1,694.39,0.0,0
3550,6,41,410,20240817,1,149.82,7.88,0
3551,6,47,382,20240822,1,121.37,0.0,0
3552,6,15,540,20240823,1,346.38,18.23,0
3553,6,45,4,20240821,1,116.61,12.96,0
3554,6,11,324,20240824,1,181.46,45.36,0
3555,6,52,69,20240809,1,83.46,0.0,0
3556,6,2,34,20240809,1,308.2,0.0,0
3557,6,48,93,20240810,2,293.78,0.0,0
3558,6,46,132,20240809,1,207.85,10.94,0
3559,6,13,171,20240801,1,441.14,0.0,0
3560,6,48,551,20240830,1,124.86,22.03,0
3561,6,55,491,20240830,1,84.76,21.19,0
3562,6,2,193,20240810,2,493.12,123.28,0
3563,6,14,326,20240801,1,287.9,71.97,0
3564,6,54,551,20240818,1,134.6,7.08,0
3565,6,42,60,20240812,1,94.67,4.98,0
3566,6,45,175,20240826,1,116.61,12.96,0
3567,6,54,114,20240818,1,134.6,7.08,0
3568,6,43,226,20240813,1,293.38,0.0,0
3569,6,42,57,20240810,1,89.68,9.97,1
3570,6,50,131,20240807,1,149.72,26.42,0
3571,6,43,379,20240823,1,293.38,0.0,0
3572,6,44,105,20240819,2,464.27,81.93,0
3573,6,6,90,20240806,1,330.39,82.6,0
3574,6,42,365,20240810,1,99.65,0.0,0
3575,6,9,61,20240812,2,816.88,0.0,1
3576,6,17,103,20240826,1,265.2,13.96,0
3577,6,7,321,20240829,1,291.97,15.37,0
3578,6,47,311,20240811,1,103.16,18.21,0
3579,6,51,274,20240804,1,65.69,0.0,0
3580,6,15,106,20240811,1,364.61,0.0,0
3581,6,42,390,20240801,2,179.37,19.93,0
3582,6,41,540,20240823,1,141.93,15.77,0
3583,6,13,145,20240821,1,397.03,44.11,0
3584,6,51,365,20240814,1,65.69,0.0,0
3585,6,43,391,20240830,1,293.38,0.0,0
3586,6,12,89,20240831,1,430.59,22.66,0
3587,6,6,361,20240824,1,412.99,0.0,0
3588,6,3,162,20240816,1,426.34,22.44,0
3589,6,8,506,20240805,2,979.84,0.0,0
3590,6,4,359,20240824,1,337.64,84.41,0
3591,6,19,525,20240803,2,724.64,127.88,0
3592,6,49,529,20240829,1,60.13,0.0,0
3593,6,7,187,20240813,1,291.97,15.37,0
3594,6,6,409,20240809,1,351.04,61.95,0
3595,6,54,86,20240823,1,134.6,7.08,0
3596,6,46,37,20240821,1,175.03,43.76,0
3597,6,54,226,20240804,1,141.68,0.0,0
3598,6,48,244,20240817,1,146.89,0.0,0
3599,6,9,24,20240803,1,408.44,0.0,0
3600,6,2,10,20240829,1,261.97,46.23,0
3601,6,21,592,20240830,1,553.88,0.0,0
3602,6,1,263,20240820,1,246.75,0.0,0
3603,6,54,584,20240828,1,134.6,7.08,0
3604,6,18,371,20240810,1,588.62,103.88,0
3605,6,19,419,20240808,1,404.95,21.31,0
3606,6,9,404,20240816,1,408.44,0.0,0
3607,6,5,542,20240816,2,482.49,53.61,0
3608,6,54,171,20240824,1,127.51,14.17,0
3609,7,43,550,20240822,2,586.76,0.0,0
3610,7,2,43,20240829,1,308.2,0.0,0
3611,7,54,433,20240814,1,127.51,14.17,0
3612,7,56,332,20240816,1,61.49,3.24,0
3613,7,48,589,20240826,2,264.4,29.38,0
3614,7,18,490,20240816,1,623.25,69.25,0
3615,7,54,501,20240811,1,141.68,0.0,0
3616,7,48,299,20240809,2,293.78,0.0,0
3617,7,35,121,20240817,1,375.42,0.0,0
3618,7,48,417,20240826,1,146.89,0.0,0
3619,7,50,115,20240812,1,158.53,17.61,0
3620,7,47,52,20240820,1,109.23,12.14,0
3621,7,54,113,20240819,1,120.43,21.25,0
3622,7,49,159,20240813,1,54.12,6.01,0
3623,7,51,221,20240806,1,65.69,0.0,0
3624,7,51,533,20240810,1,65.69,0.0,1
3625,7,17,35,20240825,2,474.57,83.75,0
3626,7,4,342,20240809,1,422.05,0.0,1
3627,7,12,498,20240828,1,385.26,67.99,0
3628,7,54,251,20240804,1,141.68,0.0,1
3629,7,15,274,20240819,1,291.69,72.92,0
3630,7,55,341,20240830,1,105.95,0.0,0
3631,7,13,157,20240824,1,441.14,0.0,0
3632,7,46,158,20240823,1,196.91,21.88,0
3633,7,41,366,20240826,1,157.7,0.0,0
3634,7,44,465,20240811,1,232.13,40.97,0
3635,7,51,267,20240811,1,65.69,0.0,0
3636,7,54,405,20240807,1,127.51,14.17,0
3637,7,41,577,20240801,1,134.05,23.65,0
3638,7,42,380,20240823,1,99.65,0.0,0
3639,7,13,170,20240803,1,374.97,66.17,0
3640,7,10,533,20240811,1,245.64,0.0,0
3641,7,44,488,20240825,1,245.79,27.31,0
3642,7,47,38,20240809,1,109.23,12.14,0
3643,7,6,216,20240816,1,392.34,20.65,0
3644,7,52,505,20240821,3,250.38,0.0,0
3645,7,23,3,20240804,1,330.9,0.0,0
3646,7,41,306,20240827,1,126.16,31.54,0
3647,7,4,53,20240828,1,400.95,21.1,0
3648,7,2,235,20240822,2,554.76,61.64,0
3649,7,21,269,20240825,1,553.88,0.0,0
3650,7,43,513,20240823,1,234.7,58.68,0
3651,7,42,500,20240811,1,99.65,0.0,0
3652,7,6,322,20240810,2,825.98,0.0,0
3653,7,11,19,20240805,1,181.46,45.36,0
3654,7,54,371,20240827,1,134.6,7.08,0
3655,7,47,544,20240830,1,121.37,0.0,0
3656,7,50,310,20240825,1,176.14,0.0,0
3657,7,1,456,20240815,1,246.75,0.0,0
3658,7,45,252,20240821,1,123.09,6.48,0
3659,8,6,531,20240810,1,392.34,20.65,0
3660,8,13,473,20240823,1,397.03,44.11,1
3661,8,15,32,20240801,1,364.61,0.0,0
3662,8,50,587,20240822,1,176.14,0.0,0
3663,8,41,542,20240826,1,157.7,0.0,0
3664,8,18,374,20240811,1,623.25,69.25,0
3665,8,52,435,20240819,1,75.11,8.35,0
3666,8,44,246,20240815,1,273.1,0.0,0
3667,8,54,60,20240812,1,134.6,7.08,1
3668,8,4,354,20240815,1,422.05,0.0,0
3669,8,4,480,20240827,1,422.05,0.0,0
3670,8,51,443,20240830,1,65.69,0.0,0
3671,8,52,424,20240813,1,75.11,8.35,0
3672,8,50,201,20240815,2,352.28,0.0,0
3673,8,49,234,20240823,1,48.1,12.03,0
3674,8,31,26,20240826,1,444.03,23.37,0
3675,8,14,483,20240817,1,251.91,107.96,0
3676,8,45,519,20240826,1,110.13,19.44,0
3677,8,55,130,20240828,1,100.65,5.3,0
3678,8,4,171,20240822,1,422.05,0.0,0
3679,8,55,560,20240811,1,105.95,0.0,0
3680,8,51,404,20240819,1,55.84,9.85,0
3681,8,56,382,20240825,2,122.99,6.47,0
3682,8,14,79,20240823,1,359.87,0.0,0
3683,8,46,524,20240804,1,218.79,0.0,0
3684,8,6,553,20240831,1,412.99,0.0,0
3685,8,44,309,20240804,1,218.48,54.62,0
3686,8,5,138,20240825,2,428.88,107.22,0
3687,8,2,332,20240806,1,292.79,15.41,0
3688,8,50,399,20240809,1,176.14,0.0,0
3689,8,16,495,20240801,2,744.42,0.0,0
3690,8,49,112,20240802,3,162.35,18.04,0
3691,8,16,495,20240818,1,334.99,37.22,0
3692,8,42,151,20240814,1,99.65,0.0,0
3693,8,23,400,20240802,1,297.81,33.09,0
3694,8,41,305,20240827,1,134.05,23.65,0
3695,8,23,86,20240821,1,330.9,0.0,0
3696,8,4,257,20240813,1,422.05,0.0,0
3697,8,49,16,20240826,2,108.23,12.03,0
3698,8,22,462,20240808,1,368.91,158.11,0
3699,8,2,193,20240822,1,308.2,0.0,0
3700,8,51,284,20240813,1,62.41,3.28,1
3701,8,6,408,20240806,2,825.98,0.0,0
3702,8,14,179,20240824,2,719.74,0.0,1
3703,8,41,283,20240804,1,149.82,7.88,0
3704,8,4,516,20240817,1,295.44,126.61,0
3705,8,18,335,20240827,1,692.5,0.0,0
3706,8,5,354,20240828,1,268.05,0.0,0
3707,8,3,91,20240804,1,448.78,0.0,0
3708,8,52,597,20240805,1,79.29,4.17,0
3709,1,54,505,20240901,1,120.43,21.25,0
3710,1,32,513,20240930,1,468.04,0.0,0
3711,1,53,392,20240915,1,174.37,0.0,0
3712,1,23,569,20240901,1,281.27,49.63,0
3713,1,20,571,20240919,1,314.04,16.53,0
3714,1,39,63,20240915,1,543.88,95.98,0
3715,1,28,466,20240901,1,237.63,59.41,0
3716,1,28,243,20240922,1,267.34,29.7,0
3717,1,11,463,20240902,1,192.8,34.02,0
3718,1,56,120,20240911,2,129.46,0.0,0
3719,1,5,450,20240925,2,455.68,80.42,0
3720,1,42,350,20240924,1,69.76,29.89,0
3721,1,24,369,20240928,1,659.67,34.72,0
3722,1,29,111,20240927,1,512.1,0.0,0
3723,1,32,360,20240902,1,397.83,70.21,0
3724,1,19,397,20240914,1,362.32,63.94,0
3725,1,29,26,20240922,1,512.1,0.0,0
3726,1,9,542,20240925,1,408.44,0.0,0
3727,1,23,187,20240928,1,330.9,0.0,0
3728,1,47,562,20240930,1,115.3,6.07,0
3729,1,8,384,20240916,2,783.87,195.97,0
3730,1,4,386,20240915,1,337.64,84.41,0
3731,1,27,72,20240908,2,534.96,94.4,0
3732,1,33,127,20240922,2,864.0,96.0,0
3733,1,31,553,20240905,1,420.66,46.74,1
3734,1,35,248,20240929,1,375.42,0.0,0
3735,1,36,389,20240902,1,477.76,119.44,0
3736,1,33,265,20240901,1,384.0,96.0,0
3737,1,9,350,20240923,1,408.44,0.0,0
3738,1,31,140,20240915,1,467.4,0.0,0
3739,1,24,272,20240917,1,694.39,0.0,0
3740,1,30,252,20240909,1,260.98,13.74,0
3741,1,1,147,20240904,1,246.75,0.0,0
3742,1,46,310,20240917,1,218.79,0.0,0
3743,1,17,564,20240905,1,237.29,41.87,0
3744,1,32,235,20240917,1,468.04,0.0,0
3745,1,27,493,20240924,1,314.68,0.0,0
3746,1,50,411,20240902,1,158.53,17.61,0
3747,1,51,496,20240914,1,62.41,3.28,0
3748,1,56,162,20240906,1,55.02,9.71,0
3749,1,22,486,20240926,1,527.02,0.0,0
3750,1,39,200,20240930,1,639.86,0.0,1
3751,1,9,43,20240925,1,408.44,0.0,0
3752,1,29,151,20240906,1,512.1,0.0,0
3753,1,9,376,20240922,1,347.17,61.27,0
3754,1,5,70,20240909,1,254.65,13.4,0
3755,1,45,19,20240902,1,129.57,0.0,0
3756,1,3,283,20240925,1,403.9,44.88,0
3757,1,44,350,20240906,2,546.2,0.0,0
3758,1,36,506,20240910,1,567.34,29.86,0
3759,1,52,51,20240905,1,75.11,8.35,1
3760,1,5,138,20240926,1,187.63,80.42,0
3761,1,29,103,20240913,1,486.49,25.61,0
3762,1,25,443,20240920,1,448.08,0.0,0
3763,1,32,76,20240916,1,468.04,0.0,0
3764,1,2,362,20240919,1,308.2,0.0,0
3765,1,11,276,20240905,2,453.64,0.0,1
3766,1,36,106,20240919,1,567.34,29.86,0
3767,1,30,217,20240911,2,467.02,82.42,0
3768,1,32,478,20240926,1,444.64,23.4,0
3769,1,48,318,20240911,1,124.86,22.03,0
3770,1,16,134,20240930,1,353.6,18.61,0
3771,1,28,482,20240912,1,297.04,0.0,0
3772,1,31,265,20240924,1,444.03,23.37,0
3773,1,13,474,20240910,1,374.97,66.17,0
3774,1,31,315,20240917,1,467.4,0.0,0
3775,1,41,232,20240908,1,149.82,7.88,0
3776,1,49,429,20240909,1,60.13,0.0,0
3777,1,25,363,20240902,1,448.08,0.0,0
3778,1,15,142,20240916,1,309.92,54.69,0
3779,1,19,237,20240905,2,852.52,0.0,0
3780,1,26,61,20240902,1,491.98,0.0,0
3781,1,6,117,20240930,1,412.99,0.0,0
3782,1,27,337,20240925,1,251.74,62.94,0
3783,1,25,129,20240914,2,806.54,89.62,0
3784,1,28,280,20240930,1,297.04,0.0,0
3785,1,43,331,20240915,1,278.71,14.67,0
3786,1,31,85,20240920,2,888.06,46.74,0
3787,1,9,168,20240912,1,408.44,0.0,0
3788,1,20,147,20240924,1,330.57,0.0,0
3789,1,25,465,20240920,1,403.27,44.81,0
3790,2,5,333,20240914,1,254.65,13.4,0
3791,2,17,128,20240911,1,279.16,0.0,0
3792,2,27,454,20240913,1,283.21,31.47,0
3793,2,45,237,20240912,2,259.14,0.0,0
3794,2,25,188,20240922,1,380.87,67.21,0
3795,2,54,343,20240926,1,134.6,7.08,0
3796,2,10,239,20240915,2,491.28,0.0,0
3797,2,20,104,20240909,1,231.4,99.17,0
3798,2,13,584,20240928,1,352.91,88.23,1
3799,2,24,332,20240918,1,694.39,0.0,0
3800,2,1,30,20240930,1,209.74,37.01,0
3801,2,38,56,20240916,2,1569.08,0.0,0
3802,2,29,156,20240926,1,460.89,51.21,0
3803,2,37,161,20240929,2,1193.88,0.0,1
3804,2,42,37,20240912,1,99.65,0.0,0
3805,2,34,354,20240916,1,292.78,51.67,0
3806,2,4,71,20240929,1,422.05,0.0,0
3807,2,40,322,20240920,1,614.97,68.33,0
3808,2,26,178,20240912,2,983.96,0.0,0
3809,2,27,441,20240917,3,944.04,0.0,1
3810,2,35,550,20240904,1,375.42,0.0,0
3811,2,23,1,20240922,1,330.9,0.0,0
3812,2,26,576,20240915,1,491.98,0.0,1
3813,2,30,80,20240922,1,274.72,0.0,0
3814,2,12,518,20240910,1,453.25,0.0,0
3815,2,33,428,20240902,1,480.0,0.0,0
3816,2,1,526,20240924,1,234.41,12.34,0
3817,2,26,401,20240917,1,491.98,0.0,0
3818,2,4,485,20240922,1,422.05,0.0,0
3819,2,30,431,20240923,1,233.51,41.21,0
3820,2,30,410,20240930,1,247.25,27.47,0
3821,2,27,491,20240925,1,314.68,0.0,1
3822,2,35,115,20240905,1,337.88,37.54,0
3823,2,37,361,20240922,1,537.25,59.69,0
3824,2,24,30,20240914,1,624.95,69.44,0
3825,2,15,599,20240918,1,291.69,72.92,0
3826,2,54,562,20240921,1,141.68,0.0,0
3827,2,26,446,20240907,1,467.38,24.6,0
3828,2,31,504,20240913,1,467.4,0.0,0
3829,2,7,375,20240929,1,307.34,0.0,0
3830,2,29,450,20240927,1,460.89,51.21,0
3831,2,27,355,20240907,1,314.68,0.0,0
3832,2,20,248,20240914,1,314.04,16.53,0
3833,2,34,165,20240901,1,310.0,34.45,0
3834,2,30,106,20240927,1,260.98,13.74,0
3835,2,17,346,20240905,1,279.16,0.0,0
3836,2,1,520,20240911,3,740.25,0.0,0
3837,2,36,243,20240924,1,567.34,29.86,0
3838,2,27,208,20240917,1,314.68,0.0,0
3839,2,45,29,20240926,1,129.57,0.0,0
3840,2,29,232,20240901,1,512.1,0.0,0
3841,2,29,423,20240901,1,358.47,153.63,0
3842,2,55,200,20240911,1,105.95,0.0,0
3843,2,7,336,20240912,1,307.34,0.0,0
3844,2,25,294,20240921,1,448.08,0.0,0
3845,2,24,189,20240902,1,590.23,104.16,0
3846,2,6,105,20240912,1,371.69,41.3,0
3847,2,27,345,20240930,1,298.95,15.73,0
3848,2,31,185,20240903,1,444.03,23.37,0
3849,2,32,35,20240907,1,468.04,0.0,0
3850,2,28,331,20240919,1,297.04,0.0,0
3851,3,45,266,20240928,1,129.57,0.0,0
3852,3,29,73,20240923,1,435.29,76.81,0
3853,3,44,76,20240908,1,273.1,0.0,1
3854,3,42,390,20240927,2,199.3,0.0,0
3855,3,26,255,20240921,2,885.56,98.4,0
3856,3,25,95,20240922,1,448.08,0.0,0
3857,3,26,129,20240928,1,418.18,73.8,0
3858,3,23,312,20240924,2,595.62,66.18,0
3859,3,28,81,20240924,1,237.63,59.41,0
3860,3,2,576,20240909,1,308.2,0.0,0
3861,3,1,238,20240921,2,493.5,0.0,0
3862,3,18,320,20240906,1,657.88,34.62,1
3863,3,6,49,20240915,1,392.34,20.65,0
3864,3,55,470,20240926,1,105.95,0.0,0
3865,3,9,400,20240917,1,408.44,0.0,0
3866,3,19,484,20240909,2,852.52,0.0,0
3867,3,17,461,20240920,1,279.16,0.0,0
3868,3,24,110,20240909,1,555.51,138.88,0
3869,3,13,308,20240923,1,374.97,66.17,0
3870,3,7,462,20240903,1,307.34,0.0,0
3871,3,10,407,20240912,1,233.36,12.28,0
3872,3,1,341,20240908,1,172.73,74.02,0
3873,3,26,296,20240910,1,491.98,0.0,1
3874,3,8,308,20240901,1,465.42,24.5,0
3875,3,29,253,20240929,1,486.49,25.61,0
3876,3,41,480,20240913,3,378.48,94.62,0
3877,3,40,493,20240901,1,546.64,136.66,0
3878,3,29,38,20240911,1,435.29,76.81,0
3879,3,26,434,20240915,2,983.96,0.0,0
3880,3,1,275,20240927,1,246.75,0.0,0
3881,3,22,233,20240910,1,500.67,26.35,0
3882,3,13,351,20240908,1,397.03,44.11,0
3883,3,52,28,20240912,1,83.46,0.0,0
3884,3,12,57,20240927,1,362.6,90.65,0
3885,3,27,396,20240910,1,314.68,0.0,0
3886,3,8,466,20240923,1,465.42,24.5,0
3887,3,53,519,20240907,1,156.93,17.44,0
3888,3,35,574,20240916,2,750.84,0.0,0
3889,3,23,158,20240927,1,264.72,66.18,0
3890,3,31,81,20240928,1,420.66,46.74,0
3891,3,53,494,20240930,1,148.21,26.16,0
3892,3,32,573,20240930,2,936.08,0.0,0
3893,3,4,125,20240921,1,400.95,21.1,0
3894,3,1,193,20240913,1,209.74,37.01,0
3895,3,45,548,20240930,1,129.57,0.0,0
3896,3,25,336,20240923,1,448.08,0.0,0
3897,3,28,487,20240912,1,297.04,0.0,0
3898,3,42,598,20240923,1,69.76,29.89,0
3899,3,19,25,20240905,1,362.32,63.94,1
3900,3,55,114,20240920,3,317.85,0.0,0
3901,3,33,73,20240922,1,480.0,0.0,1
3902,3,28,527,20240928,1,267.34,29.7,0
3903,3,2,570,20240903,1,308.2,0.0,0
3904,3,4,587,20240917,1,422.05,0.0,0
3905,3,7,76,20240920,1,307.34,0.0,0
3906,3,21,478,20240902,1,526.19,27.69,0
3907,3,15,430,20240921,1,291.69,72.92,0
3908,3,27,140,20240903,3,849.64,94.4,0
3909,3,7,408,20240929,1,307.34,0.0,0
3910,3,24,229,20240927,1,624.95,69.44,0
3911,3,4,447,20240927,1,379.84,42.21,0
3912,3,12,424,20240920,1,430.59,22.66,0
3913,3,29,592,20240928,1,512.1,0.0,0
3914,3,4,547,20240922,1,295.44,126.61,0
3915,3,47,247,20240905,1,97.1,24.27,0
3916,3,30,190,20240915,1,274.72,0.0,0
3917,3,29,255,20240930,1,460.89,51.21,0
3918,3,55,116,20240926,1,95.35,10.6,0
3919,3,50,48,20240928,1,158.53,17.61,0
3920,3,17,342,20240914,1,265.2,13.96,0
3921,3,33,171,20240911,1,384.0,96.0,0
3922,3,32,591,20240925,2,936.08,0.0,0
3923,3,33,242,20240904,1,480.0,0.0,0
3924,3,15,24,20240915,1,328.15,36.46,0
3925,3,6,180,20240907,1,412.99,0.0,0
3926,3,24,585,20240920,1,694.39,0.0,0
3927,4,30,355,20240907,2,467.02,82.42,0
3928,4,27,76,20240903,1,298.95,15.73,0
3929,4,28,224,20240903,3,712.9,178.22,0
3930,4,27,442,20240923,2,629.36,0.0,0
3931,4,6,211,20240904,2,825.98,0.0,0
3932,4,1,33,20240907,1,246.75,0.0,0
3933,4,51,573,20240924,1,65.69,0.0,0
3934,4,28,114,20240905,2,504.97,89.11,0
3935,4,44,438,20240902,1,245.79,27.31,0
3936,4,37,137,20240912,1,596.94,0.0,1
3937,4,8,482,20240901,1,465.42,24.5,0
3938,4,42,441,20240909,1,89.68,9.97,0
3939,4,47,336,20240925,1,121.37,0.0,0
3940,4,17,526,20240912,1,279.16,0.0,0
3941,4,29,213,20240904,1,512.1,0.0,0
3942,4,4,247,20240923,1,295.44,126.61,0
3943,4,4,146,20240911,1,337.64,84.41,0
3944,4,45,589,20240929,1,123.09,6.48,0
3945,4,51,115,20240904,1,62.41,3.28,0
3946,4,31,437,20240928,1,467.4,0.0,0
3947,4,32,2,20240920,1,468.04,0.0,0
3948,4,21,401,20240909,1,553.88,0.0,0
3949,4,25,340,20240909,1,425.68,22.4,0
3950,4,6,147,20240918,1,412.99,0.0,0
3951,4,51,122,20240919,1,62.41,3.28,0
3952,4,1,587,20240912,1,197.4,49.35,0
3953,4,28,382,20240923,1,252.48,44.56,0
3954,4,35,50,20240906,1,319.11,56.31,0
3955,4,28,241,20240911,3,802.01,89.11,0
3956,4,49,415,20240912,2,102.22,18.04,0
3957,4,52,119,20240906,1,83.46,0.0,0
3958,4,19,186,20240930,1,426.26,0.0,0
3959,4,27,283,20240915,1,314.68,0.0,0
3960,4,28,547,20240918,1,237.63,59.41,0
3961,4,41,557,20240929,1,149.82,7.88,0
3962,4,5,226,20240914,1,268.05,0.0,0
3963,4,54,374,20240912,2,255.02,28.34,0
3964,4,41,454,20240920,1,134.05,23.65,0
3965,4,26,562,20240911,1,491.98,0.0,0
3966,4,5,453,20240908,1,254.65,13.4,0
3967,4,10,366,20240928,1,245.64,0.0,0
3968,4,25,172,20240917,1,448.08,0.0,0
3969,4,4,385,20240906,1,379.84,42.21,0
3970,4,4,134,20240902,1,422.05,0.0,0
3971,4,28,400,20240922,1,207.93,89.11,0
3972,4,2,491,20240929,1,277.38,30.82,0
3973,4,43,404,20240919,1,264.04,29.34,0
3974,5,44,532,20240928,1,259.44,13.66,0
3975,5,19,575,20240922,1,383.63,42.63,0
3976,5,31,265,20240928,1,467.4,0.0,0
3977,5,16,583,20240925,1,372.21,0.0,0
3978,5,40,305,20240901,1,649.14,34.16,0
3979,5,24,318,20240926,1,624.95,69.44,0
3980,5,1,437,20240909,1,234.41,12.34,0
3981,5,30,364,20240905,1,274.72,0.0,0
3982,5,7,350,20240919,1,261.24,46.1,0
3983,5,36,582,20240919,2,1134.68,59.72,0
3984,5,7,229,20240924,1,261.24,46.1,0
3985,5,38,388,20240930,1,549.18,235.36,0
3986,5,28,216,20240916,3,802.01,89.11,0
3987,5,50,398,20240902,1,149.72,26.42,0
3988,5,44,504,20240904,1,273.1,0.0,0
3989,5,31,514,20240917,1,467.4,0.0,0
3990,5,20,349,20240911,2,661.14,0.0,0
3991,5,54,90,20240905,1,141.68,0.0,0
3992,5,51,201,20240925,2,118.24,13.14,0
3993,5,30,292,20240906,1,247.25,27.47,0
3994,5,29,132,20240920,1,512.1,0.0,0
3995,5,24,35,20240908,1,694.39,0.0,0
3996,5,14,43,20240919,1,359.87,0.0,0
3997,5,49,200,20240930,1,60.13,0.0,0
3998,5,53,482,20240914,2,296.43,52.31,0
3999,5,27,96,20240926,1,298.95,15.73,0
4000,5,9,415,20240921,1,408.44,0.0,0
4001,5,51,243,20240904,2,105.1,26.28,0
4002,5,33,362,20240921,1,480.0,0.0,0
4003,5,37,595,20240908,1,596.94,0.0,0
4004,5,7,511,20240911,1,307.34,0.0,1
4005,5,37,500,20240916,2,1193.88,0.0,0
4006,5,44,421,20240914,1,259.44,13.66,0
4007,5,3,387,20240902,1,381.46,67.32,0
4008,5,35,18,20240924,2,750.84,0.0,0
4009,5,51,346,20240906,1,62.41,3.28,0
4010,5,2,474,20240922,1,292.79,15.41,0
4011,5,50,58,20240901,2,317.05,35.23,0
4012,5,28,488,20240907,1,282.19,14.85,0
4013,5,10,199,20240929,1,221.08,24.56,0
4014,5,12,162,20240922,1,407.92,45.33,0
4015,5,51,492,20240919,1,55.84,9.85,0
4016,5,15,149,20240903,1,364.61,0.0,0
4017,5,16,56,20240917,1,372.21,0.0,0
4018,5,22,171,20240911,1,500.67,26.35,0
4019,5,27,531,20240929,1,314.68,0.0,0
4020,5,33,591,20240927,2,672.0,288.0,0
4021,5,5,594,20240918,1,241.24,26.81,0
4022,5,5,20,20240911,1,268.05,0.0,0
4023,5,29,351,20240921,1,460.89,51.21,0
4024,5,20,507,20240906,1,314.04,16.53,0
4025,5,53,280,20240918,1,174.37,0.0,0
4026,5,24,89,20240914,1,590.23,104.16,0
4027,5,56,409,20240905,2,129.46,0.0,0
4028,5,3,73,20240917,1,314.15,134.63,0
4029,5,39,201,20240923,1,639.86,0.0,1
4030,5,31,556,20240928,1,467.4,0.0,0
4031,5,4,388,20240917,1,358.74,63.31,0
4032,5,54,196,20240910,1,141.68,0.0,0
4033,5,3,370,20240929,1,314.15,134.63,0
4034,5,53,591,20240908,1,174.37,0.0,1
4035,5,5,122,20240920,1,254.65,13.4,1
4036,5,7,41,20240916,1,245.87,61.47,0
4037,5,26,60,20240916,1,491.98,0.0,0
4038,5,15,389,20240910,2,692.76,36.46,0
4039,5,37,69,20240915,1,537.25,59.69,0
4040,5,1,509,20240903,1,234.41,12.34,0
4041,5,33,357,20240918,1,480.0,0.0,1
4042,5,24,180,20240922,1,624.95,69.44,0
4043,5,3,485,20240902,1,381.46,67.32,0
4044,5,38,463,20240909,1,666.86,117.68,0
4045,5,19,265,20240924,1,426.26,0.0,0
4046,5,33,217,20240922,1,480.0,0.0,0
4047,5,22,470,20240915,1,421.62,105.4,0
4048,5,36,405,20240930,2,1074.96,119.44,0
4049,5,32,386,20240924,1,468.04,0.0,0
4050,5,54,469,20240925,1,127.51,14.17,0
4051,5,25,401,20240910,1,425.68,22.4,0
4052,5,29,217,20240917,1,486.49,25.61,0
4053,5,47,455,20240927,1,109.23,12.14,0
4054,6,17,188,20240909,1,265.2,13.96,0
4055,6,20,112,20240909,1,231.4,99.17,0
4056,6,50,381,20240904,1,176.14,0.0,0
4057,6,34,524,20240926,2,688.9,0.0,0
4058,6,30,366,20240920,1,233.51,41.21,0
4059,6,26,465,20240927,1,491.98,0.0,0
4060,6,37,41,20240924,1,507.4,89.54,1
4061,6,15,508,20240929,1,364.61,0.0,0
4062,6,49,168,20240922,1,60.13,0.0,0
4063,6,32,145,20240927,2,889.28,46.8,0
4064,6,45,553,20240903,1,116.61,12.96,0
4065,6,31,467,20240909,1,467.4,0.0,0
4066,6,29,83,20240904,1,358.47,153.63,0
4067,6,32,278,20240909,1,468.04,0.0,1
4068,6,43,516,20240912,1,249.37,44.01,0
4069,6,40,482,20240917,1,649.14,34.16,0
4070,6,22,71,20240911,1,447.97,79.05,0
4071,6,18,596,20240908,2,1108.0,277.0,0
4072,6,55,446,20240923,3,254.28,63.57,0
4073,6,38,214,20240906,1,784.54,0.0,0
4074,6,20,286,20240909,1,330.57,0.0,0
4075,6,53,358,20240927,1,165.65,8.72,0
4076,6,2,140,20240914,3,924.6,0.0,0
4077,6,4,477,20240923,2,844.1,0.0,0
4078,6,38,238,20240901,1,745.31,39.23,0
4079,6,19,248,20240904,1,426.26,0.0,0
4080,6,8,504,20240908,2,979.84,0.0,0
4081,6,27,429,20240903,1,298.95,15.73,0
4082,6,42,15,20240907,1,99.65,0.0,0
4083,6,27,49,20240916,1,298.95,15.73,0
4084,6,26,523,20240929,1,418.18,73.8,0
4085,6,31,304,20240911,1,467.4,0.0,0
4086,6,25,181,20240903,1,380.87,67.21,0
4087,6,3,444,20240911,2,852.68,44.88,0
4088,6,6,539,20240919,1,392.34,20.65,0
4089,6,19,460,20240925,3,1086.96,191.82,0
4090,6,3,172,20240929,1,448.78,0.0,0
4091,6,32,215,20240927,1,421.24,46.8,0
4092,6,9,447,20240924,1,408.44,0.0,0
4093,6,8,140,20240910,2,881.86,97.98,0
4094,6,54,388,20240914,1,141.68,0.0,0
4095,6,35,575,20240901,1,262.79,112.63,0
4096,6,48,187,20240908,2,235.02,58.76,1
4097,6,28,378,20240922,1,267.34,29.7,0
4098,6,15,464,20240916,1,291.69,72.92,0
4099,6,33,366,20240916,1,480.0,0.0,0
4100,6,28,130,20240923,1,297.04,0.0,0
4101,6,32,261,20240906,2,936.08,0.0,0
4102,6,35,534,20240902,1,375.42,0.0,0
4103,6,36,470,20240920,3,1522.86,268.74,0
4104,6,2,71,20240921,1,292.79,15.41,0
4105,6,39,472,20240912,1,543.88,95.98,0
4106,6,30,286,20240908,1,274.72,0.0,0
4107,6,37,213,20240917,1,596.94,0.0,0
4108,6,34,339,20240906,2,688.9,0.0,0
4109,6,32,166,20240912,1,421.24,46.8,0
4110,6,37,286,20240908,2,1134.19,59.69,0
4111,6,25,331,20240906,1,448.08,0.0,0
4112,6,3,251,20240907,2,897.56,0.0,0
4113,6,26,385,20240919,1,393.58,98.4,0
4114,6,28,562,20240905,1,282.19,14.85,1
4115,6,49,224,20240925,1,60.13,0.0,0
4116,7,15,503,20240926,1,364.61,0.0,0
4117,7,32,442,20240906,1,468.04,0.0,0
4118,7,32,362,20240922,1,444.64,23.4,0
4119,7,22,351,20240916,1,527.02,0.0,0
4120,7,52,85,20240911,1,83.46,0.0,0
4121,7,6,77,20240915,2,660.78,165.2,0
4122,7,14,376,20240918,2,647.77,71.97,0
4123,7,41,513,20240905,2,252.32,63.08,0
4124,7,34,190,20240906,1,344.45,0.0,0
4125,7,22,62,20240903,1,474.32,52.7,0
4126,7,11,269,20240926,1,226.82,0.0,0
4127,7,11,372,20240915,1,226.82,0.0,0
4128,7,43,292,20240922,1,293.38,0.0,0
4129,7,49,447,20240929,1,60.13,0.0,0
4130,7,17,91,20240908,1,279.16,0.0,0
4131,7,25,490,20240927,1,380.87,67.21,0
4132,7,17,259,20240919,1,279.16,0.0,0
4133,7,4,89,20240903,2,844.1,0.0,0
4134,7,50,310,20240918,2,317.05,35.23,0
4135,7,52,71,20240924,1,79.29,4.17,0
4136,7,15,426,20240907,1,291.69,72.92,0
4137,7,12,155,20240903,1,453.25,0.0,0
4138,7,34,230,20240901,2,620.01,68.89,0
4139,7,5,52,20240902,1,268.05,0.0,0
4140,7,26,370,20240918,1,442.78,49.2,0
4141,7,10,158,20240906,1,208.79,36.85,1
4142,7,36,212,20240903,1,477.76,119.44,0
4143,7,27,409,20240904,1,314.68,0.0,0
4144,7,5,71,20240916,2,482.49,53.61,0
4145,7,25,577,20240930,1,448.08,0.0,0
4146,7,32,115,20240903,1,468.04,0.0,0
4147,7,35,270,20240908,1,319.11,56.31,0
4148,7,17,487,20240919,2,558.32,0.0,0
4149,7,25,158,20240925,1,425.68,22.4,0
4150,7,40,214,20240912,1,683.3,0.0,0
4151,7,28,79,20240904,1,237.63,59.41,0
4152,7,33,32,20240903,1,408.0,72.0,0
4153,7,39,473,20240907,1,639.86,0.0,0
4154,7,5,407,20240901,1,254.65,13.4,0
4155,7,36,224,20240913,2,1194.4,0.0,0
4156,7,25,10,20240923,1,403.27,44.81,0
4157,7,8,573,20240926,2,979.84,0.0,0
4158,7,11,416,20240914,1,226.82,0.0,1
4159,7,48,539,20240911,1,124.86,22.03,0
4160,7,11,592,20240918,1,226.82,0.0,0
4161,7,14,383,20240916,2,611.78,107.96,0
4162,7,53,118,20240918,1,122.06,52.31,0
4163,7,31,532,20240929,1,373.92,93.48,0
4164,7,12,561,20240928,1,430.59,22.66,0
4165,7,31,247,20240923,2,794.58,140.22,0
4166,7,5,532,20240918,1,268.05,0.0,0
4167,7,29,273,20240910,1,460.89,51.21,0
4168,7,32,109,20240904,1,468.04,0.0,0
4169,7,19,267,20240915,1,404.95,21.31,1
4170,7,25,260,20240912,1,448.08,0.0,0
4171,7,8,220,20240926,1,489.92,0.0,0
4172,7,26,315,20240923,1,467.38,24.6,0
4173,7,52,171,20240913,2,166.92,0.0,0
4174,7,33,277,20240913,1,480.0,0.0,0
4175,7,53,389,20240913,1,174.37,0.0,0
4176,7,36,28,20240917,1,597.2,0.0,0
4177,7,21,581,20240907,1,553.88,0.0,0
4178,7,39,89,20240912,1,639.86,0.0,1
4179,7,31,154,20240903,1,467.4,0.0,0
4180,7,55,129,20240908,1,100.65,5.3,0
4181,7,8,544,20240923,1,416.43,73.49,0
4182,7,25,462,20240908,2,896.16,0.0,0
4183,8,52,88,20240901,1,75.11,8.35,0
4184,8,38,266,20240914,1,784.54,0.0,0
4185,8,41,576,20240928,1,134.05,23.65,0
4186,8,16,177,20240909,1,372.21,0.0,0
4187,8,30,128,20240926,1,260.98,13.74,0
4188,8,46,590,20240910,1,207.85,10.94,0
4189,8,18,363,20240911,3,1869.75,207.75,0
4190,8,32,115,20240928,1,444.64,23.4,0
4191,8,50,473,20240914,1,176.14,0.0,0
4192,8,37,321,20240919,1,596.94,0.0,0
4193,8,7,433,20240922,1,291.97,15.37,0
4194,8,56,48,20240909,1,58.26,6.47,0
4195,8,1,291,20240902,1,197.4,49.35,0
4196,8,40,42,20240921,1,683.3,0.0,0
4197,8,21,296,20240928,1,553.88,0.0,0
4198,8,28,555,20240906,1,297.04,0.0,0
4199,8,32,368,20240907,1,444.64,23.4,0
4200,8,32,50,20240928,1,444.64,23.4,0
4201,8,6,484,20240930,1,371.69,41.3,0
4202,8,46,67,20240904,1,218.79,0.0,0
4203,8,32,285,20240927,2,842.47,93.61,0
4204,8,49,427,20240903,1,57.12,3.01,0
4205,8,7,106,20240904,1,307.34,0.0,0
4206,8,44,311,20240919,1,259.44,13.66,0
4207,8,37,529,20240906,2,1134.19,59.69,0
4208,8,30,495,20240930,2,549.44,0.0,0
4209,8,32,124,20240910,1,468.04,0.0,0
4210,8,4,569,20240921,1,337.64,84.41,0
4211,8,3,600,20240927,1,448.78,0.0,0
4212,8,31,370,20240902,1,467.4,0.0,0
4213,8,36,370,20240930,1,597.2,0.0,0
4214,8,5,112,20240915,1,227.84,40.21,0
4215,8,33,22,20240925,1,336.0,144.0,0
4216,8,4,525,20240915,1,379.84,42.21,0
4217,8,39,38,20240925,1,511.89,127.97,0
4218,8,41,280,20240916,1,134.05,23.65,0
4219,8,19,312,20240917,1,383.63,42.63,0
4220,8,31,61,20240918,2,934.8,0.0,0
4221,8,29,325,20240928,1,512.1,0.0,0
4222,8,8,523,20240915,1,440.93,48.99,0
4223,8,32,359,20240906,3,1404.12,0.0,0
4224,8,41,153,20240901,1,157.7,0.0,0
4225,8,11,222,20240902,1,158.77,68.05,0
4226,8,47,381,20240905,1,97.1,24.27,0
4227,8,9,473,20240915,1,367.6,40.84,1
4228,8,37,344,20240925,1,596.94,0.0,0
4229,8,30,491,20240903,1,274.72,0.0,0
4230,8,6,589,20240912,1,412.99,0.0,0
4231,8,49,215,20240919,1,60.13,0.0,0
4232,8,39,445,20240913,1,639.86,0.0,0
4233,8,13,410,20240908,1,419.08,22.06,0
4234,8,36,225,20240906,1,477.76,119.44,0
4235,8,35,239,20240916,1,356.65,18.77,0
4236,8,16,55,20240926,1,334.99,37.22,0
4237,1,4,457,20241010,1,337.64,84.41,0
4238,1,20,551,20241001,1,297.51,33.06,0
4239,1,44,85,20241029,1,273.1,0.0,0
4240,1,24,476,20241005,2,1319.34,69.44,1
4241,1,30,432,20241008,1,247.25,27.47,0
4242,1,33,379,20241019,2,864.0,96.0,0
4243,1,37,377,20241028,1,507.4,89.54,0
4244,1,36,31,20241016,1,537.48,59.72,0
4245,1,11,439,20241011,1,215.48,11.34,0
4246,1,28,570,20241017,1,237.63,59.41,0
4247,1,25,480,20241007,1,425.68,22.4,0
4248,1,52,244,20241030,1,83.46,0.0,0
4249,1,6,354,20241006,1,351.04,61.95,0
4250,1,18,12,20241026,1,623.25,69.25,0
4251,1,31,469,20241013,1,420.66,46.74,0
4252,1,56,582,20241008,1,64.73,0.0,0
4253,1,39,92,20241019,1,607.87,31.99,0
4254,1,36,481,20241029,1,597.2,0.0,0
4255,1,10,453,20241013,1,233.36,12.28,0
4256,1,15,296,20241010,1,346.38,18.23,0
4257,1,14,446,20241001,1,323.88,35.99,0
4258,1,38,223,20241025,1,745.31,39.23,0
4259,1,2,479,20241002,1,308.2,0.0,0
4260,1,15,400,20241031,1,328.15,36.46,0
4261,1,44,210,20241022,1,232.13,40.97,0
4262,1,56,437,20241010,1,64.73,0.0,0
4263,1,26,562,20241022,1,491.98,0.0,1
4264,1,25,158,20241017,1,448.08,0.0,0
4265,1,24,203,20241014,1,659.67,34.72,0
4266,1,30,496,20241022,1,247.25,27.47,0
4267,1,41,300,20241014,1,149.82,7.88,0
4268,1,54,359,20241030,1,134.6,7.08,1
4269,1,28,308,20241025,1,297.04,0.0,0
4270,1,52,563,20241009,1,66.77,16.69,0
4271,1,6,340,20241029,1,330.39,82.6,1
4272,1,26,311,20241013,1,491.98,0.0,0
4273,1,26,243,20241024,1,393.58,98.4,0
4274,1,21,327,20241015,1,526.19,27.69,0
4275,1,9,246,20241020,1,367.6,40.84,0
4276,1,31,170,20241002,1,397.29,70.11,0
4277,1,53,416,20241009,1,174.37,0.0,0
4278,1,18,33,20241020,1,692.5,0.0,0
4279,1,16,339,20241027,1,353.6,18.61,1
4280,1,21,61,20241028,1,553.88,0.0,0
4281,1,29,597,20241007,1,486.49,25.61,0
4282,1,34,347,20241004,1,344.45,0.0,0
4283,1,52,321,20241002,1,70.94,12.52,0
4284,1,31,577,20241012,1,420.66,46.74,0
4285,1,25,227,20241029,1,448.08,0.0,0
4286,1,11,411,20241007,1,226.82,0.0,0
4287,1,4,27,20241001,1,422.05,0.0,1
4288,1,32,32,20241006,1,444.64,23.4,0
4289,1,13,555,20241003,1,374.97,66.17,0
4290,1,49,303,20241003,1,48.1,12.03,0
4291,1,26,383,20241020,1,491.98,0.0,0
4292,1,46,228,20241002,1,218.79,0.0,0
4293,1,55,505,20241027,1,105.95,0.0,0
4294,1,25,209,20241003,1,425.68,22.4,0
4295,1,14,433,20241023,1,287.9,71.97,0
4296,1,12,287,20241003,1,453.25,0.0,0
4297,1,19,272,20241019,1,362.32,63.94,0
4298,1,36,483,20241002,1,537.48,59.72,0
4299,1,22,8,20241016,1,474.32,52.7,0
4300,1,26,425,20241013,1,393.58,98.4,0
4301,1,51,398,20241026,1,59.12,6.57,0
4302,1,54,96,20241019,2,283.36,0.0,0
4303,1,7,125,20241006,1,276.61,30.73,0
4304,1,36,227,20241022,2,1134.68,59.72,0
4305,1,6,508,20241007,1,351.04,61.95,0
4306,1,35,292,20241019,1,337.88,37.54,0
4307,1,39,108,20241027,1,575.87,63.99,0
4308,1,7,561,20241028,1,291.97,15.37,0
4309,1,54,51,20241002,1,141.68,0.0,0
4310,1,15,106,20241027,1,364.61,0.0,0
4311,1,33,44,20241031,1,432.0,48.0,0
4312,1,26,40,20241029,1,467.38,24.6,0
4313,1,36,580,20241026,1,567.34,29.86,0
4314,1,23,341,20241029,1,297.81,33.09,0
4315,1,49,269,20241027,1,60.13,0.0,0
4316,1,28,357,20241011,1,267.34,29.7,0
4317,1,40,313,20241019,1,649.14,34.16,0
4318,1,33,454,20241005,1,480.0,0.0,0
4319,1,30,295,20241030,1,247.25,27.47,0
4320,1,31,200,20241015,1,397.29,70.11,0
4321,1,5,127,20241002,1,254.65,13.4,0
4322,1,55,138,20241016,2,211.9,0.0,0
4323,1,39,87,20241031,1,543.88,95.98,0
4324,1,39,9,20241004,1,575.87,63.99,0
4325,1,11,423,20241025,1,181.46,45.36,0
4326,1,34,503,20241016,1,344.45,0.0,0
4327,1,33,510,20241027,1,384.0,96.0,0
4328,1,2,184,20241031,1,308.2,0.0,0
4329,1,11,1,20241031,1,204.14,22.68,0
4330,1,21,111,20241017,1,470.8,83.08,0
4331,1,49,234,20241012,1,60.13,0.0,0
4332,1,10,424,20241011,1,245.64,0.0,0
4333,1,20,127,20241001,1,330.57,0.0,0
4334,1,27,232,20241001,2,597.89,31.47,0
4335,1,5,32,20241024,2,482.49,53.61,0
4336,1,56,202,20241026,1,64.73,0.0,0
4337,1,48,155,20241022,2,279.09,14.69,0
4338,2,41,544,20241023,1,157.7,0.0,0
4339,2,12,530,20241005,1,362.6,90.65,0
4340,2,25,155,20241003,2,761.74,134.42,0
4341,2,23,446,20241028,1,314.36,16.54,0
4342,2,14,356,20241026,1,341.88,17.99,0
4343,2,4,546,20241028,1,422.05,0.0,0
4344,2,16,191,20241005,1,372.21,0.0,0
4345,2,28,540,20241005,1,297.04,0.0,0
4346,2,27,258,20241022,1,314.68,0.0,0
4347,2,19,269,20241011,1,404.95,21.31,1
4348,2,31,132,20241015,1,467.4,0.0,1
4349,2,32,458,20241018,1,421.24,46.8,0
4350,2,35,221,20241003,1,356.65,18.77,0
4351,2,54,140,20241023,1,141.68,0.0,0
4352,2,1,85,20241013,1,246.75,0.0,0
4353,2,45,397,20241009,1,116.61,12.96,0
4354,2,21,392,20241003,1,526.19,27.69,0
4355,2,24,491,20241030,1,555.51,138.88,0
4356,2,46,595,20241004,1,185.97,32.82,0
4357,2,31,47,20241030,1,444.03,23.37,0
4358,2,13,374,20241024,1,441.14,0.0,0
4359,2,38,544,20241024,1,706.09,78.45,0
4360,2,32,134,20241017,1,468.04,0.0,0
4361,2,19,225,20241004,1,426.26,0.0,0
4362,2,5,220,20241017,1,268.05,0.0,0
4363,2,11,42,20241004,1,215.48,11.34,0
4364,2,41,320,20241030,1,157.7,0.0,0
4365,2,52,483,20241024,1,79.29,4.17,0
4366,2,45,421,20241024,1,129.57,0.0,0
4367,2,54,387,20241028,1,141.68,0.0,0
4368,2,35,186,20241031,1,356.65,18.77,0
4369,2,35,516,20241026,1,319.11,56.31,0
4370,2,43,137,20241014,1,249.37,44.01,0
4371,2,20,307,20241014,1,330.57,0.0,1
4372,2,39,412,20241024,1,575.87,63.99,1
4373,2,39,238,20241013,1,639.86,0.0,0
4374,2,13,534,20241004,1,441.14,0.0,0
4375,2,34,444,20241026,1,327.23,17.22,0
4376,2,5,241,20241012,1,268.05,0.0,0
4377,2,26,231,20241015,1,442.78,49.2,0
4378,2,18,359,20241026,1,692.5,0.0,0
4379,2,22,253,20241030,1,527.02,0.0,1
4380,2,28,199,20241016,2,594.08,0.0,0
4381,2,38,438,20241030,1,784.54,0.0,0
4382,2,32,436,20241017,1,468.04,0.0,0
4383,2,13,599,20241003,1,441.14,0.0,0
4384,2,9,184,20241012,2,735.19,81.69,0
4385,2,35,502,20241014,1,356.65,18.77,1
4386,2,30,230,20241028,2,549.44,0.0,0
4387,2,5,204,20241020,1,268.05,0.0,0
4388,2,56,600,20241014,1,58.26,6.47,0
4389,2,1,394,20241020,2,468.82,24.68,0
4390,2,45,585,20241025,1,116.61,12.96,1
4391,2,8,466,20241031,1,440.93,48.99,1
4392,2,55,38,20241020,1,105.95,0.0,0
4393,2,34,186,20241019,1,344.45,0.0,0
4394,2,19,580,20241014,1,404.95,21.31,0
4395,2,53,373,20241015,2,331.3,17.44,0
4396,2,56,479,20241012,1,64.73,0.0,0
4397,2,6,478,20241001,1,392.34,20.65,0
4398,2,27,435,20241022,1,267.48,47.2,1
4399,2,23,352,20241017,1,330.9,0.0,0
4400,2,28,491,20241022,2,564.38,29.7,0
4401,2,45,421,20241028,1,103.66,25.91,0
4402,2,24,406,20241009,1,694.39,0.0,0
4403,2,31,404,20241027,2,841.32,93.48,0
4404,2,45,397,20241026,1,123.09,6.48,0
4405,2,29,245,20241013,2,921.78,102.42,0
4406,2,45,133,20241009,2,233.23,25.91,0
4407,2,6,6,20241009,1,392.34,20.65,0
4408,2,39,341,20241018,1,639.86,0.0,0
4409,2,8,34,20241029,1,489.92,0.0,0
4410,3,20,595,20241001,1,314.04,16.53,0
4411,3,10,538,20241007,1,233.36,12.28,0
4412,3,37,215,20241002,1,596.94,0.0,0
4413,3,53,224,20241002,1,174.37,0.0,0
4414,3,45,145,20241006,1,129.57,0.0,1
4415,3,20,211,20241014,2,628.08,33.06,0
4416,3,47,404,20241007,1,109.23,12.14,0
4417,3,25,498,20241028,1,380.87,67.21,0
4418,3,48,55,20241007,1,146.89,0.0,0
4419,3,53,22,20241023,1,174.37,0.0,0
4420,3,31,336,20241006,1,397.29,70.11,0
4421,3,29,481,20241004,1,486.49,25.61,0
4422,3,28,258,20241007,2,594.08,0.0,0
4423,3,48,485,20241007,2,293.78,0.0,0
4424,3,30,188,20241017,1,233.51,41.21,0
4425,3,8,343,20241014,1,489.92,0.0,0
4426,3,33,555,20241014,1,432.0,48.0,0
4427,3,51,98,20241022,1,65.69,0.0,0
4428,3,10,534,20241028,1,233.36,12.28,0
4429,3,18,255,20241031,1,554.0,138.5,0
4430,3,32,12,20241016,1,374.43,93.61,0
4431,3,25,373,20241016,1,403.27,44.81,0
4432,3,47,541,20241004,1,115.3,6.07,0
4433,3,37,201,20241007,1,537.25,59.69,0
4434,3,5,444,20241026,1,241.24,26.81,0
4435,3,45,269,20241030,1,129.57,0.0,0
4436,3,3,463,20241020,1,426.34,22.44,0
4437,3,44,263,20241018,1,245.79,27.31,0
4438,3,34,515,20241008,1,310.0,34.45,0
4439,3,21,587,20241027,3,1412.39,249.25,0
4440,3,20,35,20241029,1,231.4,99.17,0
4441,3,30,159,20241015,1,233.51,41.21,0
4442,3,25,39,20241014,1,448.08,0.0,0
4443,3,7,170,20241029,1,307.34,0.0,0
4444,3,15,31,20241030,1,291.69,72.92,0
4445,3,26,62,20241015,1,491.98,0.0,0
4446,3,16,366,20241026,1,372.21,0.0,0
4447,3,6,545,20241007,1,412.99,0.0,0
4448,3,39,309,20241005,2,1279.72,0.0,0
4449,3,41,355,20241017,1,126.16,31.54,1
4450,3,32,498,20241010,1,444.64,23.4,0
4451,3,28,278,20241020,1,282.19,14.85,0
4452,3,38,87,20241027,1,666.86,117.68,0
4453,3,11,142,20241018,1,226.82,0.0,0
4454,3,51,352,20241014,1,55.84,9.85,0
4455,3,46,539,20241006,1,196.91,21.88,0
4456,3,38,526,20241022,2,1490.63,78.45,0
4457,3,30,397,20241004,1,274.72,0.0,0
4458,3,38,568,20241004,1,706.09,78.45,0
4459,3,26,523,20241010,2,836.37,147.59,0
4460,3,5,341,20241019,1,241.24,26.81,1
4461,3,31,216,20241001,1,467.4,0.0,0
4462,3,42,157,20241012,1,94.67,4.98,0
4463,3,30,509,20241015,1,247.25,27.47,0
4464,3,30,121,20241030,1,274.72,0.0,0
4465,3,16,255,20241005,1,372.21,0.0,0
4466,3,25,339,20241016,1,448.08,0.0,0
4467,3,21,427,20241029,1,553.88,0.0,0
4468,3,50,350,20241015,1,176.14,0.0,0
4469,3,32,352,20241026,1,468.04,0.0,0
4470,3,3,22,20241029,1,448.78,0.0,0
4471,3,19,495,20241013,2,596.76,255.76,0
4472,3,18,207,20241013,2,1177.25,207.75,0
4473,3,1,570,20241009,1,246.75,0.0,0
4474,3,46,373,20241008,1,175.03,43.76,0
4475,4,27,220,20241030,2,629.36,0.0,0
4476,4,24,522,20241007,1,590.23,104.16,0
4477,4,30,595,20241002,1,274.72,0.0,0
4478,4,7,486,20241003,1,307.34,0.0,0
4479,4,22,96,20241003,1,500.67,26.35,0
4480,4,40,48,20241021,1,683.3,0.0,0
4481,4,52,537,20241025,2,150.23,16.69,0
4482,4,54,378,20241019,1,141.68,0.0,0
4483,4,44,210,20241012,1,273.1,0.0,0
4484,4,7,244,20241006,1,307.34,0.0,0
4485,4,15,3,20241023,1,346.38,18.23,0
4486,4,36,65,20241022,1,537.48,59.72,0
4487,4,28,533,20241018,1,297.04,0.0,0
4488,4,39,280,20241004,1,639.86,0.0,0
4489,4,43,95,20241029,1,278.71,14.67,0
4490,4,23,423,20241006,1,314.36,16.54,0
4491,4,17,171,20241010,1,251.24,27.92,0
4492,4,31,336,20241025,1,467.4,0.0,0
4493,4,8,581,20241017,1,416.43,73.49,0
4494,4,24,394,20241006,1,694.39,0.0,0
4495,4,30,448,20241027,1,233.51,41.21,0
4496,4,19,388,20241013,1,426.26,0.0,0
4497,4,41,275,20241026,1,126.16,31.54,0
4498,4,55,66,20241025,1,95.35,10.6,0
4499,4,51,249,20241031,1,62.41,3.28,0
4500,4,35,54,20241022,1,356.65,18.77,0
4501,4,28,397,20241008,1,282.19,14.85,0
4502,4,36,534,20241022,1,567.34,29.86,0
4503,4,20,599,20241031,1,330.57,0.0,0
4504,4,38,381,20241013,1,784.54,0.0,0
4505,4,47,346,20241027,1,121.37,0.0,0
4506,4,43,435,20241003,2,528.08,58.68,0
4507,4,29,479,20241009,1,512.1,0.0,0
4508,4,18,258,20241002,1,692.5,0.0,0
4509,4,17,523,20241026,1,279.16,0.0,0
4510,4,32,256,20241014,1,397.83,70.21,0
4511,4,2,23,20241011,1,292.79,15.41,0
4512,4,22,561,20241026,1,527.02,0.0,0
4513,4,2,191,20241011,1,215.74,92.46,0
4514,4,32,191,20241023,2,936.08,0.0,0
4515,4,25,99,20241028,1,448.08,0.0,0
4516,4,26,155,20241001,1,467.38,24.6,1
4517,4,29,303,20241005,1,409.68,102.42,0
4518,4,47,136,20241019,1,115.3,6.07,0
4519,4,3,116,20241016,1,426.34,22.44,0
4520,4,22,320,20241026,2,1001.34,52.7,0
4521,4,48,127,20241031,1,117.51,29.38,0
4522,4,2,144,20241008,1,277.38,30.82,0
4523,4,32,471,20241004,1,397.83,70.21,0
4524,5,51,455,20241008,1,65.69,0.0,0
4525,5,10,45,20241010,1,245.64,0.0,0
4526,5,15,523,20241006,1,364.61,0.0,0
4527,5,27,432,20241001,1,314.68,0.0,0
4528,5,49,59,20241015,1,60.13,0.0,0
4529,5,30,448,20241005,1,274.72,0.0,0
4530,5,31,73,20241018,1,467.4,0.0,0
4531,5,2,208,20241006,1,292.79,15.41,0
4532,5,12,236,20241026,1,385.26,67.99,0
4533,5,36,289,20241025,1,507.62,89.58,0
4534,5,30,485,20241024,2,467.02,82.42,0
4535,5,8,541,20241027,1,489.92,0.0,0
4536,5,5,542,20241008,1,241.24,26.81,0
4537,5,22,36,20241026,1,500.67,26.35,0
4538,5,2,324,20241010,1,308.2,0.0,0
4539,5,4,254,20241004,1,422.05,0.0,0
4540,5,52,378,20241008,1,83.46,0.0,0
4541,5,24,554,20241023,1,694.39,0.0,0
4542,5,23,460,20241029,1,330.9,0.0,0
4543,5,27,277,20241002,1,298.95,15.73,0
4544,5,3,566,20241015,1,403.9,44.88,0
4545,5,36,579,20241029,2,955.52,238.88,0
4546,5,32,542,20241024,1,397.83,70.21,0
4547,5,32,243,20241004,1,468.04,0.0,0
4548,5,36,356,20241031,1,537.48,59.72,0
4549,5,18,254,20241024,1,657.88,34.62,0
4550,5,40,512,20241023,1,478.31,204.99,0
4551,5,29,304,20241001,1,512.1,0.0,0
4552,5,54,208,20241030,1,99.18,42.5,0
4553,5,48,392,20241030,1,139.55,7.34,0
4554,5,21,329,20241028,1,470.8,83.08,0
4555,5,3,421,20241014,1,426.34,22.44,0
4556,5,39,575,20241001,1,543.88,95.98,1
4557,5,25,226,20241014,1,448.08,0.0,0
4558,5,42,570,20241014,1,84.7,14.95,1
4559,5,33,416,20241003,1,480.0,0.0,0
4560,5,9,537,20241022,1,347.17,61.27,0
4561,5,32,476,20241015,1,421.24,46.8,0
4562,5,35,438,20241005,2,750.84,0.0,0
4563,5,39,208,20241021,1,639.86,0.0,0
4564,5,22,172,20241021,1,447.97,79.05,0
4565,5,2,583,20241005,2,616.4,0.0,0
4566,5,40,179,20241030,1,614.97,68.33,0
4567,5,8,538,20241012,1,489.92,0.0,0
4568,5,28,116,20241014,1,297.04,0.0,0
4569,5,37,462,20241016,1,477.55,119.39,0
4570,5,14,382,20241020,1,359.87,0.0,0
4571,5,32,37,20241013,1,468.04,0.0,0
4572,5,4,592,20241027,1,422.05,0.0,0
4573,5,16,600,20241004,1,372.21,0.0,0
4574,5,14,252,20241019,1,359.87,0.0,0
4575,5,28,528,20241025,1,267.34,29.7,0
4576,5,40,183,20241026,1,683.3,0.0,0
4577,5,33,503,20241014,1,432.0,48.0,0
4578,5,26,202,20241009,1,467.38,24.6,0
4579,5,34,131,20241010,1,327.23,17.22,0
4580,5,26,9,20241005,1,467.38,24.6,0
4581,5,13,57,20241026,1,374.97,66.17,0
4582,5,24,577,20241011,1,659.67,34.72,0
4583,5,28,310,20241003,1,297.04,0.0,0
4584,5,22,339,20241021,1,421.62,105.4,1
4585,5,19,279,20241016,2,809.89,42.63,1
4586,5,4,361,20241017,1,379.84,42.21,0
4587,5,13,387,20241014,1,419.08,22.06,0
4588,5,48,333,20241029,2,249.71,44.07,0
4589,5,29,280,20241001,1,409.68,102.42,0
4590,5,41,499,20241009,1,157.7,0.0,0
4591,5,40,599,20241025,1,683.3,0.0,0
4592,5,1,559,20241005,1,234.41,12.34,0
4593,5,31,220,20241029,1,373.92,93.48,0
4594,5,12,542,20241031,1,317.28,135.97,0
4595,5,42,194,20241010,1,99.65,0.0,0
4596,5,31,422,20241010,1,467.4,0.0,0
4597,5,43,332,20241010,1,293.38,0.0,0
4598,5,27,237,20241010,1,314.68,0.0,0
4599,5,39,256,20241011,1,575.87,63.99,0
4600,5,24,303,20241019,1,694.39,0.0,0
4601,5,23,349,20241008,2,529.44,132.36,0
4602,5,56,52,20241027,1,58.26,6.47,1
4603,5,42,111,20241026,1,94.67,4.98,0
4604,5,11,182,20241013,1,204.14,22.68,0
4605,5,51,69,20241001,1,65.69,0.0,0
4606,6,30,344,20241013,1,247.25,27.47,0
4607,6,4,13,20241009,1,422.05,0.0,0
4608,6,26,328,20241005,1,491.98,0.0,0
4609,6,2,580,20241018,1,277.38,30.82,0
4610,6,35,88,20241002,1,375.42,0.0,0
4611,6,26,585,20241027,1,491.98,0.0,0
4612,6,53,87,20241019,1,174.37,0.0,0
4613,6,46,195,20241007,1,218.79,0.0,0
4614,6,3,167,20241019,1,448.78,0.0,0
4615,6,34,519,20241027,1,275.56,68.89,0
4616,6,21,534,20241021,1,387.72,166.16,0
4617,6,29,192,20241013,1,460.89,51.21,0
4618,6,42,335,20241031,1,99.65,0.0,0
4619,6,26,591,20241031,2,983.96,0.0,0
4620,6,54,27,20241004,1,141.68,0.0,0
4621,6,4,105,20241029,1,422.05,0.0,0
4622,6,27,257,20241012,2,629.36,0.0,0
4623,6,33,258,20241030,1,480.0,0.0,0
4624,6,15,162,20241013,1,364.61,0.0,0
4625,6,54,260,20241001,1,120.43,21.25,0
4626,6,15,395,20241006,1,364.61,0.0,0
4627,6,19,549,20241001,1,383.63,42.63,0
4628,6,31,553,20241016,1,373.92,93.48,0
4629,6,48,347,20241023,1,146.89,0.0,1
4630,6,41,380,20241006,1,134.05,23.65,0
4631,6,8,141,20241028,2,979.84,0.0,0
4632,6,23,545,20241012,1,281.27,49.63,0
4633,6,35,240,20241019,1,319.11,56.31,0
4634,6,27,174,20241019,1,283.21,31.47,0
4635,6,52,171,20241026,2,150.23,16.69,0
4636,6,47,41,20241025,1,115.3,6.07,0
4637,6,12,237,20241009,1,362.6,90.65,0
4638,6,30,437,20241003,1,274.72,0.0,0
4639,6,27,320,20241022,1,283.21,31.47,0
4640,6,25,4,20241023,1,380.87,67.21,0
4641,6,25,305,20241016,1,425.68,22.4,0
4642,6,23,427,20241019,1,330.9,0.0,0
4643,6,51,334,20241023,1,65.69,0.0,0
4644,6,26,368,20241030,1,418.18,73.8,0
4645,6,35,201,20241009,2,713.3,37.54,0
4646,6,44,360,20241027,1,245.79,27.31,0
4647,6,7,102,20241010,1,276.61,30.73,0
4648,6,32,440,20241001,1,468.04,0.0,0
4649,6,30,32,20241008,1,274.72,0.0,0
4650,6,4,243,20241009,1,337.64,84.41,0
4651,6,8,41,20241009,1,440.93,48.99,0
4652,6,11,529,20241023,1,192.8,34.02,0
4653,6,28,328,20241003,1,252.48,44.56,0
4654,6,2,596,20241029,1,308.2,0.0,0
4655,6,16,211,20241014,2,744.42,0.0,0
4656,6,50,166,20241008,2,246.6,105.68,0
4657,6,7,266,20241008,1,307.34,0.0,0
4658,6,41,20,20241022,1,126.16,31.54,0
4659,6,37,39,20241008,1,596.94,0.0,0
4660,6,2,25,20241030,1,308.2,0.0,0
4661,6,1,435,20241018,1,246.75,0.0,0
4662,6,32,66,20241021,1,421.24,46.8,0
4663,6,32,132,20241010,2,795.67,140.41,0
4664,6,4,210,20241031,1,379.84,42.21,0
4665,6,18,22,20241010,1,692.5,0.0,0
4666,6,41,125,20241010,1,149.82,7.88,0
4667,6,22,49,20241008,2,1001.34,52.7,0
4668,6,27,366,20241024,1,314.68,0.0,0
4669,6,40,79,20241014,1,683.3,0.0,0
4670,6,32,503,20241023,1,374.43,93.61,0
4671,6,32,492,20241014,2,795.67,140.41,0
4672,6,35,588,20241015,1,356.65,18.77,0
4673,6,27,282,20241008,1,298.95,15.73,0
4674,6,5,523,20241012,1,241.24,26.81,0
4675,6,48,569,20241026,1,146.89,0.0,0
4676,6,40,320,20241029,2,1298.27,68.33,0
4677,6,36,497,20241024,1,507.62,89.58,0
4678,6,22,553,20241026,1,421.62,105.4,0
4679,6,23,314,20241021,1,330.9,0.0,0
4680,6,12,324,20241020,1,453.25,0.0,0
4681,6,7,468,20241009,1,307.34,0.0,0
4682,6,1,364,20241001,1,197.4,49.35,0
4683,6,29,357,20241007,1,460.89,51.21,0
4684,6,20,37,20241024,1,330.57,0.0,0
4685,6,39,539,20241015,1,575.87,63.99,0
4686,6,51,109,20241018,1,52.55,13.14,0
4687,6,49,284,20241025,1,60.13,0.0,0
4688,6,37,178,20241001,1,477.55,119.39,0
4689,6,32,287,20241010,1,444.64,23.4,0
4690,6,49,419,20241004,2,84.18,36.08,0
4691,6,7,130,20241016,1,307.34,0.0,0
4692,6,24,482,20241025,1,694.39,0.0,0
4693,6,1,15,20241003,2,468.82,24.68,0
4694,6,14,301,20241008,1,359.87,0.0,0
4695,6,33,434,20241008,1,480.0,0.0,0
4696,6,32,62,20241025,1,468.04,0.0,0
4697,7,20,513,20241002,1,330.57,0.0,0
4698,7,27,479,20241030,1,267.48,47.2,0
4699,7,18,96,20241001,1,554.0,138.5,0
4700,7,29,366,20241017,1,512.1,0.0,0
4701,7,30,377,20241023,1,247.25,27.47,0
4702,7,8,472,20241020,1,489.92,0.0,0
4703,7,11,304,20241009,1,226.82,0.0,0
4704,7,54,159,20241001,1,141.68,0.0,0
4705,7,6,28,20241007,1,371.69,41.3,0
4706,7,7,598,20241021,1,307.34,0.0,0
4707,7,1,317,20241007,1,246.75,0.0,0
4708,7,15,251,20241009,1,364.61,0.0,0
4709,7,36,435,20241024,1,537.48,59.72,0
4710,7,7,585,20241004,1,276.61,30.73,0
4711,7,29,547,20241023,1,512.1,0.0,0
4712,7,46,325,20241009,1,218.79,0.0,0
4713,7,55,62,20241018,1,95.35,10.6,0
4714,7,5,200,20241018,2,536.1,0.0,0
4715,7,28,342,20241012,1,282.19,14.85,0
4716,7,33,47,20241029,1,384.0,96.0,0
4717,7,26,462,20241028,1,418.18,73.8,0
4718,7,13,367,20241026,1,374.97,66.17,0
4719,7,24,281,20241006,1,659.67,34.72,0
4720,7,28,50,20241019,1,297.04,0.0,0
4721,7,3,469,20241014,1,426.34,22.44,0
4722,7,44,576,20241012,1,259.44,13.66,0
4723,7,53,144,20241012,1,174.37,0.0,0
4724,7,5,363,20241004,1,268.05,0.0,0
4725,7,15,228,20241024,1,328.15,36.46,0
4726,7,45,140,20241005,1,129.57,0.0,0
4727,7,34,404,20241012,1,344.45,0.0,0
4728,7,3,599,20241025,1,403.9,44.88,0
4729,7,13,587,20241010,2,705.82,176.46,0
4730,7,12,271,20241012,1,407.92,45.33,0
4731,7,29,363,20241019,1,435.29,76.81,0
4732,7,32,198,20241023,1,397.83,70.21,0
4733,7,5,450,20241024,1,227.84,40.21,0
4734,7,4,25,20241024,1,422.05,0.0,0
4735,7,12,397,20241006,1,407.92,45.33,0
4736,7,29,42,20241004,1,460.89,51.21,0
4737,7,39,566,20241009,1,639.86,0.0,0
4738,7,10,140,20241013,2,393.02,98.26,0
4739,7,43,299,20241023,1,278.71,14.67,1
4740,7,30,139,20241022,1,219.78,54.94,0
4741,7,39,216,20241015,1,543.88,95.98,0
4742,7,36,468,20241011,2,1194.4,0.0,0
4743,7,35,429,20241007,1,356.65,18.77,0
4744,7,35,13,20241025,1,300.34,75.08,0
4745,7,32,258,20241005,1,468.04,0.0,0
4746,7,55,352,20241031,2,201.3,10.6,0
4747,7,42,27,20241007,1,99.65,0.0,0
4748,7,12,582,20241012,1,430.59,22.66,1
4749,7,4,234,20241012,1,400.95,21.1,0
4750,7,56,88,20241004,3,165.06,29.13,0
4751,7,22,465,20241024,1,368.91,158.11,0
4752,7,54,539,20241022,1,120.43,21.25,0
4753,7,25,29,20241005,1,448.08,0.0,0
4754,7,40,535,20241018,1,683.3,0.0,0
4755,7,45,332,20241019,1,129.57,0.0,0
4756,7,25,529,20241019,1,448.08,0.0,0
4757,7,30,31,20241024,1,274.72,0.0,0
4758,7,9,445,20241007,1,388.02,20.42,0
4759,8,5,287,20241028,2,509.29,26.81,1
4760,8,49,506,20241004,1,57.12,3.01,0
4761,8,24,6,20241021,1,624.95,69.44,0
4762,8,18,449,20241019,1,692.5,0.0,0
4763,8,55,457,20241006,1,105.95,0.0,0
4764,8,30,138,20241006,1,219.78,54.94,0
4765,8,20,48,20241002,1,330.57,0.0,0
4766,8,53,396,20241022,2,348.74,0.0,0
4767,8,37,294,20241009,1,596.94,0.0,0
4768,8,31,574,20241004,1,373.92,93.48,0
4769,8,47,369,20241022,1,109.23,12.14,0
4770,8,21,405,20241018,1,443.1,110.78,1
4771,8,47,94,20241021,1,121.37,0.0,0
4772,8,28,325,20241017,1,282.19,14.85,0
4773,8,25,113,20241007,1,448.08,0.0,0
4774,8,38,265,20241014,1,745.31,39.23,0
4775,8,56,41,20241008,1,64.73,0.0,1
4776,8,28,458,20241016,1,297.04,0.0,0
4777,8,27,143,20241012,3,755.23,188.81,0
4778,8,4,214,20241025,1,337.64,84.41,0
4779,8,24,190,20241031,1,694.39,0.0,0
4780,8,12,519,20241003,1,430.59,22.66,0
4781,8,26,349,20241028,1,491.98,0.0,0
4782,8,25,1,20241025,1,425.68,22.4,0
4783,8,48,48,20241029,1,146.89,0.0,0
4784,8,49,252,20241023,1,48.1,12.03,0
4785,8,30,445,20241027,1,274.72,0.0,0
4786,8,53,455,20241024,1,156.93,17.44,0
4787,8,40,45,20241028,1,683.3,0.0,0
4788,8,8,246,20241014,1,489.92,0.0,0
4789,8,41,82,20241008,3,425.79,47.31,0
4790,8,48,397,20241024,3,352.54,88.13,0
4791,8,31,191,20241018,1,373.92,93.48,0
4792,8,6,7,20241028,2,743.38,82.6,0
4793,8,22,153,20241024,1,527.02,0.0,0
4794,8,40,371,20241010,1,683.3,0.0,0
4795,1,8,177,20241109,1,416.43,73.49,0
4796,1,27,537,20241103,1,251.74,62.94,0
4797,1,43,126,20241129,1,264.04,29.34,1
4798,1,43,524,20241107,1,234.7,58.68,0
4799,1,54,273,20241109,1,113.34,28.34,0
4800,1,40,428,20241104,1,614.97,68.33,0
4801,1,28,318,20241118,1,237.63,59.41,0
4802,1,31,410,20241112,1,373.92,93.48,0
4803,1,24,404,20241130,1,590.23,104.16,0
4804,1,27,144,20241102,1,267.48,47.2,0
4805,1,30,64,20241119,2,439.55,109.89,0
4806,1,32,148,20241110,1,374.43,93.61,0
4807,1,21,568,20241115,1,498.49,55.39,0
4808,1,39,238,20241112,2,1023.78,255.94,0
4809,1,29,425,20241121,1,435.29,76.81,0
4810,1,52,57,20241128,1,75.11,8.35,0
4811,1,4,21,20241107,3,1076.23,189.92,0
4812,1,2,363,20241129,1,246.56,61.64,1
4813,1,30,297,20241109,1,233.51,41.21,0
4814,1,15,469,20241112,1,328.15,36.46,0
4815,1,24,464,20241130,1,590.23,104.16,1
4816,1,44,337,20241119,1,245.79,27.31,0
4817,1,55,209,20241112,2,190.71,21.19,0
4818,1,46,70,20241126,1,185.97,32.82,0
4819,1,35,598,20241115,1,337.88,37.54,0
4820,1,39,482,20241104,1,511.89,127.97,0
4821,1,35,291,20241114,1,300.34,75.08,0
4822,1,30,445,20241105,1,219.78,54.94,0
4823,1,25,507,20241116,1,380.87,67.21,0
4824,1,1,131,20241127,1,172.73,74.02,0
4825,1,8,375,20241127,1,391.94,97.98,0
4826,1,1,176,20241121,1,197.4,49.35,0
4827,1,21,345,20241127,1,498.49,55.39,0
4828,1,28,160,20241114,1,207.93,89.11,1
4829,1,11,284,20241110,1,181.46,45.36,0
4830,1,16,291,20241101,1,297.77,74.44,0
4831,1,35,355,20241103,1,300.34,75.08,0
4832,1,30,253,20241102,1,219.78,54.94,0
4833,1,32,208,20241106,1,421.24,46.8,0
4834,1,1,337,20241103,1,197.4,49.35,0
4835,1,35,502,20241123,1,300.34,75.08,0
4836,1,21,488,20241114,1,498.49,55.39,0
4837,1,21,185,20241108,1,470.8,83.08,0
4838,1,31,591,20241130,1,373.92,93.48,0
4839,1,45,355,20241124,1,116.61,12.96,0
4840,1,50,584,20241102,1,158.53,17.61,0
4841,1,32,339,20241102,1,374.43,93.61,0
4842,1,13,579,20241117,1,397.03,44.11,0
4843,1,41,152,20241103,1,126.16,31.54,0
4844,1,20,90,20241115,1,280.98,49.59,0
4845,1,42,182,20241110,1,79.72,19.93,0
4846,1,47,47,20241102,1,103.16,18.21,0
4847,1,37,298,20241101,1,537.25,59.69,0
4848,1,11,259,20241109,1,192.8,34.02,0
4849,1,9,453,20241105,1,367.6,40.84,0
4850,1,36,520,20241113,1,537.48,59.72,0
4851,1,48,224,20241129,2,249.71,44.07,0
4852,1,30,62,20241107,1,219.78,54.94,1
4853,1,27,488,20241122,1,267.48,47.2,0
4854,1,30,170,20241130,1,233.51,41.21,0
4855,1,40,222,20241118,1,580.81,102.49,0
4856,1,13,542,20241108,1,352.91,88.23,0
4857,1,50,124,20241110,1,140.91,35.23,0
4858,1,20,528,20241115,1,231.4,99.17,0
4859,1,8,580,20241112,1,416.43,73.49,0
4860,1,55,235,20241112,1,95.35,10.6,0
4861,1,14,529,20241123,1,305.89,53.98,0
4862,1,26,272,20241109,1,442.78,49.2,0
4863,1,22,497,20241111,1,421.62,105.4,0
4864,1,29,59,20241113,1,435.29,76.81,0
4865,1,32,573,20241106,1,397.83,70.21,0
4866,1,4,195,20241105,1,358.74,63.31,0
4867,1,14,313,20241120,1,287.9,71.97,0
4868,1,27,337,20241119,1,267.48,47.2,0
4869,1,32,511,20241107,1,374.43,93.61,0
4870,1,25,311,20241113,1,313.66,134.42,0
4871,1,31,5,20241113,1,373.92,93.48,0
4872,1,53,365,20241122,1,156.93,17.44,0
4873,1,38,585,20241129,1,627.63,156.91,0
4874,1,47,147,20241116,1,109.23,12.14,0
4875,1,27,423,20241111,1,267.48,47.2,0
4876,1,27,182,20241130,1,251.74,62.94,0
4877,1,36,108,20241107,1,507.62,89.58,0
4878,1,21,388,20241102,1,498.49,55.39,0
4879,1,27,535,20241128,1,251.74,62.94,0
4880,1,51,252,20241116,1,55.84,9.85,0
4881,1,54,428,20241122,1,113.34,28.34,0
4882,1,5,241,20241126,1,214.44,53.61,0
4883,1,4,275,20241128,1,337.64,84.41,0
4884,1,26,506,20241116,1,442.78,49.2,0
4885,1,52,162,20241120,1,75.11,8.35,0
4886,1,49,185,20241106,1,48.1,12.03,0
4887,1,3,200,20241101,1,403.9,44.88,0
4888,1,47,5,20241108,1,97.1,24.27,0
4889,1,26,437,20241119,1,442.78,49.2,0
4890,1,10,251,20241116,1,221.08,24.56,0
4891,1,40,15,20241104,1,546.64,136.66,0
4892,1,34,475,20241101,1,275.56,68.89,1
4893,1,44,543,20241113,1,232.13,40.97,0
4894,1,20,75,20241108,1,280.98,49.59,0
4895,1,24,60,20241111,1,624.95,69.44,0
4896,1,40,34,20241129,1,546.64,136.66,0
4897,1,17,10,20241128,1,223.33,55.83,0
4898,1,44,210,20241128,1,218.48,54.62,0
4899,1,1,272,20241106,1,197.4,49.35,0
4900,1,4,462,20241123,1,358.74,63.31,0
4901,1,11,115,20241113,1,204.14,22.68,0
4902,1,30,396,20241104,1,219.78,54.94,0
4903,1,34,116,20241116,1,292.78,51.67,0
4904,1,32,8,20241126,1,397.83,70.21,0
4905,1,22,443,20241106,1,447.97,79.05,0
4906,1,9,495,20241115,1,326.75,81.69,0
4907,2,46,13,20241122,1,185.97,32.82,0
4908,2,42,351,20241112,1,89.68,9.97,0
4909,2,30,299,20241101,1,233.51,41.21,0
4910,2,56,463,20241114,1,51.78,12.95,0
4911,2,25,403,20241120,1,403.27,44.81,0
4912,2,33,8,20241109,1,408.0,72.0,0
4913,2,27,249,20241103,1,251.74,62.94,0
4914,2,35,242,20241130,1,300.34,75.08,0
4915,2,2,438,20241105,1,277.38,30.82,0
4916,2,15,373,20241129,1,291.69,72.92,0
4917,2,9,280,20241101,1,326.75,81.69,0
4918,2,50,554,20241128,1,140.91,35.23,0
4919,2,56,200,20241112,1,51.78,12.95,0
4920,2,35,459,20241121,2,638.21,112.63,0
4921,2,33,253,20241124,1,384.0,96.0,1
4922,2,50,281,20241118,1,140.91,35.23,0
4923,2,55,73,20241127,1,90.06,15.89,0
4924,2,43,40,20241119,1,264.04,29.34,0
4925,2,10,495,20241119,1,221.08,24.56,0
4926,2,49,258,20241128,1,54.12,6.01,0
4927,2,52,140,20241123,1,75.11,8.35,0
4928,2,43,187,20241111,1,234.7,58.68,0
4929,2,24,470,20241118,1,555.51,138.88,0
4930,2,28,17,20241106,1,237.63,59.41,0
4931,2,37,411,20241106,1,507.4,89.54,0
4932,2,29,466,20241122,1,435.29,76.81,0
4933,2,28,246,20241108,1,237.63,59.41,0
4934,2,7,342,20241120,1,276.61,30.73,0
4935,2,12,58,20241128,1,362.6,90.65,0
4936,2,7,137,20241128,1,276.61,30.73,0
4937,2,20,426,20241103,1,280.98,49.59,0
4938,2,31,291,20241107,1,397.29,70.11,0
4939,2,22,209,20241109,1,421.62,105.4,0
4940,2,43,590,20241109,1,249.37,44.01,0
4941,2,22,545,20241109,1,474.32,52.7,0
4942,2,21,114,20241123,1,470.8,83.08,1
4943,2,55,258,20241104,1,84.76,21.19,0
4944,2,27,452,20241122,1,267.48,47.2,0
4945,2,12,384,20241124,1,362.6,90.65,0
4946,2,34,123,20241125,1,292.78,51.67,0
4947,2,18,583,20241109,1,588.62,103.88,0
4948,2,52,333,20241106,1,66.77,16.69,0
4949,2,10,308,20241124,1,221.08,24.56,0
4950,2,56,316,20241129,1,55.02,9.71,0
4951,2,34,399,20241107,2,620.01,68.89,0
4952,2,39,457,20241104,1,543.88,95.98,0
4953,2,18,503,20241130,2,1246.5,138.5,0
4954,2,49,273,20241120,1,54.12,6.01,0
4955,2,1,196,20241115,1,197.4,49.35,1
4956,2,25,493,20241103,2,806.54,89.62,0
4957,2,31,137,20241106,1,373.92,93.48,0
4958,2,49,562,20241104,1,51.11,9.02,0
4959,2,1,464,20241110,1,209.74,37.01,0
4960,2,43,285,20241117,1,264.04,29.34,0
4961,2,21,174,20241127,1,498.49,55.39,0
4962,2,39,532,20241108,1,447.9,191.96,0
4963,2,54,332,20241123,1,113.34,28.34,0
4964,2,31,516,20241122,1,397.29,70.11,0
4965,2,25,548,20241106,1,358.46,89.62,0
4966,2,47,103,20241128,1,103.16,18.21,0
4967,2,20,5,20241102,1,264.46,66.11,0
4968,2,20,445,20241125,1,231.4,99.17,0
4969,2,3,393,20241124,1,359.02,89.76,0
4970,2,39,403,20241114,1,543.88,95.98,0
4971,2,54,513,20241101,1,120.43,21.25,0
4972,2,3,107,20241110,1,359.02,89.76,0
4973,2,3,358,20241117,1,381.46,67.32,0
4974,2,28,284,20241126,1,252.48,44.56,0
4975,2,16,458,20241121,1,297.77,74.44,1
4976,2,46,259,20241124,1,196.91,21.88,0
4977,2,46,175,20241118,1,185.97,32.82,0
4978,2,53,504,20241111,1,139.5,34.87,1
4979,3,16,577,20241128,1,334.99,37.22,0
4980,3,39,261,20241122,1,511.89,127.97,0
4981,3,41,276,20241122,1,126.16,31.54,0
4982,3,25,85,20241102,1,380.87,67.21,0
4983,3,23,557,20241105,1,281.27,49.63,0
4984,3,4,254,20241111,1,358.74,63.31,0
4985,3,13,172,20241111,1,352.91,88.23,0
4986,3,22,418,20241101,1,474.32,52.7,0
4987,3,8,392,20241103,1,440.93,48.99,0
4988,3,20,68,20241129,1,297.51,33.06,0
4989,3,7,237,20241116,1,245.87,61.47,0
4990,3,30,430,20241102,1,219.78,54.94,0
4991,3,47,204,20241121,1,109.23,12.14,0
4992,3,9,247,20241103,1,367.6,40.84,1
4993,3,31,427,20241130,1,397.29,70.11,0
4994,3,40,60,20241111,1,580.81,102.49,0
4995,3,10,367,20241107,1,196.51,49.13,0
4996,3,34,588,20241125,1,292.78,51.67,0
4997,3,20,197,20241111,1,264.46,66.11,0
4998,3,10,533,20241123,1,221.08,24.56,0
4999,3,17,142,20241111,1,237.29,41.87,1
5000,3,41,127,20241126,1,141.93,15.77,0
5001,3,45,431,20241124,1,116.61,12.96,0
5002,3,28,593,20241110,1,267.34,29.7,0
5003,3,11,490,20241115,1,181.46,45.36,0
5004,3,11,370,20241130,1,181.46,45.36,0
5005,3,32,550,20241117,1,397.83,70.21,0
5006,3,26,308,20241109,1,393.58,98.4,0
5007,3,26,598,20241127,1,393.58,98.4,0
5008,3,23,330,20241109,1,281.27,49.63,0
5009,3,9,160,20241105,1,347.17,61.27,0
5010,3,47,10,20241129,1,103.16,18.21,0
5011,3,8,128,20241126,1,416.43,73.49,0
5012,3,39,234,20241129,1,511.89,127.97,0
5013,3,30,59,20241114,2,439.55,109.89,0
5014,3,34,508,20241126,1,275.56,68.89,0
5015,3,23,306,20241108,1,281.27,49.63,0
5016,3,35,359,20241101,1,319.11,56.31,0
5017,3,19,207,20241116,1,383.63,42.63,0
5018,3,7,364,20241128,1,245.87,61.47,0
5019,3,7,480,20241122,1,261.24,46.1,0
5020,3,38,425,20241104,1,706.09,78.45,0
5021,3,53,245,20241118,3,444.64,78.47,0
5022,3,9,424,20241113,1,347.17,61.27,0
5023,3,42,192,20241104,1,84.7,14.95,0
5024,3,22,414,20241105,2,895.93,158.11,0
5025,3,26,462,20241103,2,836.37,147.59,0
5026,3,37,567,20241128,1,507.4,89.54,0
5027,3,31,60,20241110,1,397.29,70.11,0
5028,3,9,188,20241112,1,326.75,81.69,0
5029,3,34,138,20241106,1,310.0,34.45,0
5030,3,17,93,20241116,1,251.24,27.92,0
5031,3,47,537,20241119,1,84.96,36.41,1
5032,3,36,13,20241112,1,537.48,59.72,0
5033,3,15,383,20241114,1,309.92,54.69,0
5034,3,29,2,20241113,1,435.29,76.81,0
5035,3,17,164,20241126,1,251.24,27.92,0
5036,3,12,456,20241116,1,362.6,90.65,0
5037,3,47,235,20241110,1,103.16,18.21,0
5038,3,23,14,20241126,1,264.72,66.18,0
5039,3,41,597,20241108,1,126.16,31.54,0
5040,3,31,66,20241111,2,747.84,186.96,0
5041,3,3,31,20241123,1,381.46,67.32,0
5042,3,55,312,20241126,1,90.06,15.89,0
5043,3,10,287,20241116,1,208.79,36.85,0
5044,3,4,285,20241111,2,759.69,84.41,0
5045,3,48,111,20241101,1,117.51,29.38,0
5046,3,13,338,20241122,1,352.91,88.23,0
5047,3,26,379,20241114,1,393.58,98.4,0
5048,3,25,408,20241113,1,358.46,89.62,0
5049,3,13,518,20241111,1,352.91,88.23,0
5050,3,27,284,20241108,2,503.49,125.87,0
5051,3,32,87,20241119,1,421.24,46.8,0
5052,3,48,171,20241114,1,117.51,29.38,0
5053,3,39,578,20241105,1,543.88,95.98,0
5054,3,43,304,20241122,1,249.37,44.01,0
5055,3,37,420,20241107,1,507.4,89.54,0
5056,3,28,349,20241128,2,504.97,89.11,0
5057,3,33,355,20241101,1,432.0,48.0,0
5058,3,32,374,20241124,1,421.24,46.8,0
5059,3,36,292,20241130,1,537.48,59.72,0
5060,3,16,236,20241103,1,297.77,74.44,0
5061,4,8,144,20241114,1,342.94,146.98,0
5062,4,52,103,20241101,2,133.54,33.38,0
5063,4,15,18,20241103,1,328.15,36.46,0
5064,4,36,385,20241107,1,537.48,59.72,0
5065,4,25,356,20241112,1,358.46,89.62,0
5066,4,38,501,20241113,1,706.09,78.45,0
5067,4,5,402,20241116,1,214.44,53.61,0
5068,4,33,436,20241109,1,408.0,72.0,0
5069,4,32,363,20241129,1,374.43,93.61,1
5070,4,55,97,20241117,1,95.35,10.6,0
5071,4,51,508,20241105,1,55.84,9.85,0
5072,4,25,15,20241125,1,358.46,89.62,1
5073,4,5,14,20241128,1,214.44,53.61,0
5074,4,1,519,20241102,2,394.8,98.7,0
5075,4,24,509,20241111,2,1111.02,277.76,0
5076,4,15,34,20241110,1,291.69,72.92,0
5077,4,26,388,20241118,1,418.18,73.8,0
5078,4,4,129,20241116,1,379.84,42.21,0
5079,4,37,107,20241130,1,507.4,89.54,0
5080,4,49,15,20241103,1,51.11,9.02,0
5081,4,21,38,20241119,1,443.1,110.78,0
5082,4,35,480,20241124,1,319.11,56.31,0
5083,4,41,537,20241113,3,425.79,47.31,0
5084,4,50,218,20241119,2,299.44,52.84,1
5085,4,32,200,20241119,1,397.83,70.21,0
5086,4,28,459,20241101,1,237.63,59.41,0
5087,4,7,484,20241123,1,276.61,30.73,0
5088,4,21,108,20241104,1,498.49,55.39,0
5089,4,47,464,20241103,1,103.16,18.21,0
5090,4,3,139,20241116,3,1077.07,269.27,0
5091,4,4,449,20241125,1,358.74,63.31,0
5092,4,3,388,20241109,1,381.46,67.32,0
5093,4,32,484,20241115,1,397.83,70.21,0
5094,4,55,415,20241122,1,90.06,15.89,0
5095,4,31,317,20241110,1,397.29,70.11,0
5096,4,14,305,20241111,1,287.9,71.97,0
5097,4,43,588,20241122,3,704.11,176.03,0
5098,4,38,323,20241102,2,1412.17,156.91,0
5099,4,28,471,20241124,1,252.48,44.56,0
5100,4,23,424,20241114,1,281.27,49.63,1
5101,4,41,70,20241125,2,252.32,63.08,0
5102,4,29,328,20241128,1,460.89,51.21,0
5103,4,49,353,20241117,1,48.1,12.03,0
5104,4,12,308,20241113,1,362.6,90.65,0
5105,4,54,79,20241120,1,120.43,21.25,1
5106,4,46,197,20241111,1,175.03,43.76,0
5107,4,28,149,20241118,1,237.63,59.41,0
5108,4,2,524,20241115,1,261.97,46.23,0
5109,4,32,185,20241130,2,795.67,140.41,0
5110,4,56,286,20241129,1,55.02,9.71,0
5111,4,32,585,20241116,1,397.83,70.21,0
5112,4,10,288,20241128,1,196.51,49.13,0
5113,4,35,1,20241103,2,675.76,75.08,0
5114,5,30,514,20241128,1,219.78,54.94,0
5115,5,22,552,20241112,1,421.62,105.4,0
5116,5,28,356,20241129,1,267.34,29.7,0
5117,5,12,196,20241113,2,815.85,90.65,0
5118,5,33,369,20241111,1,384.0,96.0,0
5119,5,7,376,20241115,1,276.61,30.73,0
5120,5,27,300,20241102,1,251.74,62.94,0
5121,5,16,552,20241121,1,297.77,74.44,0
5122,5,11,297,20241106,1,204.14,22.68,0
5123,5,28,568,20241113,1,267.34,29.7,0
5124,5,26,15,20241110,1,442.78,49.2,0
5125,5,55,512,20241108,1,90.06,15.89,0
5126,5,26,228,20241110,1,344.39,147.59,0
5127,5,49,101,20241128,1,48.1,12.03,0
5128,5,31,372,20241113,1,327.18,140.22,0
5129,5,18,388,20241127,1,554.0,138.5,0
5130,5,14,320,20241105,1,287.9,71.97,1
5131,5,25,62,20241117,1,313.66,134.42,0
5132,5,41,269,20241106,1,126.16,31.54,0
5133,5,36,389,20241120,1,537.48,59.72,0
5134,5,45,504,20241129,1,103.66,25.91,0
5135,5,30,152,20241118,3,700.54,123.62,0
5136,5,6,217,20241130,1,330.39,82.6,0
5137,5,28,70,20241125,1,267.34,29.7,0
5138,5,56,250,20241121,1,55.02,9.71,1
5139,5,38,97,20241122,1,666.86,117.68,0
5140,5,28,83,20241109,2,534.67,59.41,0
5141,5,30,566,20241109,1,247.25,27.47,0
5142,5,11,563,20241123,1,192.8,34.02,0
5143,5,19,114,20241103,1,341.01,85.25,0
5144,5,31,441,20241128,1,420.66,46.74,0
5145,5,17,140,20241106,1,237.29,41.87,0
5146,5,34,173,20241109,1,310.0,34.45,1
5147,5,3,246,20241112,1,403.9,44.88,0
5148,5,13,494,20241118,1,352.91,88.23,0
5149,5,29,576,20241121,1,435.29,76.81,0
5150,5,17,261,20241125,1,195.41,83.75,0
5151,5,7,528,20241127,1,245.87,61.47,0
5152,5,46,524,20241111,2,371.94,65.64,0
5153,5,26,129,20241128,1,418.18,73.8,0
5154,5,16,296,20241130,1,334.99,37.22,0
5155,5,28,258,20241109,1,252.48,44.56,0
5156,5,33,517,20241128,1,408.0,72.0,0
5157,5,23,285,20241123,1,264.72,66.18,0
5158,5,23,60,20241120,2,595.62,66.18,0
5159,5,24,2,20241125,1,555.51,138.88,0
5160,5,28,600,20241107,1,267.34,29.7,0
5161,5,21,19,20241121,1,470.8,83.08,0
5162,5,30,441,20241105,1,247.25,27.47,0
5163,5,25,482,20241114,1,380.87,67.21,0
5164,5,6,347,20241117,1,330.39,82.6,0
5165,5,29,226,20241108,1,409.68,102.42,0
5166,5,14,407,20241101,1,287.9,71.97,0
5167,5,30,243,20241102,1,219.78,54.94,0
5168,5,33,312,20241110,1,384.0,96.0,0
5169,5,53,475,20241115,1,139.5,34.87,0
5170,5,17,318,20241102,1,223.33,55.83,1
5171,5,47,239,20241112,2,206.33,36.41,0
5172,5,25,482,20241120,1,380.87,67.21,1
5173,5,55,53,20241107,1,84.76,21.19,0
5174,5,41,322,20241117,1,126.16,31.54,0
5175,5,29,107,20241114,2,819.36,204.84,0
5176,5,40,591,20241129,1,546.64,136.66,0
5177,5,6,72,20241119,1,351.04,61.95,0
5178,5,6,114,20241104,1,330.39,82.6,0
5179,5,32,148,20241105,1,421.24,46.8,0
5180,5,34,547,20241127,1,275.56,68.89,0
5181,5,19,415,20241117,1,341.01,85.25,1
5182,5,29,343,20241101,1,409.68,102.42,0
5183,5,24,427,20241129,1,590.23,104.16,0
5184,5,6,127,20241107,1,351.04,61.95,1
5185,5,37,313,20241114,1,537.25,59.69,0
5186,5,5,245,20241101,1,227.84,40.21,1
5187,5,42,498,20241125,1,89.68,9.97,0
5188,5,27,313,20241106,1,251.74,62.94,0
5189,5,28,590,20241105,1,237.63,59.41,0
5190,5,35,492,20241127,2,600.67,150.17,0
5191,5,15,457,20241123,1,309.92,54.69,0
5192,5,56,250,20241124,1,51.78,12.95,0
5193,5,26,147,20241122,2,836.37,147.59,0
5194,6,33,572,20241112,1,408.0,72.0,0
5195,6,15,230,20241111,1,309.92,54.69,0
5196,6,1,61,20241123,2,419.48,74.02,0
5197,6,20,477,20241102,2,561.97,99.17,0
5198,6,9,480,20241112,1,285.91,122.53,0
5199,6,28,303,20241104,1,252.48,44.56,0
5200,6,56,216,20241106,1,58.26,6.47,0
5201,6,26,172,20241117,1,418.18,73.8,0
5202,6,41,406,20241128,1,141.93,15.77,0
5203,6,52,280,20241121,1,70.94,12.52,0
5204,6,30,525,20241129,1,233.51,41.21,0
5205,6,49,111,20241106,1,54.12,6.01,0
5206,6,38,244,20241111,1,666.86,117.68,0
5207,6,8,57,20241109,1,416.43,73.49,0
5208,6,47,5,20241127,1,103.16,18.21,0
5209,6,11,422,20241111,1,181.46,45.36,0
5210,6,22,76,20241119,1,421.62,105.4,0
5211,6,25,532,20241115,1,380.87,67.21,0
5212,6,56,455,20241102,1,55.02,9.71,0
5213,6,31,113,20241128,1,397.29,70.11,0
5214,6,8,510,20241111,1,391.94,97.98,0
5215,6,19,505,20241101,1,341.01,85.25,0
5216,6,45,597,20241129,1,110.13,19.44,0
5217,6,47,155,20241127,1,97.1,24.27,0
5218,6,30,355,20241128,1,219.78,54.94,0
5219,6,24,372,20241103,1,555.51,138.88,0
5220,6,44,69,20241103,1,218.48,54.62,0
5221,6,56,343,20241127,1,55.02,9.71,0
5222,6,34,203,20241117,1,275.56,68.89,0
5223,6,26,442,20241109,1,442.78,49.2,0
5224,6,19,461,20241125,1,341.01,85.25,0
5225,6,34,111,20241102,3,878.35,155.0,0
5226,6,32,569,20241106,1,397.83,70.21,1
5227,6,45,123,20241120,1,110.13,19.44,0
5228,6,7,15,20241126,1,245.87,61.47,0
5229,6,46,338,20241117,1,175.03,43.76,0
5230,6,33,26,20241128,1,432.0,48.0,0
5231,6,50,227,20241111,1,140.91,35.23,0
5232,6,55,109,20241111,1,95.35,10.6,0
5233,6,10,23,20241125,1,196.51,49.13,0
5234,6,2,459,20241129,1,246.56,61.64,0
5235,6,29,356,20241127,1,409.68,102.42,0
5236,6,28,274,20241119,1,252.48,44.56,0
5237,6,29,177,20241120,1,435.29,76.81,0
5238,6,3,444,20241113,1,359.02,89.76,0
5239,6,30,401,20241112,1,219.78,54.94,0
5240,6,26,59,20241112,1,393.58,98.4,0
5241,6,15,542,20241110,1,309.92,54.69,0
5242,6,6,24,20241113,1,351.04,61.95,0
5243,6,53,395,20241116,2,244.12,104.62,0
5244,6,3,373,20241109,1,359.02,89.76,0
5245,6,46,14,20241127,1,185.97,32.82,0
5246,6,20,378,20241123,1,297.51,33.06,0
5247,6,29,362,20241109,1,435.29,76.81,0
5248,6,26,391,20241119,1,393.58,98.4,0
5249,6,14,447,20241120,1,323.88,35.99,0
5250,6,12,237,20241123,1,407.92,45.33,0
5251,6,20,482,20241129,1,280.98,49.59,0
5252,6,25,19,20241127,1,358.46,89.62,0
5253,6,48,304,20241103,1,102.82,44.07,0
5254,6,41,466,20241112,1,126.16,31.54,0
5255,6,36,253,20241108,1,418.04,179.16,0
5256,6,4,542,20241120,1,337.64,84.41,0
5257,6,47,435,20241114,2,194.19,48.55,1
5258,6,29,100,20241114,1,460.89,51.21,0
5259,7,4,178,20241110,1,358.74,63.31,0
5260,7,2,355,20241113,1,246.56,61.64,0
5261,7,13,133,20241121,1,352.91,88.23,0
5262,7,22,467,20241105,2,895.93,158.11,0
5263,7,16,534,20241115,1,334.99,37.22,0
5264,7,43,443,20241117,1,234.7,58.68,0
5265,7,15,548,20241102,1,309.92,54.69,0
5266,7,29,293,20241116,1,409.68,102.42,0
5267,7,20,487,20241115,1,264.46,66.11,0
5268,7,44,56,20241102,1,232.13,40.97,0
5269,7,54,486,20241105,1,120.43,21.25,0
5270,7,55,70,20241119,1,90.06,15.89,0
5271,7,55,588,20241117,1,95.35,10.6,0
5272,7,29,67,20241111,1,409.68,102.42,0
5273,7,38,53,20241104,1,627.63,156.91,0
5274,7,32,202,20241103,1,397.83,70.21,0
5275,7,55,506,20241117,2,169.52,42.38,0
5276,7,26,139,20241122,1,393.58,98.4,0
5277,7,2,517,20241101,1,246.56,61.64,0
5278,7,31,501,20241127,1,397.29,70.11,0
5279,7,26,408,20241111,1,442.78,49.2,0
5280,7,1,362,20241115,1,197.4,49.35,0
5281,7,35,301,20241117,1,319.11,56.31,0
5282,7,55,529,20241129,1,95.35,10.6,0
5283,7,46,340,20241107,1,185.97,32.82,0
5284,7,12,443,20241103,2,815.85,90.65,0
5285,7,24,134,20241115,1,624.95,69.44,0
5286,7,46,72,20241113,1,196.91,21.88,0
5287,7,24,77,20241101,1,590.23,104.16,0
5288,7,51,591,20241121,2,111.67,19.71,0
5289,7,5,510,20241120,3,643.32,160.83,0
5290,7,40,123,20241127,1,546.64,136.66,0
5291,7,53,251,20241125,1,148.21,26.16,0
5292,7,49,587,20241126,1,54.12,6.01,0
5293,7,38,502,20241112,1,627.63,156.91,0
5294,7,17,512,20241107,1,251.24,27.92,0
5295,7,28,275,20241106,1,252.48,44.56,0
5296,7,26,210,20241124,1,418.18,73.8,0
5297,7,28,452,20241122,1,267.34,29.7,0
5298,7,29,66,20241111,1,460.89,51.21,0
5299,7,30,64,20241121,1,192.3,82.42,0
5300,7,31,80,20241121,1,373.92,93.48,0
5301,7,24,57,20241113,1,555.51,138.88,0
5302,7,18,201,20241128,1,588.62,103.88,0
5303,7,56,426,20241128,1,45.31,19.42,0
5304,7,56,558,20241112,2,103.57,25.89,0
5305,7,32,599,20241113,1,397.83,70.21,0
5306,7,40,394,20241123,1,546.64,136.66,0
5307,7,34,490,20241120,1,310.0,34.45,0
5308,7,3,218,20241101,1,359.02,89.76,0
5309,7,28,256,20241105,1,267.34,29.7,0
5310,7,37,70,20241114,1,537.25,59.69,0
5311,7,22,485,20241117,1,447.97,79.05,0
5312,7,38,378,20241114,1,706.09,78.45,0
5313,7,46,155,20241112,1,185.97,32.82,0
5314,7,11,148,20241125,1,204.14,22.68,0
5315,7,48,420,20241118,1,132.2,14.69,0
5316,7,27,423,20241110,1,251.74,62.94,0
5317,7,38,11,20241109,1,627.63,156.91,0
5318,7,54,553,20241130,1,113.34,28.34,1
5319,7,21,347,20241116,1,443.1,110.78,0
5320,7,1,570,20241118,1,222.07,24.68,0
5321,7,39,446,20241129,1,543.88,95.98,0
5322,7,32,386,20241103,1,374.43,93.61,0
5323,7,45,455,20241107,1,116.61,12.96,0
5324,7,23,152,20241115,2,562.53,99.27,0
5325,7,47,77,20241105,2,218.47,24.27,0
5326,7,4,296,20241112,1,337.64,84.41,0
5327,7,3,4,20241111,1,381.46,67.32,0
5328,7,31,168,20241109,1,373.92,93.48,0
5329,7,6,420,20241120,2,743.38,82.6,0
5330,7,6,306,20241113,1,371.69,41.3,0
5331,7,52,542,20241116,1,66.77,16.69,0
5332,7,24,355,20241117,1,555.51,138.88,0
5333,7,38,260,20241129,1,627.63,156.91,0
5334,7,23,348,20241109,1,264.72,66.18,0
5335,7,16,146,20241116,1,297.77,74.44,0
5336,7,32,84,20241108,1,421.24,46.8,0
5337,7,32,227,20241130,1,374.43,93.61,0
5338,7,33,13,20241105,1,432.0,48.0,0
5339,7,18,34,20241111,1,554.0,138.5,0
5340,7,34,129,20241111,1,310.0,34.45,0
5341,7,40,57,20241128,1,546.64,136.66,0
5342,7,55,378,20241125,1,95.35,10.6,0
5343,7,54,585,20241120,2,226.69,56.67,0
5344,7,51,1,20241113,1,59.12,6.57,0
5345,7,32,566,20241117,1,397.83,70.21,0
5346,7,40,481,20241105,3,1742.42,307.48,0
5347,7,12,512,20241115,2,770.53,135.97,1
5348,7,32,57,20241122,1,397.83,70.21,0
5349,7,37,410,20241122,3,1522.2,268.62,0
5350,7,49,187,20241106,1,51.11,9.02,0
5351,7,55,396,20241123,1,95.35,10.6,0
5352,8,5,70,20241108,1,227.84,40.21,0
5353,8,28,453,20241115,1,237.63,59.41,0
5354,8,22,567,20241106,1,421.62,105.4,0
5355,8,37,564,20241115,1,507.4,89.54,0
5356,8,4,448,20241126,1,337.64,84.41,0
5357,8,14,358,20241117,1,287.9,71.97,0
5358,8,41,132,20241103,1,141.93,15.77,0
5359,8,7,188,20241118,1,276.61,30.73,0
5360,8,46,115,20241116,1,175.03,43.76,0
5361,8,51,3,20241110,1,59.12,6.57,0
5362,8,44,221,20241128,1,218.48,54.62,0
5363,8,29,529,20241102,1,435.29,76.81,0
5364,8,8,424,20241130,1,416.43,73.49,0
5365,8,56,460,20241102,1,45.31,19.42,0
5366,8,14,453,20241126,1,305.89,53.98,0
5367,8,51,546,20241116,1,59.12,6.57,0
5368,8,26,542,20241121,1,418.18,73.8,0
5369,8,14,153,20241115,1,305.89,53.98,0
5370,8,27,61,20241102,1,267.48,47.2,0
5371,8,29,122,20241126,1,435.29,76.81,1
5372,8,34,448,20241114,1,275.56,68.89,0
5373,8,13,47,20241103,1,352.91,88.23,0
5374,8,5,142,20241102,1,214.44,53.61,0
5375,8,25,394,20241105,1,358.46,89.62,0
5376,8,29,519,20241110,1,409.68,102.42,0
5377,8,52,300,20241102,1,66.77,16.69,0
5378,8,3,100,20241116,1,359.02,89.76,0
5379,8,4,189,20241116,1,358.74,63.31,0
5380,8,23,42,20241109,1,264.72,66.18,1
5381,8,6,280,20241124,1,330.39,82.6,0
5382,8,55,11,20241123,1,90.06,15.89,0
5383,8,26,459,20241122,1,393.58,98.4,0
5384,8,1,417,20241107,2,444.15,49.35,0
5385,8,50,389,20241118,1,140.91,35.23,0
5386,8,3,334,20241120,1,403.9,44.88,0
5387,8,55,358,20241109,3,286.06,31.79,0
5388,8,27,166,20241108,1,267.48,47.2,0
5389,8,38,317,20241126,2,1255.26,313.82,0
5390,8,17,463,20241116,1,223.33,55.83,0
5391,8,28,97,20241104,1,252.48,44.56,0
5392,8,29,259,20241130,1,409.68,102.42,0
5393,8,7,379,20241115,1,261.24,46.1,0
5394,8,29,147,20241106,2,819.36,204.84,0
5395,8,55,588,20241120,1,90.06,15.89,0
5396,8,44,519,20241126,2,436.96,109.24,1
5397,8,43,455,20241116,1,234.7,58.68,0
5398,8,30,427,20241108,1,247.25,27.47,0
5399,8,40,277,20241101,1,580.81,102.49,0
5400,8,47,334,20241101,1,109.23,12.14,0
5401,8,18,91,20241112,1,588.62,103.88,0
5402,8,26,590,20241107,2,885.56,98.4,0
5403,8,19,348,20241122,2,767.27,85.25,0
5404,8,17,14,20241101,1,223.33,55.83,0
5405,8,10,189,20241115,1,208.79,36.85,1
5406,8,32,482,20241122,1,421.24,46.8,0
5407,8,28,440,20241106,1,252.48,44.56,0
5408,8,22,300,20241115,2,895.93,158.11,0
5409,8,32,155,20241125,1,397.83,70.21,0
5410,8,20,507,20241119,1,280.98,49.59,0
5411,8,55,5,20241106,1,84.76,21.19,0
5412,8,36,215,20241130,1,507.62,89.58,0
5413,8,12,212,20241125,1,362.6,90.65,0
5414,1,4,547,20241220,1,337.64,84.41,0
5415,1,10,99,20241208,1,208.79,36.85,0
5416,1,7,256,20241217,1,291.97,15.37,1
5417,1,9,542,20241214,2,694.35,122.53,0
5418,1,38,247,20241227,2,1569.08,0.0,0
5419,1,26,326,20241219,1,491.98,0.0,0
5420,1,33,431,20241219,1,432.0,48.0,1
5421,1,15,145,20241228,1,364.61,0.0,1
5422,1,35,566,20241214,1,375.42,0.0,0
5423,1,35,564,20241221,2,600.67,150.17,0
5424,1,15,251,20241223,2,729.22,0.0,0
5425,1,7,80,20241211,1,307.34,0.0,0
5426,1,40,537,20241211,2,1366.6,0.0,0
5427,1,8,544,20241203,1,489.92,0.0,0
5428,1,30,96,20241213,1,260.98,13.74,0
5429,1,27,483,20241225,1,314.68,0.0,0
5430,1,8,19,20241207,1,489.92,0.0,0
5431,1,35,401,20241207,1,375.42,0.0,0
5432,1,25,292,20241206,1,403.27,44.81,0
5433,1,22,548,20241216,2,1054.04,0.0,0
5434,1,27,121,20241227,1,314.68,0.0,0
5435,1,27,139,20241229,1,283.21,31.47,0
5436,1,27,304,20241219,2,629.36,0.0,1
5437,1,36,502,20241219,1,477.76,119.44,0
5438,1,37,319,20241225,1,596.94,0.0,0
5439,1,40,588,20241212,1,683.3,0.0,0
5440,1,37,536,20241206,1,596.94,0.0,0
5441,1,30,18,20241208,1,247.25,27.47,0
5442,1,38,14,20241209,1,745.31,39.23,0
5443,1,40,193,20241228,2,1298.27,68.33,1
5444,1,27,372,20241204,1,267.48,47.2,0
5445,1,33,384,20241219,1,480.0,0.0,0
5446,1,31,416,20241222,1,467.4,0.0,0
5447,1,4,8,20241201,3,1012.92,253.23,0
5448,1,35,581,20241228,3,957.32,168.94,0
5449,1,7,233,20241207,1,307.34,0.0,0
5450,1,10,195,20241208,1,196.51,49.13,0
5451,1,8,597,20241204,1,489.92,0.0,0
5452,1,21,587,20241210,1,498.49,55.39,0
5453,1,2,341,20241212,1,277.38,30.82,1
5454,1,36,232,20241214,1,597.2,0.0,0
5455,1,34,271,20241212,1,344.45,0.0,0
5456,1,17,540,20241204,1,279.16,0.0,0
5457,1,40,434,20241226,3,2049.9,0.0,0
5458,1,11,455,20241201,2,453.64,0.0,0
5459,1,5,346,20241210,1,268.05,0.0,0
5460,1,16,506,20241207,2,707.2,37.22,0
5461,1,38,476,20241223,1,549.18,235.36,0
5462,1,34,102,20241231,1,310.0,34.45,0
5463,1,46,167,20241216,2,437.58,0.0,0
5464,1,19,374,20241224,1,362.32,63.94,0
5465,1,23,209,20241229,1,330.9,0.0,0
5466,1,8,588,20241215,2,832.86,146.98,0
5467,1,39,326,20241229,1,639.86,0.0,0
5468,1,6,8,20241221,1,351.04,61.95,0
5469,1,10,473,20241229,2,491.28,0.0,0
5470,1,28,129,20241201,1,297.04,0.0,0
5471,1,12,90,20241215,1,407.92,45.33,0
5472,1,12,433,20241215,2,861.17,45.33,0
5473,1,2,325,20241209,1,277.38,30.82,0
5474,1,39,567,20241210,1,575.87,63.99,0
5475,1,45,278,20241227,1,129.57,0.0,0
5476,1,37,126,20241225,2,1074.49,119.39,0
5477,1,40,447,20241209,1,683.3,0.0,0
5478,1,19,436,20241205,1,341.01,85.25,1
5479,1,53,524,20241229,1,174.37,0.0,0
5480,1,28,357,20241209,1,237.63,59.41,0
5481,1,38,433,20241204,1,784.54,0.0,0
5482,1,18,333,20241213,1,657.88,34.62,0
5483,1,36,595,20241207,1,597.2,0.0,0
5484,1,23,106,20241226,1,330.9,0.0,0
5485,1,36,230,20241204,1,418.04,179.16,0
5486,1,39,13,20241221,1,575.87,63.99,0
5487,1,25,329,20241231,1,425.68,22.4,0
5488,1,33,15,20241215,1,408.0,72.0,0
5489,1,6,501,20241209,1,330.39,82.6,0
5490,1,36,481,20241210,1,537.48,59.72,0
5491,1,32,369,20241208,1,421.24,46.8,0
5492,1,38,496,20241205,1,784.54,0.0,0
5493,1,33,486,20241226,1,480.0,0.0,0
5494,1,2,459,20241201,1,292.79,15.41,0
5495,1,38,363,20241209,1,784.54,0.0,0
5496,1,40,274,20241202,2,1366.6,0.0,1
5497,1,39,177,20241215,1,639.86,0.0,0
5498,1,2,391,20241210,1,308.2,0.0,0
5499,1,33,56,20241206,1,456.0,24.0,0
5500,1,28,121,20241213,1,297.04,0.0,0
5501,1,38,165,20241215,1,666.86,117.68,0
5502,1,18,355,20241207,1,692.5,0.0,0
5503,1,36,440,20241201,1,597.2,0.0,0
5504,1,32,195,20241204,1,374.43,93.61,0
5505,1,40,324,20241209,1,649.14,34.16,0
5506,1,32,317,20241221,2,936.08,0.0,0
5507,1,13,493,20241224,1,441.14,0.0,0
5508,1,16,351,20241209,1,334.99,37.22,0
5509,1,54,338,20241202,3,425.04,0.0,0
5510,1,41,561,20241208,2,299.63,15.77,0
5511,1,28,216,20241216,1,267.34,29.7,0
5512,1,40,433,20241215,1,649.14,34.16,0
5513,1,34,107,20241231,1,344.45,0.0,0
5514,1,34,487,20241204,1,344.45,0.0,0
5515,1,9,286,20241211,1,408.44,0.0,0
5516,1,29,143,20241231,1,435.29,76.81,0
5517,1,35,496,20241227,1,375.42,0.0,1
5518,1,22,590,20241226,2,895.93,158.11,0
5519,1,10,362,20241210,1,245.64,0.0,0
5520,1,36,115,20241218,1,597.2,0.0,0
5521,1,35,215,20241214,1,337.88,37.54,0
5522,1,2,557,20241215,1,308.2,0.0,0
5523,1,20,449,20241210,1,330.57,0.0,0
5524,1,36,457,20241229,1,597.2,0.0,0
5525,1,37,316,20241202,1,596.94,0.0,0
5526,1,32,239,20241201,2,936.08,0.0,0
5527,1,27,104,20241230,1,251.74,62.94,0
5528,1,9,238,20241222,1,347.17,61.27,0
5529,1,49,288,20241217,1,60.13,0.0,0
5530,1,27,225,20241216,2,597.89,31.47,0
5531,1,6,241,20241215,1,412.99,0.0,0
5532,1,40,506,20241207,1,683.3,0.0,0
5533,1,39,587,20241202,1,511.89,127.97,0
5534,1,55,341,20241226,1,74.16,31.79,0
5535,1,33,195,20241211,1,456.0,24.0,0
5536,1,36,9,20241209,1,567.34,29.86,0
5537,1,40,100,20241225,1,614.97,68.33,1
5538,1,27,380,20241226,2,503.49,125.87,0
5539,2,16,277,20241217,1,372.21,0.0,0
5540,2,53,490,20241215,1,174.37,0.0,0
5541,2,14,138,20241208,1,359.87,0.0,0
5542,2,33,452,20241219,1,384.0,96.0,0
5543,2,35,36,20241220,1,356.65,18.77,0
5544,2,25,329,20241220,1,448.08,0.0,0
5545,2,34,425,20241201,1,310.0,34.45,0
5546,2,37,458,20241218,1,596.94,0.0,0
5547,2,34,190,20241224,1,344.45,0.0,0
5548,2,45,87,20241202,1,103.66,25.91,0
5549,2,38,578,20241229,1,666.86,117.68,0
5550,2,10,249,20241226,1,221.08,24.56,0
5551,2,33,81,20241202,1,408.0,72.0,0
5552,2,38,491,20241210,1,745.31,39.23,0
5553,2,37,317,20241201,1,596.94,0.0,0
5554,2,17,300,20241217,1,237.29,41.87,1
5555,2,30,217,20241223,1,260.98,13.74,0
5556,2,40,565,20241210,1,683.3,0.0,1
5557,2,37,62,20241219,1,596.94,0.0,0
5558,2,41,92,20241203,1,149.82,7.88,0
5559,2,10,382,20241217,1,245.64,0.0,0
5560,2,26,247,20241202,1,491.98,0.0,1
5561,2,25,510,20241204,1,380.87,67.21,0
5562,2,7,397,20241209,1,291.97,15.37,0
5563,2,10,161,20241229,1,221.08,24.56,0
5564,2,24,385,20241223,1,694.39,0.0,0
5565,2,29,290,20241204,2,1024.2,0.0,0
5566,2,35,556,20241212,1,375.42,0.0,0
5567,2,10,455,20241208,2,417.59,73.69,0
5568,2,13,161,20241221,1,352.91,88.23,0
5569,2,38,307,20241225,2,1569.08,0.0,0
5570,2,37,394,20241217,1,596.94,0.0,0
5571,2,37,594,20241211,2,1193.88,0.0,0
5572,2,37,574,20241205,1,507.4,89.54,0
5573,2,40,489,20241201,1,649.14,34.16,0
5574,2,40,255,20241214,2,1298.27,68.33,1
5575,2,38,126,20241209,1,784.54,0.0,0
5576,2,16,436,20241214,1,372.21,0.0,0
5577,2,33,195,20241223,1,480.0,0.0,0
5578,2,31,216,20241229,1,467.4,0.0,0
5579,2,32,364,20241204,1,397.83,70.21,0
5580,2,40,447,20241214,1,683.3,0.0,0
5581,2,39,457,20241224,1,575.87,63.99,0
5582,2,42,480,20241216,1,99.65,0.0,0
5583,2,35,88,20241231,2,525.59,225.25,0
5584,2,29,552,20241212,1,512.1,0.0,0
5585,2,30,503,20241211,1,274.72,0.0,0
5586,2,37,345,20241209,2,1134.19,59.69,0
5587,2,40,420,20241223,1,580.81,102.49,0
5588,2,22,342,20241207,1,368.91,158.11,1
5589,2,54,165,20241201,2,255.02,28.34,0
5590,2,40,147,20241216,1,649.14,34.16,0
5591,2,30,569,20241216,1,233.51,41.21,0
5592,2,51,413,20241219,1,59.12,6.57,0
5593,2,23,192,20241201,1,314.36,16.54,0
5594,2,29,293,20241225,1,512.1,0.0,0
5595,2,33,106,20241207,1,456.0,24.0,0
5596,2,32,263,20241214,1,421.24,46.8,0
5597,2,18,115,20241205,1,692.5,0.0,0
5598,2,15,483,20241213,1,364.61,0.0,0
5599,2,11,358,20241226,1,226.82,0.0,0
5600,2,33,490,20241214,1,456.0,24.0,0
5601,2,2,594,20241222,1,277.38,30.82,0
5602,2,16,588,20241201,1,372.21,0.0,0
5603,2,37,389,20241228,1,596.94,0.0,1
5604,2,38,179,20241222,2,1490.63,78.45,0
5605,2,39,110,20241219,2,1279.72,0.0,1
5606,2,16,366,20241218,3,893.3,223.33,0
5607,2,26,237,20241219,1,491.98,0.0,0
5608,2,33,443,20241219,3,1368.0,72.0,0
5609,2,29,194,20241222,1,486.49,25.61,0
5610,2,40,294,20241218,1,580.81,102.49,0
5611,2,13,314,20241229,1,419.08,22.06,0
5612,2,30,184,20241221,1,274.72,0.0,0
5613,2,27,210,20241228,1,314.68,0.0,0
5614,2,3,203,20241227,1,359.02,89.76,0
5615,2,27,524,20241206,1,267.48,47.2,0
5616,2,35,500,20241208,1,356.65,18.77,0
5617,2,37,540,20241219,2,1193.88,0.0,0
5618,2,27,552,20241231,1,298.95,15.73,0
5619,2,34,170,20241213,1,344.45,0.0,0
5620,2,31,325,20241220,1,397.29,70.11,0
5621,2,17,9,20241216,1,279.16,0.0,0
5622,2,34,255,20241215,1,310.0,34.45,0
5623,2,3,299,20241215,1,448.78,0.0,0
5624,3,18,82,20241212,1,692.5,0.0,0
5625,3,38,231,20241201,1,784.54,0.0,0
5626,3,36,68,20241231,1,537.48,59.72,0
5627,3,37,369,20241222,1,596.94,0.0,0
5628,3,48,456,20241214,3,440.67,0.0,0
5629,3,28,46,20241207,1,282.19,14.85,0
5630,3,33,176,20241203,1,408.0,72.0,0
5631,3,11,268,20241214,2,453.64,0.0,0
5632,3,55,437,20241201,1,100.65,5.3,0
5633,3,27,278,20241230,2,629.36,0.0,0
5634,3,25,571,20241208,1,380.87,67.21,0
5635,3,33,324,20241223,2,960.0,0.0,0
5636,3,18,417,20241224,1,657.88,34.62,0
5637,3,35,281,20241202,1,356.65,18.77,0
5638,3,40,336,20241226,3,1947.41,102.49,0
5639,3,38,280,20241209,1,784.54,0.0,0
5640,3,15,270,20241206,2,656.3,72.92,0
5641,3,39,346,20241222,1,575.87,63.99,0
5642,3,18,112,20241228,1,692.5,0.0,0
5643,3,10,78,20241226,1,245.64,0.0,0
5644,3,30,412,20241219,1,260.98,13.74,0
5645,3,39,278,20241216,1,639.86,0.0,1
5646,3,21,267,20241224,2,1107.76,0.0,0
5647,3,15,63,20241225,1,346.38,18.23,0
5648,3,25,525,20241223,1,380.87,67.21,0
5649,3,27,455,20241222,1,314.68,0.0,0
5650,3,21,120,20241202,1,498.49,55.39,0
5651,3,9,450,20241210,1,408.44,0.0,0
5652,3,7,369,20241221,1,245.87,61.47,0
5653,3,28,421,20241219,1,267.34,29.7,0
5654,3,1,86,20241224,1,246.75,0.0,0
5655,3,8,469,20241211,1,489.92,0.0,0
5656,3,34,460,20241212,1,327.23,17.22,1
5657,3,29,468,20241230,1,512.1,0.0,0
5658,3,7,439,20241214,2,583.95,30.73,1
5659,3,10,567,20241216,1,245.64,0.0,0
5660,3,18,155,20241225,1,692.5,0.0,0
5661,3,32,548,20241204,2,842.47,93.61,0
5662,3,16,537,20241208,2,744.42,0.0,0
5663,3,35,275,20241222,1,375.42,0.0,0
5664,3,24,547,20241226,1,624.95,69.44,0
5665,3,26,415,20241228,1,442.78,49.2,0
5666,3,12,553,20241226,1,407.92,45.33,0
5667,3,16,414,20241202,1,372.21,0.0,0
5668,3,33,64,20241228,1,480.0,0.0,0
5669,3,38,326,20241208,1,666.86,117.68,0
5670,3,31,587,20241204,1,467.4,0.0,0
5671,3,38,198,20241213,1,784.54,0.0,0
5672,3,33,385,20241213,1,480.0,0.0,0
5673,3,27,283,20241217,1,298.95,15.73,0
5674,3,1,573,20241212,1,246.75,0.0,0
5675,3,36,510,20241226,1,477.76,119.44,0
5676,3,4,58,20241230,1,422.05,0.0,0
5677,3,39,247,20241202,1,607.87,31.99,0
5678,3,36,64,20241228,2,1074.96,119.44,0
5679,3,38,547,20241208,1,706.09,78.45,1
5680,3,40,251,20241220,2,1366.6,0.0,0
5681,3,25,53,20241216,1,425.68,22.4,0
5682,3,38,482,20241221,1,666.86,117.68,1
5683,3,9,117,20241201,1,388.02,20.42,0
5684,3,1,122,20241207,1,222.07,24.68,1
5685,3,38,556,20241229,2,1569.08,0.0,0
5686,3,37,523,20241217,1,596.94,0.0,0
5687,3,25,14,20241206,1,448.08,0.0,0
5688,3,38,120,20241212,1,666.86,117.68,0
5689,3,29,523,20241207,1,512.1,0.0,0
5690,3,38,124,20241216,1,784.54,0.0,0
5691,3,29,297,20241229,1,512.1,0.0,0
5692,3,9,282,20241204,1,367.6,40.84,1
5693,3,50,218,20241224,1,167.33,8.81,0
5694,3,35,392,20241207,1,337.88,37.54,0
5695,3,37,208,20241218,1,567.09,29.85,0
5696,3,27,50,20241202,1,314.68,0.0,0
5697,3,54,83,20241213,1,141.68,0.0,1
5698,3,18,89,20241205,1,692.5,0.0,0
5699,3,34,295,20241205,1,275.56,68.89,0
5700,3,13,200,20241228,1,441.14,0.0,0
5701,3,38,382,20241203,1,745.31,39.23,0
5702,3,26,112,20241231,1,442.78,49.2,0
5703,3,20,459,20241230,1,264.46,66.11,0
5704,4,32,48,20241220,2,842.47,93.61,0
5705,4,13,228,20241205,1,374.97,66.17,0
5706,4,28,149,20241223,1,282.19,14.85,1
5707,4,3,318,20241211,1,448.78,0.0,1
5708,4,39,42,20241208,2,1279.72,0.0,0
5709,4,27,489,20241226,1,283.21,31.47,0
5710,4,31,366,20241224,2,934.8,0.0,0
5711,4,48,539,20241207,1,146.89,0.0,0
5712,4,12,96,20241231,2,906.5,0.0,0
5713,4,35,478,20241220,1,356.65,18.77,0
5714,4,7,424,20241212,1,307.34,0.0,0
5715,4,16,70,20241227,1,260.55,111.66,0
5716,4,31,409,20241229,1,467.4,0.0,0
5717,4,34,320,20241228,2,688.9,0.0,0
5718,4,38,516,20241224,1,706.09,78.45,0
5719,4,2,293,20241230,1,292.79,15.41,0
5720,4,40,43,20241204,3,2049.9,0.0,0
5721,4,4,355,20241218,1,379.84,42.21,0
5722,4,37,46,20241229,2,835.72,358.16,0
5723,4,37,427,20241231,2,1134.19,59.69,0
5724,4,39,139,20241229,2,1215.73,63.99,0
5725,4,2,31,20241213,1,277.38,30.82,0
5726,4,39,592,20241214,1,639.86,0.0,0
5727,4,37,570,20241216,1,596.94,0.0,0
5728,4,36,343,20241201,1,597.2,0.0,0
5729,4,36,539,20241223,1,597.2,0.0,0
5730,4,29,328,20241217,3,1536.3,0.0,0
5731,4,26,80,20241216,1,442.78,49.2,0
5732,4,34,141,20241210,1,310.0,34.45,0
5733,4,29,114,20241209,2,1024.2,0.0,0
5734,4,51,490,20241216,1,59.12,6.57,1
5735,4,25,452,20241214,1,380.87,67.21,0
5736,4,23,453,20241217,1,330.9,0.0,0
5737,4,23,524,20241215,1,314.36,16.54,0
5738,4,23,308,20241222,1,330.9,0.0,0
5739,4,23,57,20241205,1,330.9,0.0,0
5740,4,15,25,20241215,1,364.61,0.0,0
5741,4,21,239,20241204,1,526.19,27.69,0
5742,4,28,550,20241218,3,846.56,44.56,0
5743,4,39,434,20241222,1,639.86,0.0,0
5744,4,31,89,20241221,1,467.4,0.0,0
5745,4,23,573,20241202,1,330.9,0.0,0
5746,4,24,594,20241230,1,694.39,0.0,0
5747,4,32,33,20241206,1,468.04,0.0,0
5748,4,35,400,20241202,1,375.42,0.0,0
5749,4,39,86,20241221,1,607.87,31.99,1
5750,4,2,331,20241201,1,308.2,0.0,0
5751,4,29,486,20241210,2,1024.2,0.0,1
5752,4,29,503,20241229,1,512.1,0.0,0
5753,4,19,186,20241224,1,426.26,0.0,0
5754,4,38,469,20241227,1,745.31,39.23,0
5755,4,36,112,20241222,1,537.48,59.72,0
5756,4,54,109,20241214,1,113.34,28.34,0
5757,4,33,68,20241202,1,432.0,48.0,0
5758,4,16,151,20241228,1,334.99,37.22,0
5759,4,1,431,20241212,1,246.75,0.0,0
5760,4,36,424,20241230,1,567.34,29.86,0
5761,4,15,328,20241211,1,291.69,72.92,1
5762,4,24,422,20241207,1,694.39,0.0,0
5763,4,14,563,20241201,1,305.89,53.98,0
5764,4,38,325,20241218,1,706.09,78.45,0
5765,4,35,331,20241219,1,337.88,37.54,0
5766,4,43,409,20241206,1,293.38,0.0,0
5767,4,36,138,20241230,1,537.48,59.72,0
5768,4,48,233,20241220,1,146.89,0.0,0
5769,4,35,538,20241208,1,375.42,0.0,0
5770,4,40,56,20241214,1,614.97,68.33,0
5771,4,56,403,20241210,2,129.46,0.0,0
5772,4,24,523,20241224,1,590.23,104.16,0
5773,4,37,77,20241207,1,507.4,89.54,0
5774,4,8,521,20241201,1,489.92,0.0,0
5775,4,36,132,20241206,1,537.48,59.72,0
5776,4,14,52,20241217,1,287.9,71.97,0
5777,4,35,373,20241231,1,356.65,18.77,1
5778,4,26,268,20241216,1,418.18,73.8,0
5779,5,38,229,20241212,2,1412.17,156.91,0
5780,5,13,28,20241210,1,397.03,44.11,0
5781,5,39,246,20241217,1,639.86,0.0,0
5782,5,29,276,20241219,1,409.68,102.42,0
5783,5,17,127,20241228,1,279.16,0.0,0
5784,5,26,316,20241205,1,418.18,73.8,0
5785,5,10,567,20241221,1,245.64,0.0,0
5786,5,40,379,20241217,1,649.14,34.16,0
5787,5,1,412,20241228,1,197.4,49.35,0
5788,5,12,208,20241230,1,453.25,0.0,0
5789,5,32,538,20241205,1,374.43,93.61,0
5790,5,24,248,20241202,1,659.67,34.72,0
5791,5,40,196,20241215,1,683.3,0.0,0
5792,5,39,112,20241220,1,639.86,0.0,0
5793,5,30,559,20241226,1,274.72,0.0,0
5794,5,22,540,20241222,1,474.32,52.7,0
5795,5,27,361,20241206,1,314.68,0.0,0
5796,5,22,557,20241204,1,421.62,105.4,0
5797,5,40,230,20241227,2,1366.6,0.0,0
5798,5,42,234,20241207,2,199.3,0.0,0
5799,5,36,393,20241203,1,507.62,89.58,0
5800,5,7,52,20241229,1,261.24,46.1,0
5801,5,9,542,20241205,1,367.6,40.84,0
5802,5,22,476,20241214,2,895.93,158.11,0
5803,5,38,526,20241202,1,784.54,0.0,0
5804,5,39,221,20241229,1,607.87,31.99,1
5805,5,31,479,20241229,3,1402.2,0.0,0
5806,5,35,395,20241221,1,300.34,75.08,0
5807,5,15,200,20241225,2,656.3,72.92,0
5808,5,6,552,20241203,1,412.99,0.0,0
5809,5,9,100,20241216,1,408.44,0.0,0
5810,5,37,118,20241210,1,567.09,29.85,0
5811,5,39,394,20241219,1,639.86,0.0,0
5812,5,36,145,20241206,1,597.2,0.0,0
5813,5,26,424,20241225,1,467.38,24.6,0
5814,5,32,160,20241217,1,421.24,46.8,0
5815,5,2,545,20241212,1,246.56,61.64,0
5816,5,25,383,20241214,1,425.68,22.4,0
5817,5,26,386,20241214,1,418.18,73.8,0
5818,5,2,279,20241226,1,308.2,0.0,0
5819,5,33,465,20241201,3,1440.0,0.0,0
5820,5,40,405,20241213,1,580.81,102.49,0
5821,5,36,309,20241212,1,567.34,29.86,0
5822,5,38,156,20241203,1,745.31,39.23,0
5823,5,21,121,20241208,2,1107.76,0.0,0
5824,5,33,343,20241210,2,816.0,144.0,0
5825,5,40,209,20241208,1,580.81,102.49,1
5826,5,37,541,20241225,1,567.09,29.85,0
5827,5,39,387,20241203,1,639.86,0.0,0
5828,5,25,408,20241204,1,380.87,67.21,1
5829,5,25,340,20241204,1,380.87,67.21,0
5830,5,2,481,20241219,1,277.38,30.82,0
5831,5,36,454,20241215,1,567.34,29.86,0
5832,5,31,431,20241202,1,444.03,23.37,0
5833,5,3,19,20241227,1,381.46,67.32,0
5834,5,40,577,20241217,1,683.3,0.0,0
5835,5,27,413,20241218,1,314.68,0.0,0
5836,5,39,515,20241217,3,1919.58,0.0,0
5837,5,36,451,20241206,1,537.48,59.72,1
5838,5,37,17,20241203,1,596.94,0.0,0
5839,5,36,464,20241204,1,507.62,89.58,0
5840,5,10,535,20241228,1,245.64,0.0,0
5841,5,1,301,20241231,1,197.4,49.35,0
5842,5,37,122,20241225,2,1074.49,119.39,0
5843,5,18,172,20241221,1,692.5,0.0,0
5844,5,36,242,20241222,1,597.2,0.0,0
5845,5,50,65,20241216,1,176.14,0.0,0
5846,5,2,24,20241212,1,308.2,0.0,0
5847,5,24,289,20241201,1,694.39,0.0,0
5848,5,22,229,20241220,1,500.67,26.35,0
5849,5,19,75,20241220,1,404.95,21.31,0
5850,5,51,22,20241220,1,55.84,9.85,0
5851,5,31,536,20241220,2,934.8,0.0,0
5852,5,37,437,20241203,1,596.94,0.0,0
5853,5,34,285,20241228,1,310.0,34.45,0
5854,5,47,31,20241206,2,230.6,12.14,0
5855,5,38,262,20241211,1,784.54,0.0,0
5856,5,40,496,20241220,1,649.14,34.16,0
5857,5,17,67,20241206,1,279.16,0.0,0
5858,5,39,446,20241224,1,639.86,0.0,0
5859,5,37,271,20241206,1,537.25,59.69,0
5860,6,45,217,20241221,1,110.13,19.44,0
5861,6,50,414,20241206,1,176.14,0.0,1
5862,6,11,485,20241208,3,680.46,0.0,0
5863,6,29,241,20241202,1,512.1,0.0,0
5864,6,38,263,20241220,1,784.54,0.0,0
5865,6,34,321,20241218,1,310.0,34.45,0
5866,6,40,380,20241221,1,683.3,0.0,0
5867,6,52,378,20241228,1,75.11,8.35,0
5868,6,51,517,20241226,2,131.38,0.0,0
5869,6,16,328,20241225,1,353.6,18.61,0
5870,6,36,99,20241205,1,597.2,0.0,0
5871,6,14,443,20241224,1,341.88,17.99,0
5872,6,35,383,20241211,1,356.65,18.77,0
5873,6,5,536,20241201,1,268.05,0.0,0
5874,6,53,43,20241202,1,174.37,0.0,0
5875,6,35,535,20241216,1,375.42,0.0,0
5876,6,36,439,20241215,2,1074.96,119.44,1
5877,6,38,390,20241229,2,1255.26,313.82,0
5878,6,30,429,20241201,1,274.72,0.0,0
5879,6,34,21,20241205,2,482.23,206.67,0
5880,6,4,26,20241203,1,379.84,42.21,0
5881,6,13,455,20241225,1,374.97,66.17,0
5882,6,39,432,20241216,1,607.87,31.99,0
5883,6,34,551,20241207,1,344.45,0.0,0
5884,6,1,255,20241216,2,444.15,49.35,0
5885,6,10,229,20241217,1,221.08,24.56,0
5886,6,39,373,20241222,1,639.86,0.0,0
5887,6,16,341,20241228,1,372.21,0.0,0
5888,6,14,13,20241204,2,719.74,0.0,0
5889,6,44,276,20241218,1,245.79,27.31,0
5890,6,55,573,20241226,1,100.65,5.3,0
5891,6,39,208,20241222,1,575.87,63.99,0
5892,6,38,542,20241220,1,627.63,156.91,0
5893,6,27,597,20241207,1,314.68,0.0,0
5894,6,55,383,20241217,1,95.35,10.6,0
5895,6,26,13,20241223,1,491.98,0.0,0
5896,6,30,181,20241212,1,247.25,27.47,0
5897,6,39,173,20241211,1,639.86,0.0,0
5898,6,25,532,20241218,1,358.46,89.62,0
5899,6,25,472,20241230,1,448.08,0.0,0
5900,6,19,251,20241204,2,852.52,0.0,0
5901,6,49,518,20241225,1,60.13,0.0,0
5902,6,21,116,20241210,1,470.8,83.08,0
5903,6,15,508,20241227,1,328.15,36.46,0
5904,6,28,517,20241228,1,297.04,0.0,0
5905,6,36,481,20241202,1,597.2,0.0,0
5906,6,46,268,20241219,2,437.58,0.0,0
5907,6,10,539,20241206,1,196.51,49.13,0
5908,6,37,234,20241228,1,567.09,29.85,0
5909,6,15,8,20241204,1,328.15,36.46,0
5910,6,4,459,20241207,1,422.05,0.0,0
5911,6,37,323,20241226,1,596.94,0.0,0
5912,6,26,171,20241217,2,934.76,49.2,0
5913,6,25,465,20241201,1,448.08,0.0,0
5914,6,34,353,20241206,1,327.23,17.22,1
5915,6,1,186,20241208,1,197.4,49.35,0
5916,6,20,557,20241225,1,297.51,33.06,0
5917,6,4,580,20241221,1,337.64,84.41,0
5918,6,34,284,20241221,1,344.45,0.0,1
5919,6,34,477,20241213,2,688.9,0.0,0
5920,6,16,50,20241216,1,334.99,37.22,0
5921,6,33,360,20241223,1,408.0,72.0,0
5922,6,20,192,20241208,1,330.57,0.0,0
5923,6,10,387,20241214,1,208.79,36.85,0
5924,6,12,347,20241231,1,362.6,90.65,0
5925,6,11,154,20241204,1,226.82,0.0,0
5926,6,56,581,20241210,1,58.26,6.47,0
5927,6,39,394,20241221,1,639.86,0.0,1
5928,6,38,328,20241208,1,784.54,0.0,0
5929,6,25,146,20241228,1,425.68,22.4,0
5930,6,30,247,20241222,1,247.25,27.47,0
5931,6,15,231,20241221,1,291.69,72.92,0
5932,6,22,298,20241219,2,1054.04,0.0,0
5933,6,37,22,20241213,1,596.94,0.0,0
5934,6,9,535,20241205,1,285.91,122.53,0
5935,6,33,499,20241218,1,480.0,0.0,0
5936,6,32,593,20241225,2,936.08,0.0,0
5937,6,16,411,20241230,1,372.21,0.0,1
5938,6,35,291,20241204,1,337.88,37.54,0
5939,6,39,572,20241207,1,607.87,31.99,0
5940,6,40,4,20241227,1,683.3,0.0,0
5941,6,40,348,20241209,1,683.3,0.0,0
5942,6,23,147,20241208,1,330.9,0.0,0
5943,6,48,303,20241224,1,117.51,29.38,0
5944,6,13,574,20241211,1,441.14,0.0,1
5945,6,3,597,20241231,1,359.02,89.76,0
5946,6,20,139,20241212,2,661.14,0.0,0
5947,6,27,39,20241226,1,314.68,0.0,0
5948,6,33,59,20241231,1,384.0,96.0,0
5949,6,29,155,20241221,1,460.89,51.21,0
5950,6,9,439,20241227,1,408.44,0.0,0
5951,6,14,83,20241201,1,359.87,0.0,0
5952,6,18,29,20241207,1,692.5,0.0,0
5953,6,37,33,20241230,2,1134.19,59.69,0
5954,6,32,568,20241204,1,468.04,0.0,0
5955,6,32,416,20241206,1,468.04,0.0,0
5956,6,34,557,20241220,1,275.56,68.89,0
5957,6,39,112,20241206,1,447.9,191.96,0
5958,6,39,492,20241205,1,639.86,0.0,0
5959,6,22,268,20241213,1,527.02,0.0,1
5960,6,26,254,20241230,1,344.39,147.59,0
5961,6,51,593,20241226,1,55.84,9.85,0
5962,6,15,343,20241229,1,364.61,0.0,0
5963,6,37,342,20241225,1,537.25,59.69,0
5964,6,3,420,20241205,2,807.8,89.76,0
5965,6,34,577,20241211,1,275.56,68.89,0
5966,6,33,44,20241226,1,480.0,0.0,0
5967,6,36,16,20241228,1,597.2,0.0,0
5968,6,36,297,20241224,1,597.2,0.0,0
5969,6,7,146,20241201,1,291.97,15.37,0
5970,6,34,337,20241223,1,310.0,34.45,0
5971,6,34,497,20241201,1,344.45,0.0,0
5972,6,45,447,20241210,1,116.61,12.96,1
5973,7,36,566,20241204,1,507.62,89.58,0
5974,7,18,382,20241221,1,554.0,138.5,0
5975,7,30,387,20241214,1,260.98,13.74,0
5976,7,36,271,20241206,1,567.34,29.86,0
5977,7,17,585,20241231,1,237.29,41.87,0
5978,7,54,112,20241222,1,127.51,14.17,0
5979,7,34,460,20241230,1,344.45,0.0,1
5980,7,28,394,20241213,1,282.19,14.85,0
5981,7,34,363,20241226,1,310.0,34.45,1
5982,7,34,275,20241226,1,327.23,17.22,1
5983,7,39,221,20241206,1,639.86,0.0,0
5984,7,17,270,20241215,1,223.33,55.83,0
5985,7,20,448,20241207,1,297.51,33.06,0
5986,7,31,473,20241224,1,467.4,0.0,0
5987,7,35,494,20241213,1,375.42,0.0,0
5988,7,36,332,20241229,1,597.2,0.0,0
5989,7,31,199,20241230,2,888.06,46.74,0
5990,7,39,413,20241203,1,639.86,0.0,0
5991,7,25,275,20241208,1,380.87,67.21,0
5992,7,25,520,20241208,1,425.68,22.4,0
5993,7,50,543,20241224,1,140.91,35.23,1
5994,7,5,133,20241231,2,509.29,26.81,0
5995,7,23,175,20241210,1,330.9,0.0,0
5996,7,4,559,20241214,1,422.05,0.0,0
5997,7,15,96,20241215,1,364.61,0.0,0
5998,7,8,207,20241217,2,881.86,97.98,0
5999,7,33,538,20241217,1,480.0,0.0,0
6000,7,37,502,20241226,1,537.25,59.69,0
6001,7,19,417,20241214,1,426.26,0.0,0
6002,7,36,135,20241218,2,955.52,238.88,0
6003,7,40,77,20241229,1,614.97,68.33,0
6004,7,28,548,20241212,1,297.04,0.0,0
6005,7,3,53,20241208,1,448.78,0.0,0
6006,7,21,466,20241221,1,498.49,55.39,0
6007,7,8,424,20241213,1,342.94,146.98,0
6008,7,37,32,20241230,1,596.94,0.0,0
6009,7,39,250,20241208,1,639.86,0.0,0
6010,7,36,581,20241215,1,567.34,29.86,0
6011,7,33,189,20241208,1,384.0,96.0,0
6012,7,26,325,20241226,1,467.38,24.6,0
6013,7,39,179,20241208,1,575.87,63.99,0
6014,7,29,88,20241202,1,512.1,0.0,0
6015,7,27,511,20241211,1,314.68,0.0,0
6016,7,5,80,20241218,1,268.05,0.0,0
6017,7,9,163,20241228,1,408.44,0.0,0
6018,7,52,315,20241202,1,83.46,0.0,0
6019,7,27,570,20241217,1,314.68,0.0,0
6020,7,40,463,20241214,2,1161.61,204.99,0
6021,7,41,340,20241215,1,110.39,47.31,0
6022,7,4,437,20241221,1,400.95,21.1,0
6023,7,37,225,20241212,1,596.94,0.0,0
6024,7,39,381,20241231,2,1279.72,0.0,0
6025,8,37,508,20241214,1,596.94,0.0,0
6026,8,27,240,20241229,1,314.68,0.0,0
6027,8,4,171,20241214,1,422.05,0.0,0
6028,8,39,5,20241207,1,639.86,0.0,0
6029,8,31,491,20241206,1,467.4,0.0,0
6030,8,30,74,20241226,1,260.98,13.74,0
6031,8,26,421,20241230,1,393.58,98.4,0
6032,8,37,32,20241207,1,507.4,89.54,0
6033,8,13,563,20241210,1,441.14,0.0,0
6034,8,7,424,20241231,1,261.24,46.1,1
6035,8,40,515,20241225,2,1366.6,0.0,0
6036,8,36,34,20241207,1,597.2,0.0,0
6037,8,38,68,20241206,1,784.54,0.0,0
6038,8,38,534,20241229,1,784.54,0.0,0
6039,8,11,508,20241213,1,158.77,68.05,0
6040,8,33,346,20241222,1,480.0,0.0,0
6041,8,29,30,20241211,1,486.49,25.61,1
6042,8,31,69,20241224,1,467.4,0.0,0
6043,8,26,169,20241222,1,491.98,0.0,0
6044,8,22,523,20241210,1,500.67,26.35,0
6045,8,20,463,20241203,1,264.46,66.11,0
6046,8,30,196,20241211,1,247.25,27.47,0
6047,8,35,538,20241209,1,375.42,0.0,0
6048,8,13,410,20241218,1,419.08,22.06,0
6049,8,34,38,20241213,1,310.0,34.45,0
6050,8,1,540,20241210,1,172.73,74.02,0
6051,8,18,578,20241215,1,623.25,69.25,0
6052,8,24,214,20241229,1,590.23,104.16,0
6053,8,5,168,20241229,1,214.44,53.61,0
6054,8,37,451,20241203,3,1611.74,179.08,0
6055,8,33,397,20241220,2,912.0,48.0,0
6056,8,40,215,20241226,1,683.3,0.0,0
6057,8,32,76,20241231,2,655.26,280.82,0
6058,8,34,409,20241221,2,688.9,0.0,0
6059,8,31,207,20241216,3,1332.09,70.11,0
6060,8,11,480,20241224,1,215.48,11.34,0
6061,8,40,122,20241203,1,614.97,68.33,0
6062,8,13,552,20241226,1,397.03,44.11,0
6063,8,37,542,20241223,2,1193.88,0.0,0
6064,8,32,398,20241205,1,468.04,0.0,0
6065,8,31,9,20241213,1,444.03,23.37,0
6066,8,39,305,20241217,1,511.89,127.97,0
6067,8,28,293,20241204,1,297.04,0.0,0
6068,8,5,470,20241220,1,268.05,0.0,0
6069,8,30,575,20241202,1,274.72,0.0,0
6070,8,6,487,20241214,1,351.04,61.95,0
6071,8,40,127,20241209,1,683.3,0.0,0
6072,1,19,424,20250101,3,1023.02,255.76,0
6073,1,34,548,20250117,1,275.56,68.89,0
6074,1,25,590,20250116,2,806.54,89.62,0
6075,1,36,404,20250121,1,537.48,59.72,0
6076,1,40,251,20250131,1,546.64,136.66,0
6077,1,40,417,20250103,1,580.81,102.49,0
6078,1,31,402,20250124,1,373.92,93.48,0
6079,1,34,420,20250107,1,275.56,68.89,0
6080,1,23,284,20250105,1,281.27,49.63,0
6081,1,25,255,20250119,1,380.87,67.21,0
6082,1,22,175,20250127,1,421.62,105.4,0
6083,1,33,261,20250102,1,384.0,96.0,0
6084,1,25,20,20250130,2,716.93,179.23,0
6085,1,23,437,20250112,1,281.27,49.63,0
6086,1,25,193,20250120,1,403.27,44.81,0
6087,1,38,126,20250103,1,666.86,117.68,0
6088,1,24,474,20250130,1,555.51,138.88,0
6089,1,26,585,20250114,1,418.18,73.8,0
6090,1,36,319,20250124,1,507.62,89.58,0
6091,1,10,388,20250129,1,208.79,36.85,0
6092,1,27,55,20250103,2,503.49,125.87,0
6093,1,26,499,20250124,1,418.18,73.8,0
6094,1,19,439,20250129,1,383.63,42.63,0
6095,1,38,64,20250112,1,706.09,78.45,0
6096,1,37,267,20250108,1,477.55,119.39,0
6097,1,34,523,20250110,2,551.12,137.78,0
6098,1,37,269,20250129,1,507.4,89.54,0
6099,1,15,3,20250127,1,255.23,109.38,0
6100,1,34,466,20250116,1,275.56,68.89,0
6101,1,26,280,20250126,1,442.78,49.2,0
6102,1,6,142,20250120,1,330.39,82.6,0
6103,1,22,360,20250122,1,447.97,79.05,0
6104,1,15,99,20250103,1,291.69,72.92,0
6105,1,38,337,20250120,1,627.63,156.91,0
6106,1,36,257,20250108,1,507.62,89.58,0
6107,1,35,63,20250109,1,319.11,56.31,0
6108,1,52,574,20250119,1,75.11,8.35,0
6109,1,22,279,20250116,1,474.32,52.7,0
6110,1,36,146,20250121,2,1074.96,119.44,0
6111,1,38,392,20250101,1,666.86,117.68,0
6112,1,13,454,20250127,1,374.97,66.17,0
6113,1,36,31,20250118,1,507.62,89.58,0
6114,1,34,561,20250119,2,585.57,103.33,0
6115,1,27,580,20250115,1,283.21,31.47,0
6116,1,28,73,20250111,1,267.34,29.7,0
6117,1,39,536,20250118,1,511.89,127.97,0
6118,1,25,162,20250110,1,380.87,67.21,0
6119,1,23,459,20250122,1,297.81,33.09,0
6120,1,40,594,20250104,1,580.81,102.49,1
6121,1,35,47,20250118,1,300.34,75.08,0
6122,1,25,409,20250109,2,627.31,268.85,0
6123,1,21,153,20250127,1,443.1,110.78,0
6124,1,37,242,20250110,1,537.25,59.69,0
6125,1,8,1,20250121,1,391.94,97.98,0
6126,1,1,74,20250104,1,209.74,37.01,0
6127,1,29,402,20250124,2,819.36,204.84,0
6128,1,37,226,20250114,1,417.86,179.08,0
6129,1,14,557,20250112,1,287.9,71.97,0
6130,1,4,538,20250108,1,337.64,84.41,0
6131,1,14,505,20250108,1,323.88,35.99,0
6132,1,7,39,20250110,2,522.48,92.2,0
6133,1,29,503,20250118,1,435.29,76.81,0
6134,1,13,40,20250105,1,374.97,66.17,0
6135,1,7,465,20250113,1,245.87,61.47,0
6136,1,27,471,20250117,1,283.21,31.47,1
6137,1,33,546,20250106,1,384.0,96.0,0
6138,1,2,401,20250124,1,246.56,61.64,0
6139,1,31,374,20250109,1,397.29,70.11,0
6140,1,36,328,20250115,1,477.76,119.44,0
6141,1,37,22,20250121,1,477.55,119.39,0
6142,1,36,412,20250127,1,477.76,119.44,0
6143,2,9,218,20250111,1,367.6,40.84,0
6144,2,19,158,20250101,1,383.63,42.63,1
6145,2,48,445,20250113,1,124.86,22.03,0
6146,2,18,107,20250126,2,1246.5,138.5,0
6147,2,35,358,20250116,1,337.88,37.54,0
6148,2,16,255,20250117,1,316.38,55.83,0
6149,2,1,14,20250128,1,209.74,37.01,0
6150,2,39,515,20250118,2,1151.75,127.97,0
6151,2,20,476,20250101,1,231.4,99.17,0
6152,2,26,109,20250130,1,393.58,98.4,0
6153,2,26,440,20250101,2,836.37,147.59,0
6154,2,35,463,20250108,1,319.11,56.31,0
6155,2,8,444,20250104,1,391.94,97.98,0
6156,2,29,319,20250109,1,460.89,51.21,0
6157,2,30,326,20250114,1,247.25,27.47,0
6158,2,31,494,20250115,1,373.92,93.48,0
6159,2,38,165,20250126,1,666.86,117.68,1
6160,2,40,18,20250122,1,580.81,102.49,0
6161,2,33,100,20250129,1,408.0,72.0,0
6162,2,39,60,20250120,1,575.87,63.99,0
6163,2,24,94,20250121,1,590.23,104.16,1
6164,2,38,518,20250112,1,706.09,78.45,0
6165,2,23,18,20250125,1,264.72,66.18,0
6166,2,10,198,20250114,1,208.79,36.85,0
6167,2,41,205,20250101,1,126.16,31.54,0
6168,2,36,535,20250109,1,477.76,119.44,1
6169,2,28,435,20250116,1,237.63,59.41,0
6170,2,26,417,20250115,1,418.18,73.8,0
6171,2,27,310,20250110,1,267.48,47.2,0
6172,2,27,574,20250117,1,267.48,47.2,0
6173,2,37,449,20250123,1,537.25,59.69,0
6174,2,36,134,20250116,1,477.76,119.44,0
6175,2,40,107,20250122,1,580.81,102.49,1
6176,2,29,187,20250120,1,358.47,153.63,0
6177,2,37,118,20250128,1,477.55,119.39,0
6178,2,34,148,20250114,1,310.0,34.45,0
6179,2,30,335,20250121,1,219.78,54.94,0
6180,2,38,540,20250101,1,627.63,156.91,0
6181,2,7,232,20250131,1,245.87,61.47,0
6182,2,34,241,20250118,1,292.78,51.67,0
6183,2,29,372,20250107,1,460.89,51.21,0
6184,2,18,255,20250105,1,623.25,69.25,0
6185,2,7,269,20250110,1,261.24,46.1,0
6186,2,2,228,20250104,1,246.56,61.64,0
6187,2,34,241,20250119,1,275.56,68.89,0
6188,2,37,102,20250131,1,417.86,179.08,1
6189,2,26,330,20250105,1,418.18,73.8,0
6190,2,38,99,20250113,1,666.86,117.68,0
6191,2,29,539,20250122,1,409.68,102.42,1
6192,2,33,164,20250101,1,336.0,144.0,0
6193,2,25,399,20250106,2,806.54,89.62,0
6194,3,12,327,20250102,1,407.92,45.33,0
6195,3,27,395,20250118,1,251.74,62.94,0
6196,3,31,557,20250111,1,420.66,46.74,0
6197,3,34,254,20250101,2,551.12,137.78,1
6198,3,4,491,20250101,1,358.74,63.31,0
6199,3,11,73,20250121,1,204.14,22.68,1
6200,3,50,171,20250102,2,281.82,70.46,0
6201,3,40,276,20250107,1,614.97,68.33,0
6202,3,26,130,20250103,2,688.77,295.19,0
6203,3,35,159,20250115,1,319.11,56.31,0
6204,3,28,172,20250122,1,267.34,29.7,0
6205,3,36,500,20250123,1,477.76,119.44,0
6206,3,38,236,20250121,1,627.63,156.91,0
6207,3,22,153,20250131,1,447.97,79.05,0
6208,3,28,100,20250129,1,237.63,59.41,0
6209,3,25,213,20250129,1,358.46,89.62,0
6210,3,35,59,20250101,1,300.34,75.08,0
6211,3,37,161,20250126,1,507.4,89.54,0
6212,3,8,99,20250121,1,391.94,97.98,0
6213,3,29,124,20250109,2,921.78,102.42,0
6214,3,37,277,20250116,1,477.55,119.39,0
6215,3,17,530,20250119,1,251.24,27.92,0
6216,3,25,58,20250113,3,1209.82,134.42,0
6217,3,33,510,20250118,1,408.0,72.0,0
6218,3,38,132,20250110,1,627.63,156.91,0
6219,3,30,561,20250111,2,494.5,54.94,0
6220,3,25,131,20250109,1,358.46,89.62,0
6221,3,11,293,20250125,1,181.46,45.36,0
6222,3,25,41,20250126,1,313.66,134.42,0
6223,3,40,52,20250113,2,1161.61,204.99,0
6224,3,40,497,20250120,1,546.64,136.66,0
6225,3,28,342,20250110,2,475.26,118.82,0
6226,3,9,428,20250115,2,653.5,163.38,1
6227,3,24,271,20250108,1,624.95,69.44,0
6228,3,33,578,20250129,1,432.0,48.0,0
6229,3,40,192,20250116,1,478.31,204.99,0
6230,3,32,356,20250130,1,374.43,93.61,0
6231,3,31,437,20250105,1,373.92,93.48,0
6232,3,32,523,20250125,1,397.83,70.21,0
6233,3,9,272,20250116,1,347.17,61.27,0
6234,3,36,272,20250111,1,507.62,89.58,0
6235,3,37,319,20250121,1,537.25,59.69,0
6236,3,7,343,20250112,1,276.61,30.73,0
6237,4,2,548,20250121,1,246.56,61.64,0
6238,4,30,183,20250121,1,219.78,54.94,0
6239,4,26,79,20250119,1,393.58,98.4,0
6240,4,40,533,20250120,1,546.64,136.66,1
6241,4,39,199,20250101,1,543.88,95.98,0
6242,4,5,159,20250113,1,187.63,80.42,0
6243,4,5,211,20250115,1,227.84,40.21,0
6244,4,24,518,20250121,1,555.51,138.88,0
6245,4,2,393,20250114,1,261.97,46.23,0
6246,4,46,425,20250110,1,185.97,32.82,0
6247,4,18,29,20250121,2,1108.0,277.0,0
6248,4,18,502,20250128,1,588.62,103.88,0
6249,4,5,453,20250110,2,428.88,107.22,0
6250,4,38,529,20250114,1,627.63,156.91,0
6251,4,24,533,20250103,1,624.95,69.44,0
6252,4,38,268,20250123,1,706.09,78.45,0
6253,4,35,186,20250111,1,300.34,75.08,0
6254,4,32,477,20250110,1,397.83,70.21,0
6255,4,38,422,20250109,1,627.63,156.91,0
6256,4,9,35,20250107,1,347.17,61.27,0
6257,4,26,398,20250105,1,393.58,98.4,0
6258,4,37,385,20250108,1,507.4,89.54,1
6259,4,14,561,20250131,1,305.89,53.98,0
6260,4,33,91,20250122,1,432.0,48.0,0
6261,4,36,203,20250109,2,1015.24,179.16,0
6262,4,30,373,20250122,1,219.78,54.94,0
6263,4,27,482,20250106,1,220.28,94.4,0
6264,4,37,243,20250105,1,477.55,119.39,0
6265,4,34,273,20250102,2,482.23,206.67,1
6266,4,35,53,20250112,1,319.11,56.31,0
6267,4,30,343,20250117,1,219.78,54.94,0
6268,4,39,158,20250112,1,511.89,127.97,1
6269,4,20,399,20250118,1,280.98,49.59,0
6270,4,25,214,20250119,2,761.74,134.42,0
6271,4,36,129,20250127,2,955.52,238.88,0
6272,4,33,380,20250113,1,408.0,72.0,0
6273,4,6,331,20250101,1,351.04,61.95,0
6274,4,33,509,20250117,1,408.0,72.0,0
6275,4,35,246,20250128,1,337.88,37.54,1
6276,4,4,578,20250101,1,379.84,42.21,0
6277,4,34,81,20250116,1,310.0,34.45,0
6278,4,34,158,20250125,1,241.12,103.33,0
6279,4,27,124,20250118,1,251.74,62.94,0
6280,4,3,268,20250109,1,359.02,89.76,0
6281,4,35,58,20250124,1,337.88,37.54,0
6282,4,4,165,20250101,1,337.64,84.41,0
6283,4,38,239,20250109,1,666.86,117.68,0
6284,4,19,497,20250111,1,298.38,127.88,0
6285,4,13,500,20250114,2,749.94,132.34,0
6286,4,25,470,20250126,2,716.93,179.23,0
6287,4,36,1,20250119,1,477.76,119.44,0
6288,4,25,132,20250121,1,358.46,89.62,0
6289,4,34,168,20250116,1,292.78,51.67,0
6290,4,4,559,20250114,1,358.74,63.31,0
6291,4,32,308,20250119,2,748.86,187.22,0
6292,5,19,229,20250103,1,383.63,42.63,0
6293,5,26,168,20250107,1,393.58,98.4,0
6294,5,25,299,20250107,1,403.27,44.81,0
6295,5,49,176,20250130,2,102.22,18.04,0
6296,5,27,398,20250110,1,220.28,94.4,0
6297,5,36,36,20250115,1,477.76,119.44,0
6298,5,27,471,20250109,1,283.21,31.47,0
6299,5,12,240,20250109,1,362.6,90.65,0
6300,5,40,82,20250107,1,546.64,136.66,0
6301,5,33,275,20250124,1,384.0,96.0,0
6302,5,30,354,20250111,1,219.78,54.94,0
6303,5,35,6,20250126,1,300.34,75.08,0
6304,5,7,311,20250116,2,522.48,92.2,0
6305,5,39,359,20250117,1,511.89,127.97,0
6306,5,34,390,20250106,1,292.78,51.67,0
6307,5,31,1,20250128,1,420.66,46.74,0
6308,5,11,271,20250124,1,181.46,45.36,0
6309,5,34,421,20250129,1,292.78,51.67,0
6310,5,34,520,20250106,1,292.78,51.67,0
6311,5,37,496,20250101,2,955.1,238.78,0
6312,5,23,333,20250102,1,281.27,49.63,0
6313,5,11,144,20250125,1,181.46,45.36,0
6314,5,37,213,20250114,3,1611.74,179.08,0
6315,5,3,45,20250116,2,807.8,89.76,0
6316,5,7,374,20250120,1,276.61,30.73,0
6317,5,34,412,20250108,1,292.78,51.67,0
6318,5,37,391,20250109,1,507.4,89.54,0
6319,5,23,31,20250110,1,281.27,49.63,0
6320,5,25,297,20250115,1,403.27,44.81,0
6321,5,38,522,20250117,1,706.09,78.45,0
6322,5,17,64,20250116,1,251.24,27.92,0
6323,5,12,178,20250115,1,385.26,67.99,0
6324,5,20,272,20250101,1,264.46,66.11,1
6325,5,9,212,20250103,1,347.17,61.27,0
6326,5,6,535,20250103,1,371.69,41.3,0
6327,5,30,367,20250117,1,233.51,41.21,0
6328,5,10,22,20250121,1,221.08,24.56,0
6329,5,29,160,20250119,1,409.68,102.42,1
6330,5,28,82,20250103,1,252.48,44.56,0
6331,5,35,379,20250130,2,675.76,75.08,0
6332,5,10,11,20250120,1,208.79,36.85,0
6333,5,24,37,20250121,1,624.95,69.44,0
6334,5,10,33,20250116,1,221.08,24.56,0
6335,5,37,21,20250118,1,537.25,59.69,0
6336,5,25,236,20250118,1,358.46,89.62,0
6337,5,17,589,20250127,1,223.33,55.83,0
6338,5,34,27,20250108,2,585.57,103.33,0
6339,6,34,114,20250126,1,275.56,68.89,0
6340,6,35,344,20250126,1,319.11,56.31,0
6341,6,37,306,20250123,1,507.4,89.54,0
6342,6,25,249,20250123,1,358.46,89.62,0
6343,6,39,562,20250118,1,543.88,95.98,0
6344,6,33,139,20250103,1,384.0,96.0,0
6345,6,35,483,20250123,1,300.34,75.08,0
6346,6,36,506,20250116,1,477.76,119.44,1
6347,6,27,368,20250101,1,251.74,62.94,0
6348,6,36,183,20250103,1,507.62,89.58,0
6349,6,28,168,20250102,1,237.63,59.41,0
6350,6,3,144,20250101,1,359.02,89.76,0
6351,6,39,434,20250113,1,543.88,95.98,0
6352,6,10,246,20250125,1,208.79,36.85,1
6353,6,3,496,20250120,1,381.46,67.32,0
6354,6,33,598,20250107,1,432.0,48.0,0
6355,6,38,506,20250120,1,666.86,117.68,0
6356,6,6,348,20250114,1,371.69,41.3,0
6357,6,33,370,20250127,1,384.0,96.0,0
6358,6,33,303,20250102,1,336.0,144.0,0
6359,6,37,68,20250110,1,507.4,89.54,0
6360,6,1,44,20250113,1,197.4,49.35,0
6361,6,26,318,20250115,1,393.58,98.4,0
6362,6,36,138,20250120,1,477.76,119.44,1
6363,6,40,122,20250127,1,546.64,136.66,0
6364,6,32,42,20250125,1,374.43,93.61,0
6365,6,16,341,20250109,1,297.77,74.44,0
6366,6,27,254,20250127,2,566.42,62.94,0
6367,6,25,508,20250127,2,716.93,179.23,0
6368,6,32,209,20250110,1,397.83,70.21,0
6369,6,34,506,20250125,2,551.12,137.78,0
6370,6,11,559,20250110,1,204.14,22.68,0
6371,6,33,256,20250102,1,432.0,48.0,0
6372,6,9,415,20250121,1,347.17,61.27,0
6373,6,33,363,20250101,1,384.0,96.0,0
6374,6,39,273,20250104,1,543.88,95.98,0
6375,6,37,409,20250129,1,477.55,119.39,0
6376,6,3,455,20250123,1,381.46,67.32,0
6377,6,25,391,20250105,1,403.27,44.81,0
6378,6,35,340,20250101,1,319.11,56.31,0
6379,6,10,411,20250119,1,208.79,36.85,0
6380,6,20,361,20250129,1,280.98,49.59,0
6381,6,34,452,20250107,1,275.56,68.89,0
6382,6,5,452,20250114,1,214.44,53.61,0
6383,6,17,348,20250129,1,223.33,55.83,0
6384,6,40,224,20250108,1,614.97,68.33,0
6385,6,17,499,20250121,1,223.33,55.83,0
6386,6,38,81,20250118,1,666.86,117.68,0
6387,6,3,5,20250111,1,381.46,67.32,0
6388,6,31,518,20250127,1,397.29,70.11,0
6389,6,35,370,20250129,1,319.11,56.31,0
6390,6,12,43,20250118,1,362.6,90.65,0
6391,6,37,564,20250121,1,537.25,59.69,0
6392,6,12,24,20250113,1,385.26,67.99,0
6393,6,13,415,20250117,1,397.03,44.11,0
6394,6,28,353,20250126,1,267.34,29.7,0
6395,6,33,107,20250122,1,384.0,96.0,0
6396,6,5,24,20250120,1,214.44,53.61,0
6397,6,28,73,20250103,2,504.97,89.11,0
6398,6,35,90,20250106,1,319.11,56.31,0
6399,7,26,359,20250116,1,393.58,98.4,0
6400,7,29,365,20250101,1,435.29,76.81,0
6401,7,33,343,20250127,1,408.0,72.0,0
6402,7,6,393,20250101,1,351.04,61.95,0
6403,7,4,70,20250123,1,379.84,42.21,0
6404,7,13,96,20250109,1,374.97,66.17,0
6405,7,28,282,20250127,1,252.48,44.56,0
6406,7,35,559,20250117,2,675.76,75.08,0
6407,7,3,208,20250111,1,359.02,89.76,0
6408,7,34,262,20250102,1,275.56,68.89,1
6409,7,7,159,20250125,1,245.87,61.47,1
6410,7,28,437,20250111,2,475.26,118.82,0
6411,7,12,392,20250127,1,362.6,90.65,0
6412,7,19,290,20250111,1,341.01,85.25,0
6413,7,12,545,20250112,1,407.92,45.33,0
6414,7,39,351,20250121,1,511.89,127.97,0
6415,7,39,258,20250106,1,543.88,95.98,0
6416,7,37,523,20250111,1,477.55,119.39,0
6417,7,52,409,20250125,1,70.94,12.52,0
6418,7,19,35,20250122,1,341.01,85.25,0
6419,7,21,206,20250111,1,443.1,110.78,0
6420,7,33,169,20250120,1,384.0,96.0,0
6421,7,29,151,20250127,1,435.29,76.81,0
6422,7,40,278,20250128,1,546.64,136.66,0
6423,7,45,478,20250121,1,103.66,25.91,0
6424,7,38,63,20250129,1,666.86,117.68,0
6425,7,37,435,20250105,1,537.25,59.69,0
6426,7,25,262,20250117,1,403.27,44.81,0
6427,7,40,360,20250131,1,580.81,102.49,0
6428,7,28,417,20250115,1,237.63,59.41,0
6429,7,39,486,20250104,1,575.87,63.99,0
6430,7,8,221,20250128,1,391.94,97.98,0
6431,7,2,174,20250129,1,246.56,61.64,0
6432,7,39,442,20250110,1,511.89,127.97,0
6433,7,39,320,20250116,1,511.89,127.97,0
6434,7,35,566,20250115,1,300.34,75.08,0
6435,7,32,532,20250114,1,397.83,70.21,0
6436,7,40,177,20250122,1,546.64,136.66,0
6437,7,43,194,20250107,1,264.04,29.34,0
6438,7,36,293,20250110,1,507.62,89.58,0
6439,7,34,191,20250116,2,585.57,103.33,0
6440,7,10,95,20250128,1,208.79,36.85,0
6441,8,33,438,20250126,1,408.0,72.0,0
6442,8,34,305,20250122,1,292.78,51.67,0
6443,8,20,9,20250111,1,280.98,49.59,0
6444,8,22,180,20250128,1,421.62,105.4,0
6445,8,33,462,20250127,1,408.0,72.0,0
6446,8,34,585,20250111,1,275.56,68.89,0
6447,8,40,2,20250125,1,546.64,136.66,0
6448,8,27,273,20250112,1,283.21,31.47,0
6449,8,38,483,20250126,1,706.09,78.45,0
6450,8,28,308,20250120,1,252.48,44.56,0
6451,8,21,414,20250122,2,996.98,110.78,1
6452,8,43,28,20250130,1,249.37,44.01,0
6453,8,33,144,20250113,1,384.0,96.0,0
6454,8,3,350,20250125,1,403.9,44.88,0
6455,8,32,213,20250102,1,374.43,93.61,0
6456,8,26,518,20250117,1,393.58,98.4,0
6457,8,33,377,20250107,1,384.0,96.0,0
6458,8,29,63,20250120,1,435.29,76.81,0
6459,8,39,32,20250124,1,511.89,127.97,0
6460,8,38,82,20250101,1,666.86,117.68,0
6461,8,36,247,20250126,1,507.62,89.58,0
6462,8,6,111,20250114,1,371.69,41.3,0
6463,8,38,134,20250104,1,627.63,156.91,0
6464,8,8,49,20250119,1,391.94,97.98,0
6465,8,36,583,20250120,1,477.76,119.44,0
6466,8,6,408,20250105,2,660.78,165.2,0
6467,8,33,14,20250101,2,672.0,288.0,0
6468,8,38,427,20250104,2,1333.72,235.36,0
6469,8,37,201,20250101,1,477.55,119.39,0
6470,8,24,120,20250121,1,555.51,138.88,0
6471,8,12,184,20250112,1,317.28,135.97,0
6472,8,39,575,20250126,1,511.89,127.97,0
6473,8,33,272,20250118,2,768.0,192.0,0
6474,8,22,584,20250114,1,368.91,158.11,0
6475,8,13,297,20250124,1,352.91,88.23,0
6476,1,12,594,20250219,1,430.59,22.66,0
6477,1,39,369,20250203,1,575.87,63.99,0
6478,1,6,44,20250205,1,351.04,61.95,0
6479,1,36,528,20250209,1,597.2,0.0,1
6480,1,35,333,20250222,1,300.34,75.08,0
6481,1,28,197,20250216,1,252.48,44.56,0
6482,1,8,378,20250216,1,440.93,48.99,0
6483,1,39,211,20250218,1,575.87,63.99,0
6484,1,5,194,20250223,1,214.44,53.61,0
6485,1,54,328,20250209,1,141.68,0.0,0
6486,1,34,507,20250202,1,292.78,51.67,0
6487,1,5,112,20250202,1,268.05,0.0,0
6488,1,35,107,20250224,1,337.88,37.54,0
6489,1,37,255,20250201,1,596.94,0.0,0
6490,1,35,276,20250223,1,375.42,0.0,1
6491,1,40,196,20250204,1,546.64,136.66,1
6492,1,14,442,20250222,1,359.87,0.0,0
6493,1,13,39,20250204,1,441.14,0.0,0
6494,1,30,79,20250220,2,549.44,0.0,0
6495,1,15,62,20250205,3,1039.14,54.69,0
6496,1,3,126,20250201,1,448.78,0.0,0
6497,1,31,476,20250214,1,467.4,0.0,0
6498,1,12,315,20250208,1,453.25,0.0,0
6499,1,27,271,20250210,1,298.95,15.73,0
6500,1,33,586,20250222,1,480.0,0.0,0
6501,1,38,277,20250225,1,784.54,0.0,0
6502,1,26,457,20250206,1,491.98,0.0,0
6503,1,9,126,20250216,1,388.02,20.42,0
6504,1,38,472,20250202,1,627.63,156.91,0
6505,1,34,366,20250228,1,344.45,0.0,0
6506,1,54,326,20250223,1,141.68,0.0,0
6507,1,16,538,20250205,1,353.6,18.61,0
6508,1,35,159,20250216,1,375.42,0.0,0
6509,1,8,250,20250220,3,1469.76,0.0,0
6510,1,17,114,20250224,1,279.16,0.0,0
6511,1,6,382,20250208,2,702.08,123.9,0
6512,1,1,17,20250208,2,493.5,0.0,0
6513,1,12,190,20250201,1,453.25,0.0,0
6514,1,24,29,20250203,1,659.67,34.72,0
6515,1,27,25,20250228,1,251.74,62.94,0
6516,1,9,485,20250222,1,388.02,20.42,0
6517,1,40,447,20250220,1,683.3,0.0,0
6518,1,34,445,20250221,1,344.45,0.0,0
6519,1,23,195,20250226,1,297.81,33.09,0
6520,1,25,290,20250207,2,896.16,0.0,0
6521,1,22,148,20250216,1,527.02,0.0,0
6522,1,40,146,20250227,1,478.31,204.99,0
6523,1,46,142,20250205,2,393.82,43.76,0
6524,1,34,77,20250207,1,344.45,0.0,0
6525,1,56,597,20250214,1,64.73,0.0,0
6526,1,2,594,20250216,1,215.74,92.46,0
6527,1,34,132,20250211,1,327.23,17.22,0
6528,1,36,529,20250208,1,597.2,0.0,0
6529,1,7,310,20250213,1,307.34,0.0,0
6530,1,37,457,20250211,1,537.25,59.69,0
6531,1,40,532,20250203,1,649.14,34.16,0
6532,1,8,510,20250222,1,489.92,0.0,0
6533,1,21,267,20250217,1,553.88,0.0,0
6534,1,29,210,20250225,1,512.1,0.0,0
6535,1,25,470,20250213,1,425.68,22.4,0
6536,1,10,452,20250204,1,233.36,12.28,0
6537,1,24,531,20250221,1,659.67,34.72,0
6538,1,19,105,20250224,1,426.26,0.0,0
6539,1,26,124,20250221,1,467.38,24.6,0
6540,1,14,352,20250227,1,323.88,35.99,0
6541,1,32,63,20250222,1,468.04,0.0,0
6542,1,33,216,20250216,1,432.0,48.0,0
6543,1,50,107,20250201,1,176.14,0.0,0
6544,1,30,568,20250205,1,274.72,0.0,0
6545,1,27,167,20250212,1,314.68,0.0,0
6546,1,34,442,20250211,1,344.45,0.0,0
6547,1,15,277,20250211,1,364.61,0.0,0
6548,1,27,190,20250207,1,314.68,0.0,0
6549,1,2,43,20250205,1,308.2,0.0,0
6550,1,14,110,20250215,1,359.87,0.0,0
6551,1,24,238,20250224,1,659.67,34.72,0
6552,1,9,121,20250215,1,408.44,0.0,0
6553,2,39,184,20250224,1,447.9,191.96,0
6554,2,25,582,20250202,1,448.08,0.0,0
6555,2,34,554,20250213,1,310.0,34.45,0
6556,2,22,271,20250217,1,527.02,0.0,0
6557,2,1,34,20250203,1,209.74,37.01,0
6558,2,40,422,20250218,1,683.3,0.0,1
6559,2,19,478,20250205,1,426.26,0.0,0
6560,2,15,418,20250211,1,309.92,54.69,0
6561,2,31,217,20250201,1,467.4,0.0,0
6562,2,35,223,20250209,1,319.11,56.31,0
6563,2,33,575,20250203,2,912.0,48.0,0
6564,2,22,499,20250215,2,1001.34,52.7,0
6565,2,15,483,20250210,1,346.38,18.23,0
6566,2,40,529,20250222,2,1093.28,273.32,0
6567,2,10,595,20250202,1,245.64,0.0,0
6568,2,36,477,20250205,1,477.76,119.44,0
6569,2,29,248,20250216,1,486.49,25.61,1
6570,2,13,420,20250221,1,419.08,22.06,0
6571,2,18,406,20250202,2,1246.5,138.5,0
6572,2,38,202,20250224,1,784.54,0.0,0
6573,2,40,391,20250222,1,683.3,0.0,0
6574,2,33,153,20250203,1,432.0,48.0,1
6575,2,38,272,20250220,1,784.54,0.0,0
6576,2,25,34,20250207,1,403.27,44.81,0
6577,2,6,462,20250211,1,351.04,61.95,0
6578,2,13,407,20250227,1,441.14,0.0,0
6579,2,22,415,20250201,2,1054.04,0.0,0
6580,2,36,73,20250211,1,597.2,0.0,0
6581,2,16,176,20250225,1,372.21,0.0,0
6582,2,26,150,20250222,1,491.98,0.0,0
6583,2,35,566,20250205,2,750.84,0.0,0
6584,2,32,384,20250215,2,936.08,0.0,0
6585,2,27,534,20250222,1,267.48,47.2,0
6586,2,28,222,20250227,1,297.04,0.0,0
6587,2,53,200,20250208,1,174.37,0.0,0
6588,2,31,591,20250216,1,467.4,0.0,0
6589,2,39,556,20250206,1,639.86,0.0,0
6590,2,30,191,20250201,1,274.72,0.0,1
6591,2,14,17,20250226,1,359.87,0.0,0
6592,2,25,228,20250209,1,425.68,22.4,0
6593,2,37,296,20250215,1,596.94,0.0,0
6594,2,40,148,20250215,1,683.3,0.0,0
6595,2,29,427,20250222,2,1024.2,0.0,0
6596,2,36,588,20250224,1,537.48,59.72,0
6597,2,44,179,20250228,1,273.1,0.0,0
6598,2,34,515,20250226,1,327.23,17.22,0
6599,2,39,519,20250204,2,1151.75,127.97,1
6600,2,33,182,20250227,1,456.0,24.0,0
6601,2,13,496,20250215,1,441.14,0.0,0
6602,2,35,496,20250212,1,375.42,0.0,0
6603,2,11,150,20250206,1,226.82,0.0,0
6604,2,2,191,20250211,1,261.97,46.23,0
6605,2,40,405,20250219,1,683.3,0.0,0
6606,2,34,304,20250211,1,327.23,17.22,0
6607,2,38,437,20250227,2,1569.08,0.0,0
6608,2,38,589,20250227,1,784.54,0.0,0
6609,2,29,96,20250213,2,972.99,51.21,0
6610,2,3,588,20250217,1,426.34,22.44,0
6611,2,34,374,20250204,1,241.12,103.33,0
6612,2,7,521,20250228,2,614.68,0.0,0
6613,2,50,431,20250211,2,334.67,17.61,0
6614,2,38,389,20250221,1,627.63,156.91,0
6615,2,32,388,20250227,1,421.24,46.8,0
6616,3,38,5,20250223,1,666.86,117.68,0
6617,3,21,429,20250224,2,1107.76,0.0,0
6618,3,26,280,20250205,1,467.38,24.6,0
6619,3,10,111,20250205,1,221.08,24.56,0
6620,3,40,591,20250226,1,649.14,34.16,0
6621,3,37,33,20250201,1,596.94,0.0,0
6622,3,14,519,20250222,1,323.88,35.99,0
6623,3,11,331,20250224,1,226.82,0.0,0
6624,3,46,302,20250203,1,196.91,21.88,0
6625,3,8,67,20250208,2,930.85,48.99,0
6626,3,20,368,20250213,1,330.57,0.0,0
6627,3,20,171,20250228,1,297.51,33.06,0
6628,3,24,151,20250211,1,659.67,34.72,0
6629,3,27,261,20250202,1,283.21,31.47,0
6630,3,33,472,20250211,1,456.0,24.0,0
6631,3,39,578,20250204,1,575.87,63.99,0
6632,3,34,201,20250222,1,344.45,0.0,0
6633,3,38,223,20250204,1,784.54,0.0,0
6634,3,42,396,20250217,1,99.65,0.0,0
6635,3,31,464,20250203,1,467.4,0.0,0
6636,3,4,266,20250222,1,422.05,0.0,0
6637,3,6,465,20250216,2,702.08,123.9,0
6638,3,29,462,20250226,1,460.89,51.21,0
6639,3,55,92,20250205,1,105.95,0.0,1
6640,3,28,387,20250218,1,267.34,29.7,0
6641,3,32,265,20250215,1,421.24,46.8,0
6642,3,41,148,20250216,2,268.09,47.31,0
6643,3,28,2,20250221,2,564.38,29.7,0
6644,3,26,279,20250209,1,491.98,0.0,0
6645,3,24,354,20250202,1,694.39,0.0,0
6646,3,25,64,20250215,1,448.08,0.0,0
6647,3,28,339,20250220,1,267.34,29.7,0
6648,3,19,438,20250221,1,341.01,85.25,0
6649,3,29,374,20250216,1,512.1,0.0,0
6650,3,40,371,20250220,2,1298.27,68.33,0
6651,3,35,277,20250217,1,337.88,37.54,0
6652,3,31,100,20250208,1,467.4,0.0,0
6653,3,26,351,20250203,2,983.96,0.0,0
6654,3,38,49,20250220,2,1490.63,78.45,0
6655,3,38,552,20250214,1,706.09,78.45,0
6656,3,17,534,20250214,1,251.24,27.92,0
6657,3,21,307,20250211,1,526.19,27.69,0
6658,3,2,318,20250208,1,246.56,61.64,0
6659,3,33,319,20250224,1,456.0,24.0,0
6660,3,30,379,20250205,1,274.72,0.0,1
6661,3,40,21,20250206,1,649.14,34.16,0
6662,4,32,238,20250207,1,374.43,93.61,0
6663,4,48,1,20250202,1,139.55,7.34,0
6664,4,6,290,20250219,1,330.39,82.6,0
6665,4,28,43,20250201,1,252.48,44.56,0
6666,4,10,143,20250209,1,233.36,12.28,0
6667,4,38,5,20250202,1,706.09,78.45,0
6668,4,38,452,20250206,1,706.09,78.45,0
6669,4,40,380,20250209,1,649.14,34.16,0
6670,4,16,507,20250211,1,334.99,37.22,1
6671,4,29,140,20250212,1,409.68,102.42,0
6672,4,28,572,20250227,1,237.63,59.41,0
6673,4,39,298,20250218,1,607.87,31.99,1
6674,4,9,121,20250218,1,408.44,0.0,0
6675,4,39,270,20250214,1,575.87,63.99,0
6676,4,36,298,20250226,1,537.48,59.72,0
6677,4,48,292,20250204,1,139.55,7.34,0
6678,4,36,465,20250223,2,1074.96,119.44,1
6679,4,27,164,20250204,1,314.68,0.0,0
6680,4,33,226,20250203,2,864.0,96.0,0
6681,4,31,87,20250203,1,420.66,46.74,0
6682,4,33,242,20250222,1,384.0,96.0,1
6683,4,31,144,20250218,3,1261.98,140.22,0
6684,4,38,367,20250226,1,666.86,117.68,0
6685,4,18,358,20250214,2,1315.75,69.25,0
6686,4,40,580,20250210,1,649.14,34.16,0
6687,4,29,269,20250223,1,460.89,51.21,0
6688,4,12,268,20250220,1,407.92,45.33,0
6689,4,1,374,20250211,1,246.75,0.0,0
6690,4,31,92,20250225,1,444.03,23.37,0
6691,4,32,456,20250201,1,468.04,0.0,0
6692,4,46,54,20250213,1,175.03,43.76,0
6693,4,13,176,20250228,1,441.14,0.0,0
6694,4,46,28,20250208,1,196.91,21.88,0
6695,4,2,373,20250203,3,832.14,92.46,0
6696,4,21,5,20250222,1,553.88,0.0,0
6697,4,22,478,20250215,1,474.32,52.7,0
6698,4,51,337,20250201,1,59.12,6.57,0
6699,4,35,543,20250220,1,375.42,0.0,0
6700,4,33,281,20250208,2,960.0,0.0,1
6701,4,36,57,20250204,1,597.2,0.0,0
6702,4,40,335,20250205,1,683.3,0.0,0
6703,4,34,58,20250212,1,344.45,0.0,1
6704,4,39,213,20250216,1,511.89,127.97,0
6705,4,3,448,20250223,1,448.78,0.0,0
6706,4,27,165,20250227,1,314.68,0.0,0
6707,4,36,576,20250204,1,567.34,29.86,0
6708,4,38,66,20250206,2,1255.26,313.82,0
6709,4,46,581,20250219,1,218.79,0.0,0
6710,4,34,450,20250210,1,327.23,17.22,0
6711,5,35,521,20250215,1,375.42,0.0,0
6712,5,29,332,20250212,3,1536.3,0.0,0
6713,5,25,54,20250222,1,425.68,22.4,0
6714,5,31,384,20250213,2,794.58,140.22,0
6715,5,38,423,20250219,1,666.86,117.68,0
6716,5,29,512,20250217,2,1024.2,0.0,0
6717,5,25,7,20250220,1,448.08,0.0,0
6718,5,47,188,20250223,1,109.23,12.14,0
6719,5,29,1,20250217,1,512.1,0.0,0
6720,5,35,179,20250228,1,356.65,18.77,0
6721,5,12,289,20250204,1,453.25,0.0,0
6722,5,39,505,20250209,2,1087.76,191.96,0
6723,5,18,483,20250213,2,1385.0,0.0,0
6724,5,2,379,20250221,1,292.79,15.41,0
6725,5,36,233,20250225,1,567.34,29.86,0
6726,5,29,69,20250211,1,486.49,25.61,0
6727,5,36,348,20250214,2,955.52,238.88,0
6728,5,16,8,20250205,1,372.21,0.0,0
6729,5,34,589,20250219,1,327.23,17.22,0
6730,5,18,245,20250215,1,692.5,0.0,0
6731,5,25,56,20250207,1,425.68,22.4,0
6732,5,37,399,20250211,1,537.25,59.69,0
6733,5,40,371,20250221,2,1093.28,273.32,1
6734,5,28,280,20250220,1,267.34,29.7,0
6735,5,5,92,20250206,1,241.24,26.81,0
6736,5,15,561,20250217,1,346.38,18.23,0
6737,5,14,124,20250215,1,359.87,0.0,0
6738,5,4,3,20250220,1,358.74,63.31,0
6739,5,39,412,20250227,1,639.86,0.0,0
6740,5,39,103,20250203,1,639.86,0.0,0
6741,5,37,321,20250206,1,567.09,29.85,0
6742,5,38,64,20250225,1,784.54,0.0,0
6743,5,27,114,20250223,2,629.36,0.0,0
6744,5,29,537,20250227,1,512.1,0.0,1
6745,5,15,363,20250221,1,364.61,0.0,0
6746,5,3,375,20250227,1,426.34,22.44,0
6747,5,39,211,20250219,1,639.86,0.0,0
6748,5,21,434,20250223,2,1052.37,55.39,0
6749,5,14,88,20250207,1,341.88,17.99,0
6750,6,40,116,20250208,2,1298.27,68.33,0
6751,6,26,334,20250218,1,491.98,0.0,0
6752,6,36,84,20250222,1,597.2,0.0,0
6753,6,33,149,20250221,1,408.0,72.0,0
6754,6,31,42,20250216,1,420.66,46.74,0
6755,6,26,52,20250227,1,393.58,98.4,0
6756,6,27,301,20250227,1,314.68,0.0,0
6757,6,36,576,20250222,2,1194.4,0.0,0
6758,6,29,36,20250204,1,486.49,25.61,0
6759,6,19,18,20250226,1,426.26,0.0,0
6760,6,35,100,20250201,1,375.42,0.0,0
6761,6,2,229,20250216,1,277.38,30.82,0
6762,6,34,264,20250228,1,327.23,17.22,0
6763,6,17,175,20250202,1,251.24,27.92,0
6764,6,34,534,20250211,1,344.45,0.0,0
6765,6,19,343,20250204,1,426.26,0.0,0
6766,6,16,414,20250228,1,353.6,18.61,0
6767,6,7,169,20250206,2,614.68,0.0,1
6768,6,26,387,20250202,1,491.98,0.0,0
6769,6,22,589,20250214,1,527.02,0.0,0
6770,6,12,103,20250205,2,906.5,0.0,0
6771,6,21,594,20250204,2,1107.76,0.0,0
6772,6,3,293,20250211,1,448.78,0.0,0
6773,6,37,285,20250217,1,537.25,59.69,0
6774,6,35,57,20250224,1,356.65,18.77,0
6775,6,29,370,20250210,3,1382.67,153.63,0
6776,6,21,334,20250214,1,443.1,110.78,0
6777,6,37,497,20250204,1,596.94,0.0,0
6778,6,29,524,20250210,1,512.1,0.0,0
6779,6,31,574,20250225,1,467.4,0.0,1
6780,6,17,572,20250220,1,195.41,83.75,0
6781,6,12,512,20250210,2,906.5,0.0,0
6782,6,20,136,20250211,1,314.04,16.53,0
6783,6,40,156,20250224,1,478.31,204.99,0
6784,6,19,2,20250206,3,895.15,383.63,0
6785,6,12,141,20250223,1,453.25,0.0,0
6786,6,24,71,20250206,2,1388.78,0.0,0
6787,6,28,440,20250220,1,297.04,0.0,0
6788,6,16,164,20250208,2,744.42,0.0,0
6789,6,54,375,20250204,2,283.36,0.0,0
6790,6,35,90,20250212,2,600.67,150.17,0
6791,6,38,355,20250217,2,1412.17,156.91,0
6792,6,26,277,20250225,1,393.58,98.4,0
6793,6,32,139,20250206,1,421.24,46.8,0
6794,6,39,327,20250225,1,639.86,0.0,0
6795,6,13,102,20250211,1,441.14,0.0,0
6796,6,35,579,20250225,1,375.42,0.0,0
6797,6,35,33,20250222,1,375.42,0.0,0
6798,6,2,115,20250228,1,246.56,61.64,0
6799,6,11,510,20250213,1,226.82,0.0,0
6800,6,45,30,20250225,1,123.09,6.48,0
6801,6,11,553,20250216,1,181.46,45.36,0
6802,7,49,516,20250220,1,51.11,9.02,0
6803,7,35,369,20250227,1,375.42,0.0,0
6804,7,56,365,20250206,1,61.49,3.24,0
6805,7,36,505,20250205,1,477.76,119.44,0
6806,7,34,110,20250217,1,344.45,0.0,0
6807,7,6,478,20250218,1,289.09,123.9,0
6808,7,26,141,20250215,1,491.98,0.0,0
6809,7,38,396,20250211,1,549.18,235.36,1
6810,7,30,487,20250228,1,274.72,0.0,0
6811,7,21,94,20250221,1,526.19,27.69,0
6812,7,37,398,20250224,1,596.94,0.0,1
6813,7,35,163,20250208,1,356.65,18.77,1
6814,7,32,143,20250207,2,936.08,0.0,0
6815,7,33,89,20250220,1,480.0,0.0,0
6816,7,11,466,20250202,1,226.82,0.0,1
6817,7,19,590,20250222,1,426.26,0.0,0
6818,7,23,286,20250206,1,281.27,49.63,0
6819,7,26,55,20250216,1,491.98,0.0,0
6820,7,28,289,20250207,1,267.34,29.7,0
6821,7,36,435,20250206,1,418.04,179.16,0
6822,7,35,76,20250215,1,300.34,75.08,0
6823,7,24,344,20250216,1,694.39,0.0,0
6824,7,37,438,20250206,1,596.94,0.0,1
6825,7,43,385,20250209,1,278.71,14.67,0
6826,7,18,408,20250209,1,554.0,138.5,0
6827,7,36,498,20250202,1,537.48,59.72,0
6828,7,7,241,20250208,1,307.34,0.0,0
6829,7,35,326,20250219,2,750.84,0.0,0
6830,7,37,268,20250209,1,596.94,0.0,0
6831,7,40,426,20250207,1,614.97,68.33,0
6832,7,28,361,20250227,1,267.34,29.7,0
6833,7,36,460,20250217,1,597.2,0.0,0
6834,7,40,267,20250212,1,614.97,68.33,0
6835,7,29,60,20250205,2,921.78,102.42,0
6836,7,37,335,20250224,1,567.09,29.85,0
6837,7,32,464,20250213,2,889.28,46.8,0
6838,7,39,326,20250217,2,1215.73,63.99,0
6839,7,2,450,20250208,1,308.2,0.0,0
6840,7,37,228,20250217,1,596.94,0.0,0
6841,7,35,577,20250222,1,375.42,0.0,1
6842,7,40,21,20250220,1,683.3,0.0,0
6843,7,38,76,20250201,2,1412.17,156.91,0
6844,7,40,186,20250226,1,683.3,0.0,0
6845,7,28,67,20250202,1,297.04,0.0,0
6846,7,23,494,20250210,1,264.72,66.18,0
6847,7,37,336,20250206,1,596.94,0.0,0
6848,7,47,537,20250217,1,109.23,12.14,0
6849,7,18,35,20250219,2,1315.75,69.25,0
6850,7,24,422,20250225,1,659.67,34.72,0
6851,7,25,488,20250227,1,425.68,22.4,0
6852,7,42,459,20250207,2,169.41,29.89,0
6853,7,40,17,20250212,1,546.64,136.66,1
6854,7,40,474,20250213,1,683.3,0.0,0
6855,8,4,408,20250202,1,400.95,21.1,0
6856,8,34,347,20250213,1,344.45,0.0,1
6857,8,24,103,20250226,1,659.67,34.72,0
6858,8,35,574,20250201,1,375.42,0.0,0
6859,8,9,79,20250227,1,347.17,61.27,1
6860,8,34,115,20250225,1,327.23,17.22,0
6861,8,40,67,20250201,1,649.14,34.16,0
6862,8,34,436,20250202,1,344.45,0.0,0
6863,8,35,264,20250208,1,375.42,0.0,0
6864,8,14,150,20250225,1,359.87,0.0,0
6865,8,8,260,20250204,1,440.93,48.99,0
6866,8,23,283,20250228,1,330.9,0.0,0
6867,8,10,334,20250224,1,221.08,24.56,0
6868,8,33,337,20250227,1,456.0,24.0,0
6869,8,51,142,20250201,1,52.55,13.14,0
6870,8,14,329,20250214,1,359.87,0.0,0
6871,8,32,158,20250210,2,795.67,140.41,0
6872,8,15,134,20250201,1,364.61,0.0,0
6873,8,23,474,20250201,1,281.27,49.63,0
6874,8,19,511,20250209,1,383.63,42.63,0
6875,8,33,236,20250207,2,768.0,192.0,0
6876,8,39,448,20250202,1,543.88,95.98,0
6877,8,25,445,20250206,1,358.46,89.62,0
6878,8,18,505,20250221,2,1246.5,138.5,0
6879,8,53,329,20250204,1,165.65,8.72,0
6880,8,29,473,20250221,1,409.68,102.42,0
6881,8,36,353,20250223,1,477.76,119.44,0
6882,8,24,179,20250207,1,659.67,34.72,0
6883,8,40,178,20250217,1,683.3,0.0,0
6884,8,31,548,20250226,1,467.4,0.0,0
6885,8,24,297,20250221,2,1249.9,138.88,0
6886,8,38,31,20250214,1,706.09,78.45,0
6887,1,44,577,20250304,1,273.1,0.0,0
6888,1,12,221,20250310,1,430.59,22.66,0
6889,1,53,358,20250305,1,174.37,0.0,0
6890,1,19,426,20250313,3,1150.9,127.88,0
6891,1,16,153,20250327,1,372.21,0.0,0
6892,1,4,207,20250322,1,400.95,21.1,1
6893,1,48,375,20250308,1,146.89,0.0,0
6894,1,17,81,20250322,1,279.16,0.0,0
6895,1,34,363,20250312,1,292.78,51.67,0
6896,1,27,415,20250308,1,314.68,0.0,0
6897,1,2,374,20250311,1,246.56,61.64,0
6898,1,16,141,20250301,1,353.6,18.61,0
6899,1,46,95,20250304,1,196.91,21.88,0
6900,1,5,500,20250302,1,268.05,0.0,0
6901,1,1,150,20250308,1,246.75,0.0,0
6902,1,36,392,20250315,1,507.62,89.58,0
6903,1,3,232,20250328,2,762.93,134.63,0
6904,1,34,348,20250323,1,344.45,0.0,1
6905,1,48,191,20250308,3,440.67,0.0,0
6906,1,37,264,20250314,1,596.94,0.0,0
6907,1,18,519,20250324,1,692.5,0.0,0
6908,1,39,554,20250328,1,575.87,63.99,0
6909,1,30,292,20250324,2,467.02,82.42,0
6910,1,20,345,20250322,1,314.04,16.53,0
6911,1,48,470,20250305,1,146.89,0.0,0
6912,1,27,303,20250330,1,267.48,47.2,0
6913,1,37,410,20250301,1,596.94,0.0,0
6914,1,8,214,20250304,1,489.92,0.0,0
6915,1,33,390,20250319,1,480.0,0.0,0
6916,1,55,581,20250313,1,90.06,15.89,0
6917,1,41,355,20250311,1,141.93,15.77,0
6918,1,12,379,20250324,1,385.26,67.99,0
6919,1,40,109,20250313,1,649.14,34.16,0
6920,1,43,33,20250306,1,278.71,14.67,0
6921,1,10,125,20250304,1,245.64,0.0,0
6922,1,12,302,20250316,1,453.25,0.0,0
6923,1,27,317,20250327,1,314.68,0.0,0
6924,1,16,71,20250310,2,707.2,37.22,0
6925,1,12,599,20250308,1,407.92,45.33,0
6926,1,54,179,20250303,1,141.68,0.0,0
6927,1,24,207,20250311,1,694.39,0.0,0
6928,1,2,145,20250328,1,308.2,0.0,0
6929,1,32,493,20250330,1,468.04,0.0,0
6930,1,4,451,20250311,1,422.05,0.0,0
6931,1,54,107,20250328,1,141.68,0.0,0
6932,1,51,406,20250322,3,187.22,9.85,0
6933,1,13,243,20250317,1,441.14,0.0,0
6934,1,2,555,20250307,1,308.2,0.0,0
6935,1,9,531,20250311,1,367.6,40.84,0
6936,1,17,174,20250302,1,251.24,27.92,0
6937,1,34,92,20250308,1,292.78,51.67,0
6938,1,47,451,20250314,1,109.23,12.14,0
6939,1,48,330,20250324,1,132.2,14.69,0
6940,1,12,346,20250331,1,430.59,22.66,0
6941,1,40,301,20250327,1,649.14,34.16,0
6942,1,22,251,20250329,2,1001.34,52.7,0
6943,1,46,444,20250307,1,196.91,21.88,0
6944,1,8,389,20250307,1,465.42,24.5,0
6945,1,48,345,20250313,3,440.67,0.0,0
6946,1,23,366,20250301,1,330.9,0.0,0
6947,1,30,431,20250301,1,274.72,0.0,0
6948,1,30,395,20250317,1,233.51,41.21,0
6949,1,56,66,20250325,1,64.73,0.0,0
6950,1,33,447,20250306,1,408.0,72.0,0
6951,1,12,8,20250317,1,407.92,45.33,0
6952,1,43,222,20250301,1,278.71,14.67,0
6953,1,50,149,20250317,1,158.53,17.61,0
6954,1,2,109,20250316,1,292.79,15.41,0
6955,1,32,3,20250331,2,936.08,0.0,0
6956,1,42,9,20250304,1,99.65,0.0,0
6957,1,31,129,20250304,1,420.66,46.74,0
6958,1,21,531,20250305,1,553.88,0.0,0
6959,1,10,447,20250320,2,343.9,147.38,0
6960,2,42,86,20250311,1,94.67,4.98,0
6961,2,32,334,20250328,2,889.28,46.8,0
6962,2,40,353,20250305,1,683.3,0.0,0
6963,2,32,532,20250311,1,468.04,0.0,0
6964,2,7,113,20250329,1,307.34,0.0,0
6965,2,10,258,20250313,1,233.36,12.28,0
6966,2,39,200,20250318,1,639.86,0.0,0
6967,2,6,485,20250310,1,412.99,0.0,0
6968,2,55,457,20250310,1,84.76,21.19,0
6969,2,37,552,20250310,1,596.94,0.0,0
6970,2,8,109,20250305,1,342.94,146.98,0
6971,2,6,483,20250325,2,784.68,41.3,0
6972,2,46,213,20250309,1,196.91,21.88,0
6973,2,47,331,20250310,1,115.3,6.07,0
6974,2,23,273,20250323,1,330.9,0.0,0
6975,2,24,245,20250310,1,694.39,0.0,0
6976,2,44,378,20250321,1,232.13,40.97,1
6977,2,19,457,20250325,1,383.63,42.63,0
6978,2,46,44,20250314,1,218.79,0.0,0
6979,2,24,239,20250329,1,590.23,104.16,0
6980,2,56,98,20250307,1,61.49,3.24,0
6981,2,45,115,20250302,1,123.09,6.48,0
6982,2,1,282,20250317,2,493.5,0.0,0
6983,2,28,117,20250302,1,267.34,29.7,0
6984,2,52,55,20250330,1,66.77,16.69,0
6985,2,1,369,20250307,1,246.75,0.0,0
6986,2,45,479,20250304,1,110.13,19.44,0
6987,2,29,504,20250317,1,486.49,25.61,0
6988,2,38,300,20250320,1,745.31,39.23,0
6989,2,32,69,20250328,2,889.28,46.8,0
6990,2,41,182,20250321,2,299.63,15.77,0
6991,2,14,210,20250326,1,341.88,17.99,0
6992,2,8,436,20250331,1,391.94,97.98,0
6993,2,53,395,20250318,1,174.37,0.0,0
6994,2,41,144,20250331,1,110.39,47.31,0
6995,2,5,417,20250309,1,268.05,0.0,0
6996,2,44,383,20250312,1,273.1,0.0,0
6997,2,20,73,20250316,1,297.51,33.06,0
6998,2,27,325,20250301,1,298.95,15.73,1
6999,2,31,582,20250307,1,467.4,0.0,0
7000,2,23,201,20250315,1,264.72,66.18,0
7001,2,14,233,20250311,1,359.87,0.0,0
7002,2,4,312,20250328,2,675.28,168.82,0
7003,2,46,52,20250318,1,175.03,43.76,0
7004,2,30,31,20250302,1,274.72,0.0,1
7005,2,2,258,20250328,2,585.58,30.82,0
7006,2,56,153,20250306,1,64.73,0.0,0
7007,2,8,403,20250310,1,465.42,24.5,0
7008,2,48,302,20250306,1,139.55,7.34,0
7009,2,3,508,20250324,1,381.46,67.32,0
7010,2,11,492,20250329,1,226.82,0.0,0
7011,2,9,242,20250325,1,388.02,20.42,0
7012,2,13,282,20250303,1,397.03,44.11,0
7013,2,18,327,20250319,1,692.5,0.0,0
7014,2,31,53,20250303,1,467.4,0.0,0
7015,2,15,220,20250314,1,364.61,0.0,0
7016,2,32,126,20250315,1,421.24,46.8,0
7017,2,4,89,20250306,1,379.84,42.21,0
7018,2,24,12,20250316,1,590.23,104.16,0
7019,3,31,188,20250315,1,420.66,46.74,0
7020,3,29,225,20250315,2,1024.2,0.0,0
7021,3,25,349,20250320,1,403.27,44.81,0
7022,3,26,312,20250327,1,418.18,73.8,0
7023,3,40,183,20250320,1,649.14,34.16,0
7024,3,11,514,20250301,1,215.48,11.34,0
7025,3,4,503,20250316,1,422.05,0.0,0
7026,3,13,333,20250318,1,397.03,44.11,0
7027,3,3,19,20250307,1,359.02,89.76,0
7028,3,28,380,20250330,1,297.04,0.0,0
7029,3,11,383,20250301,1,226.82,0.0,0
7030,3,45,455,20250324,1,129.57,0.0,0
7031,3,3,260,20250308,1,448.78,0.0,0
7032,3,17,515,20250316,1,265.2,13.96,0
7033,3,18,541,20250302,1,692.5,0.0,0
7034,3,45,399,20250322,1,123.09,6.48,0
7035,3,20,230,20250320,1,297.51,33.06,0
7036,3,44,457,20250325,1,273.1,0.0,0
7037,3,20,543,20250327,1,280.98,49.59,0
7038,3,10,445,20250305,2,491.28,0.0,0
7039,3,31,39,20250331,1,420.66,46.74,0
7040,3,44,369,20250316,1,191.17,81.93,0
7041,3,1,414,20250305,1,234.41,12.34,0
7042,3,36,360,20250301,2,1194.4,0.0,0
7043,3,32,445,20250302,1,421.24,46.8,0
7044,3,25,455,20250306,1,448.08,0.0,0
7045,3,47,494,20250326,2,218.47,24.27,0
7046,3,26,449,20250303,3,1475.94,0.0,0
7047,3,52,288,20250309,1,83.46,0.0,0
7048,3,35,242,20250302,2,750.84,0.0,0
7049,3,8,550,20250308,1,489.92,0.0,0
7050,3,42,84,20250309,1,84.7,14.95,0
7051,3,5,484,20250307,1,268.05,0.0,0
7052,3,15,151,20250306,1,346.38,18.23,0
7053,3,22,307,20250326,1,500.67,26.35,0
7054,3,14,593,20250327,1,305.89,53.98,1
7055,3,47,165,20250320,1,109.23,12.14,0
7056,3,37,17,20250326,1,507.4,89.54,0
7057,3,13,229,20250330,1,441.14,0.0,0
7058,3,40,330,20250312,1,683.3,0.0,0
7059,3,53,500,20250308,1,174.37,0.0,0
7060,3,40,440,20250316,1,683.3,0.0,0
7061,3,47,248,20250310,1,121.37,0.0,0
7062,3,49,373,20250308,1,60.13,0.0,0
7063,3,8,482,20250324,1,416.43,73.49,0
7064,3,55,40,20250325,1,105.95,0.0,0
7065,3,13,11,20250329,1,374.97,66.17,0
7066,3,50,351,20250304,1,140.91,35.23,1
7067,3,1,83,20250328,1,209.74,37.01,0
7068,3,14,161,20250331,2,719.74,0.0,0
7069,3,5,188,20250328,1,268.05,0.0,0
7070,3,2,317,20250307,1,215.74,92.46,0
7071,3,44,88,20250309,1,245.79,27.31,0
7072,3,20,325,20250330,1,330.57,0.0,0
7073,3,25,446,20250314,1,448.08,0.0,0
7074,3,10,422,20250320,1,245.64,0.0,0
7075,3,2,43,20250329,1,292.79,15.41,0
7076,3,42,385,20250323,1,84.7,14.95,0
7077,3,44,136,20250319,1,273.1,0.0,0
7078,3,23,8,20250318,1,314.36,16.54,0
7079,3,37,49,20250325,1,596.94,0.0,0
7080,3,17,99,20250311,1,279.16,0.0,0
7081,3,33,541,20250305,1,432.0,48.0,0
7082,4,21,279,20250319,1,526.19,27.69,0
7083,4,52,316,20250309,1,66.77,16.69,0
7084,4,3,382,20250315,2,807.8,89.76,0
7085,4,29,157,20250309,1,512.1,0.0,0
7086,4,1,317,20250308,1,246.75,0.0,1
7087,4,26,227,20250309,1,418.18,73.8,0
7088,4,15,57,20250330,1,364.61,0.0,0
7089,4,54,524,20250328,1,141.68,0.0,1
7090,4,14,589,20250328,1,359.87,0.0,0
7091,4,48,316,20250307,1,117.51,29.38,0
7092,4,16,196,20250316,1,353.6,18.61,0
7093,4,42,397,20250311,1,89.68,9.97,0
7094,4,42,279,20250326,1,94.67,4.98,0
7095,4,5,83,20250316,1,241.24,26.81,0
7096,4,1,137,20250304,1,222.07,24.68,0
7097,4,20,225,20250308,3,793.37,198.34,0
7098,4,44,101,20250331,1,218.48,54.62,0
7099,4,11,14,20250309,1,215.48,11.34,0
7100,4,12,454,20250307,1,407.92,45.33,0
7101,4,30,566,20250309,1,274.72,0.0,0
7102,4,17,42,20250313,1,223.33,55.83,0
7103,4,6,221,20250302,2,784.68,41.3,0
7104,4,8,95,20250318,1,416.43,73.49,1
7105,4,12,342,20250328,1,317.28,135.97,0
7106,4,25,281,20250315,2,851.35,44.81,0
7107,4,50,118,20250320,1,149.72,26.42,0
7108,4,34,350,20250312,2,688.9,0.0,0
7109,4,2,373,20250309,1,261.97,46.23,0
7110,4,47,322,20250314,1,115.3,6.07,0
7111,4,15,444,20250322,1,291.69,72.92,0
7112,4,30,283,20250312,1,274.72,0.0,0
7113,4,51,439,20250310,1,55.84,9.85,0
7114,4,7,111,20250306,2,583.95,30.73,0
7115,4,34,240,20250317,1,292.78,51.67,0
7116,4,14,212,20250313,1,359.87,0.0,0
7117,4,6,202,20250307,1,412.99,0.0,0
7118,4,18,519,20250312,2,1108.0,277.0,0
7119,4,21,197,20250310,1,387.72,166.16,0
7120,4,3,113,20250315,1,426.34,22.44,0
7121,4,42,165,20250316,1,69.76,29.89,0
7122,4,6,280,20250329,1,392.34,20.65,0
7123,4,4,508,20250322,1,379.84,42.21,0
7124,4,8,200,20250310,1,489.92,0.0,0
7125,4,23,450,20250320,1,314.36,16.54,0
7126,4,25,297,20250316,1,425.68,22.4,0
7127,4,2,342,20250309,1,308.2,0.0,0
7128,4,3,443,20250311,1,448.78,0.0,0
7129,4,13,90,20250308,1,352.91,88.23,0
7130,4,23,334,20250322,1,264.72,66.18,0
7131,4,56,99,20250307,1,64.73,0.0,0
7132,4,10,306,20250327,1,196.51,49.13,0
7133,4,16,531,20250303,1,353.6,18.61,0
7134,4,2,71,20250309,1,308.2,0.0,0
7135,4,32,307,20250301,1,468.04,0.0,0
7136,5,13,545,20250319,1,397.03,44.11,0
7137,5,8,479,20250325,1,489.92,0.0,1
7138,5,31,548,20250306,1,397.29,70.11,0
7139,5,10,480,20250309,1,233.36,12.28,0
7140,5,4,33,20250323,1,422.05,0.0,0
7141,5,53,4,20250315,1,174.37,0.0,0
7142,5,1,128,20250308,1,246.75,0.0,0
7143,5,25,217,20250322,1,380.87,67.21,0
7144,5,8,143,20250302,1,489.92,0.0,0
7145,5,51,437,20250326,1,59.12,6.57,0
7146,5,41,396,20250320,1,157.7,0.0,0
7147,5,1,145,20250329,1,246.75,0.0,0
7148,5,22,353,20250306,1,527.02,0.0,0
7149,5,16,99,20250328,2,669.98,74.44,0
7150,5,38,431,20250307,1,745.31,39.23,0
7151,5,25,470,20250302,1,425.68,22.4,0
7152,5,17,249,20250306,1,279.16,0.0,0
7153,5,55,92,20250304,1,90.06,15.89,0
7154,5,14,161,20250323,1,323.88,35.99,0
7155,5,13,423,20250323,2,882.28,0.0,1
7156,5,27,474,20250305,1,298.95,15.73,0
7157,5,52,308,20250320,1,79.29,4.17,0
7158,5,43,498,20250312,1,293.38,0.0,0
7159,5,5,323,20250311,1,254.65,13.4,0
7160,5,6,503,20250304,3,1238.97,0.0,0
7161,5,24,172,20250314,1,694.39,0.0,1
7162,5,28,529,20250305,1,267.34,29.7,0
7163,5,12,76,20250316,1,407.92,45.33,0
7164,5,12,340,20250310,1,453.25,0.0,0
7165,5,45,436,20250325,1,123.09,6.48,0
7166,5,28,294,20250329,1,297.04,0.0,0
7167,5,4,348,20250307,2,759.69,84.41,0
7168,5,54,389,20250306,1,141.68,0.0,0
7169,5,49,588,20250314,2,120.26,0.0,0
7170,5,27,367,20250321,2,629.36,0.0,0
7171,5,47,79,20250316,2,242.74,0.0,1
7172,5,41,215,20250302,1,126.16,31.54,0
7173,5,14,525,20250319,1,359.87,0.0,0
7174,5,3,130,20250308,1,359.02,89.76,0
7175,5,4,131,20250330,1,422.05,0.0,0
7176,5,14,38,20250304,1,341.88,17.99,0
7177,5,15,513,20250309,1,309.92,54.69,0
7178,5,2,103,20250326,1,277.38,30.82,0
7179,5,5,403,20250307,1,214.44,53.61,0
7180,5,13,397,20250307,1,397.03,44.11,0
7181,5,36,456,20250327,1,507.62,89.58,0
7182,5,28,301,20250303,1,267.34,29.7,0
7183,5,16,448,20250311,2,595.54,148.88,0
7184,5,47,440,20250321,1,121.37,0.0,0
7185,5,4,444,20250310,1,400.95,21.1,0
7186,5,26,575,20250317,1,491.98,0.0,0
7187,5,31,538,20250314,1,444.03,23.37,0
7188,5,2,472,20250331,2,585.58,30.82,0
7189,5,19,9,20250309,1,383.63,42.63,0
7190,5,2,335,20250302,1,308.2,0.0,0
7191,6,44,210,20250317,2,436.96,109.24,0
7192,6,8,412,20250307,1,465.42,24.5,0
7193,6,55,553,20250314,1,84.76,21.19,0
7194,6,36,61,20250327,1,597.2,0.0,0
7195,6,39,260,20250323,1,543.88,95.98,0
7196,6,23,206,20250327,1,297.81,33.09,0
7197,6,6,210,20250303,1,412.99,0.0,1
7198,6,3,559,20250322,1,426.34,22.44,1
7199,6,47,534,20250319,1,115.3,6.07,0
7200,6,11,342,20250310,1,226.82,0.0,0
7201,6,35,444,20250306,1,319.11,56.31,0
7202,6,17,46,20250302,1,223.33,55.83,0
7203,6,10,107,20250322,1,208.79,36.85,0
7204,6,1,248,20250310,1,246.75,0.0,0
7205,6,13,225,20250322,1,308.8,132.34,0
7206,6,18,464,20250326,2,1385.0,0.0,0
7207,6,13,183,20250305,1,397.03,44.11,0
7208,6,15,550,20250310,1,364.61,0.0,0
7209,6,5,243,20250331,1,268.05,0.0,0
7210,6,31,464,20250330,1,467.4,0.0,0
7211,6,47,562,20250326,1,121.37,0.0,0
7212,6,27,400,20250321,1,283.21,31.47,0
7213,6,51,500,20250304,1,62.41,3.28,0
7214,6,8,253,20250301,1,489.92,0.0,0
7215,6,42,77,20250312,1,89.68,9.97,0
7216,6,12,359,20250316,1,453.25,0.0,0
7217,6,16,316,20250329,1,372.21,0.0,0
7218,6,40,185,20250329,1,546.64,136.66,0
7219,6,16,332,20250325,1,372.21,0.0,0
7220,6,9,392,20250308,1,326.75,81.69,0
7221,6,55,69,20250319,1,95.35,10.6,0
7222,6,52,425,20250307,1,83.46,0.0,0
7223,6,13,162,20250317,3,1191.08,132.34,0
7224,6,23,19,20250305,1,330.9,0.0,0
7225,6,41,319,20250319,3,425.79,47.31,0
7226,6,28,201,20250323,1,252.48,44.56,0
7227,6,47,429,20250328,1,121.37,0.0,0
7228,6,52,173,20250329,1,75.11,8.35,0
7229,6,27,317,20250306,1,267.48,47.2,0
7230,6,35,582,20250317,1,356.65,18.77,0
7231,6,39,246,20250307,1,639.86,0.0,0
7232,6,11,397,20250321,1,215.48,11.34,1
7233,6,7,79,20250310,1,307.34,0.0,0
7234,6,11,9,20250311,1,158.77,68.05,0
7235,6,54,22,20250329,1,141.68,0.0,0
7236,6,5,355,20250331,1,268.05,0.0,0
7237,6,23,172,20250305,1,264.72,66.18,0
7238,6,50,268,20250315,1,149.72,26.42,0
7239,6,13,493,20250322,1,419.08,22.06,0
7240,6,56,191,20250320,1,64.73,0.0,0
7241,6,31,239,20250313,1,467.4,0.0,0
7242,6,16,564,20250307,1,353.6,18.61,0
7243,6,2,428,20250331,1,308.2,0.0,0
7244,6,42,290,20250322,1,99.65,0.0,0
7245,6,6,127,20250320,1,371.69,41.3,0
7246,6,36,154,20250314,1,567.34,29.86,0
7247,6,7,514,20250313,1,307.34,0.0,0
7248,6,31,580,20250315,1,420.66,46.74,0
7249,6,18,195,20250330,1,692.5,0.0,0
7250,7,17,45,20250331,2,530.4,27.92,0
7251,7,28,293,20250314,1,267.34,29.7,0
7252,7,40,73,20250324,1,580.81,102.49,0
7253,7,3,143,20250303,1,448.78,0.0,0
7254,7,14,100,20250329,1,305.89,53.98,0
7255,7,35,202,20250323,3,1126.26,0.0,0
7256,7,44,591,20250302,1,259.44,13.66,0
7257,7,30,597,20250318,1,247.25,27.47,0
7258,7,48,469,20250316,2,293.78,0.0,0
7259,7,8,161,20250320,1,489.92,0.0,0
7260,7,21,418,20250308,1,526.19,27.69,0
7261,7,5,471,20250311,1,227.84,40.21,0
7262,7,7,317,20250309,1,307.34,0.0,0
7263,7,37,518,20250322,1,567.09,29.85,0
7264,7,17,214,20250323,1,265.2,13.96,1
7265,7,45,297,20250301,1,116.61,12.96,0
7266,7,2,449,20250329,1,308.2,0.0,0
7267,7,20,466,20250319,1,330.57,0.0,1
7268,7,54,175,20250325,1,141.68,0.0,0
7269,7,3,146,20250315,1,381.46,67.32,0
7270,7,29,89,20250323,1,512.1,0.0,0
7271,7,20,280,20250322,2,528.91,132.23,0
7272,7,6,439,20250327,3,1238.97,0.0,0
7273,7,2,328,20250308,1,308.2,0.0,0
7274,7,37,163,20250316,1,596.94,0.0,0
7275,7,22,369,20250306,1,527.02,0.0,0
7276,7,44,323,20250330,1,273.1,0.0,0
7277,7,26,445,20250316,1,442.78,49.2,0
7278,7,45,61,20250314,1,129.57,0.0,0
7279,7,49,347,20250326,2,102.22,18.04,0
7280,7,46,539,20250317,1,185.97,32.82,0
7281,7,49,380,20250303,1,60.13,0.0,0
7282,7,55,278,20250308,1,100.65,5.3,1
7283,7,2,234,20250331,1,277.38,30.82,0
7284,7,8,98,20250326,1,489.92,0.0,0
7285,7,27,282,20250313,1,251.74,62.94,0
7286,7,24,204,20250328,2,1319.34,69.44,0
7287,7,52,47,20250328,1,75.11,8.35,0
7288,7,49,486,20250312,1,54.12,6.01,0
7289,7,49,221,20250308,1,57.12,3.01,0
7290,7,37,95,20250304,1,596.94,0.0,0
7291,7,36,581,20250327,1,537.48,59.72,0
7292,7,29,308,20250315,1,512.1,0.0,0
7293,7,49,430,20250319,1,48.1,12.03,0
7294,7,36,107,20250317,1,597.2,0.0,1
7295,7,10,399,20250320,1,245.64,0.0,1
7296,7,24,412,20250328,1,624.95,69.44,0
7297,7,39,139,20250318,1,575.87,63.99,0
7298,7,33,317,20250326,2,912.0,48.0,0
7299,7,26,144,20250325,1,467.38,24.6,0
7300,7,45,146,20250308,2,259.14,0.0,0
7301,7,56,585,20250328,1,64.73,0.0,0
7302,7,47,418,20250314,1,109.23,12.14,0
7303,7,53,489,20250301,1,139.5,34.87,0
7304,7,36,58,20250324,1,567.34,29.86,1
7305,7,47,449,20250323,3,345.9,18.21,0
7306,7,6,526,20250305,1,392.34,20.65,0
7307,7,9,375,20250331,1,408.44,0.0,1
7308,7,19,394,20250323,1,426.26,0.0,0
7309,7,53,430,20250328,1,174.37,0.0,0
7310,8,8,122,20250315,1,391.94,97.98,0
7311,8,8,346,20250305,1,465.42,24.5,0
7312,8,28,191,20250321,1,282.19,14.85,0
7313,8,55,354,20250326,1,95.35,10.6,0
7314,8,22,244,20250315,1,474.32,52.7,0
7315,8,13,517,20250307,1,374.97,66.17,0
7316,8,36,149,20250314,1,507.62,89.58,0
7317,8,32,127,20250306,1,468.04,0.0,0
7318,8,34,579,20250323,1,344.45,0.0,0
7319,8,9,431,20250327,1,408.44,0.0,0
7320,8,25,444,20250312,1,448.08,0.0,0
7321,8,35,48,20250311,1,356.65,18.77,0
7322,8,9,578,20250320,1,326.75,81.69,0
7323,8,12,590,20250301,1,385.26,67.99,0
7324,8,4,554,20250330,1,422.05,0.0,0
7325,8,23,199,20250307,1,264.72,66.18,1
7326,8,56,326,20250313,2,122.99,6.47,0
7327,8,29,102,20250306,2,921.78,102.42,0
7328,8,48,272,20250312,2,279.09,14.69,0
7329,8,37,484,20250304,1,596.94,0.0,0
7330,8,16,167,20250302,1,372.21,0.0,0
7331,8,10,550,20250309,1,196.51,49.13,0
7332,8,39,26,20250318,1,511.89,127.97,0
7333,8,10,449,20250304,2,491.28,0.0,0
7334,8,10,284,20250330,1,245.64,0.0,0
7335,8,29,559,20250327,1,358.47,153.63,0
7336,8,42,182,20250322,2,199.3,0.0,0
7337,8,23,451,20250310,1,330.9,0.0,0
7338,8,36,239,20250330,1,597.2,0.0,0
7339,8,25,407,20250302,1,448.08,0.0,0
7340,8,28,44,20250321,2,594.08,0.0,0
7341,8,54,105,20250328,1,134.6,7.08,0
7342,8,20,4,20250316,1,264.46,66.11,0
7343,8,29,589,20250319,1,512.1,0.0,0
7344,8,1,167,20250312,1,209.74,37.01,0
7345,8,23,35,20250311,1,330.9,0.0,0
7346,8,30,352,20250305,1,219.78,54.94,0
7347,8,1,437,20250312,1,246.75,0.0,0
7348,8,47,460,20250328,1,121.37,0.0,0
7349,8,6,192,20250329,1,351.04,61.95,0
7350,8,8,575,20250301,1,465.42,24.5,0
7351,8,25,233,20250307,1,425.68,22.4,0
7352,8,23,468,20250321,1,330.9,0.0,0
7353,8,4,198,20250306,1,379.84,42.21,0
7354,8,44,375,20250327,1,218.48,54.62,0
7355,8,21,210,20250314,2,1107.76,0.0,0
7356,1,13,521,20250425,1,397.03,44.11,0
7357,1,40,293,20250418,1,649.14,34.16,0
7358,1,46,307,20250414,1,218.79,0.0,0
7359,1,3,396,20250412,1,448.78,0.0,0
7360,1,38,534,20250418,1,784.54,0.0,0
7361,1,52,544,20250416,1,83.46,0.0,0
7362,1,10,497,20250413,1,233.36,12.28,0
7363,1,15,80,20250415,1,346.38,18.23,0
7364,1,8,184,20250401,1,342.94,146.98,0
7365,1,23,518,20250416,2,562.53,99.27,0
7366,1,31,179,20250426,1,420.66,46.74,0
7367,1,9,304,20250401,1,347.17,61.27,0
7368,1,2,95,20250413,1,308.2,0.0,0
7369,1,38,66,20250418,1,784.54,0.0,0
7370,1,52,496,20250410,1,83.46,0.0,0
7371,1,7,260,20250420,1,307.34,0.0,0
7372,1,41,359,20250414,1,157.7,0.0,1
7373,1,15,343,20250419,1,364.61,0.0,0
7374,1,35,270,20250412,1,375.42,0.0,0
7375,1,54,370,20250413,1,127.51,14.17,0
7376,1,24,325,20250423,2,1111.02,277.76,0
7377,1,20,475,20250404,1,264.46,66.11,0
7378,1,4,85,20250423,1,400.95,21.1,0
7379,1,9,454,20250424,1,367.6,40.84,0
7380,1,14,222,20250422,1,323.88,35.99,0
7381,1,28,68,20250405,2,594.08,0.0,0
7382,1,44,269,20250418,1,259.44,13.66,0
7383,1,30,400,20250420,1,247.25,27.47,0
7384,1,32,324,20250420,1,444.64,23.4,0
7385,1,14,195,20250417,1,341.88,17.99,0
7386,1,3,538,20250415,1,448.78,0.0,0
7387,1,9,29,20250409,1,408.44,0.0,0
7388,1,12,436,20250419,2,770.53,135.97,0
7389,1,22,567,20250410,1,500.67,26.35,0
7390,1,5,249,20250416,1,268.05,0.0,0
7391,1,5,177,20250403,1,241.24,26.81,1
7392,1,12,95,20250415,1,385.26,67.99,0
7393,1,3,99,20250422,1,359.02,89.76,0
7394,1,38,333,20250405,1,784.54,0.0,0
7395,1,47,9,20250410,1,121.37,0.0,0
7396,1,48,48,20250401,1,146.89,0.0,0
7397,1,7,476,20250407,1,307.34,0.0,0
7398,1,36,545,20250417,1,567.34,29.86,0
7399,1,20,214,20250410,1,330.57,0.0,0
7400,1,12,264,20250405,1,407.92,45.33,0
7401,1,23,365,20250408,2,628.71,33.09,1
7402,1,11,350,20250418,1,226.82,0.0,0
7403,1,55,140,20250420,1,105.95,0.0,0
7404,1,34,514,20250422,1,275.56,68.89,0
7405,1,28,489,20250417,1,297.04,0.0,0
7406,1,2,22,20250418,1,277.38,30.82,0
7407,1,17,191,20250422,1,237.29,41.87,0
7408,1,45,481,20250427,2,220.27,38.87,0
7409,1,40,426,20250411,1,683.3,0.0,0
7410,1,32,162,20250426,1,421.24,46.8,0
7411,1,46,586,20250413,1,185.97,32.82,0
7412,1,53,13,20250409,1,174.37,0.0,0
7413,1,28,488,20250426,1,282.19,14.85,0
7414,1,19,192,20250405,1,404.95,21.31,1
7415,1,27,178,20250416,1,314.68,0.0,0
7416,1,32,561,20250408,1,374.43,93.61,0
7417,1,23,315,20250401,2,529.44,132.36,0
7418,1,49,3,20250419,1,57.12,3.01,0
7419,1,34,274,20250424,1,344.45,0.0,0
7420,1,36,28,20250408,1,597.2,0.0,0
7421,1,2,483,20250406,2,523.94,92.46,0
7422,1,33,57,20250401,1,408.0,72.0,0
7423,1,11,368,20250412,1,215.48,11.34,0
7424,1,49,393,20250413,1,57.12,3.01,0
7425,1,42,482,20250403,1,99.65,0.0,0
7426,1,29,103,20250428,1,435.29,76.81,0
7427,1,8,332,20250425,1,489.92,0.0,0
7428,1,38,477,20250402,1,784.54,0.0,1
7429,1,7,158,20250430,1,261.24,46.1,0
7430,1,14,130,20250423,1,305.89,53.98,0
7431,1,17,282,20250424,2,502.49,55.83,0
7432,1,7,322,20250430,1,307.34,0.0,0
7433,1,55,261,20250414,1,105.95,0.0,0
7434,1,26,18,20250414,1,442.78,49.2,0
7435,1,49,455,20250401,1,60.13,0.0,0
7436,1,5,247,20250409,1,268.05,0.0,0
7437,1,44,556,20250417,2,546.2,0.0,0
7438,1,16,145,20250423,1,334.99,37.22,0
7439,1,52,122,20250428,1,83.46,0.0,0
7440,1,22,448,20250416,1,368.91,158.11,0
7441,1,1,126,20250403,1,209.74,37.01,0
7442,1,51,245,20250417,1,65.69,0.0,0
7443,2,12,293,20250420,2,861.17,45.33,0
7444,2,7,328,20250402,2,491.74,122.94,0
7445,2,14,493,20250423,1,359.87,0.0,1
7446,2,30,113,20250412,1,274.72,0.0,0
7447,2,52,503,20250417,1,79.29,4.17,0
7448,2,37,328,20250402,1,596.94,0.0,0
7449,2,4,306,20250401,1,422.05,0.0,0
7450,2,5,287,20250428,1,268.05,0.0,0
7451,2,18,460,20250411,1,588.62,103.88,0
7452,2,16,198,20250408,1,372.21,0.0,0
7453,2,5,189,20250413,1,227.84,40.21,0
7454,2,26,169,20250416,1,467.38,24.6,0
7455,2,40,1,20250421,1,580.81,102.49,0
7456,2,37,11,20250414,1,596.94,0.0,0
7457,2,55,570,20250420,1,90.06,15.89,0
7458,2,27,321,20250406,2,566.42,62.94,0
7459,2,20,505,20250417,1,280.98,49.59,1
7460,2,12,593,20250411,1,453.25,0.0,0
7461,2,51,97,20250428,1,62.41,3.28,0
7462,2,34,443,20250417,1,344.45,0.0,0
7463,2,14,287,20250407,1,305.89,53.98,0
7464,2,35,588,20250422,1,319.11,56.31,0
7465,2,6,359,20250422,1,412.99,0.0,1
7466,2,8,261,20250418,1,465.42,24.5,0
7467,2,10,357,20250424,1,208.79,36.85,0
7468,2,12,191,20250427,2,725.2,181.3,0
7469,2,35,454,20250415,2,638.21,112.63,0
7470,2,45,193,20250417,1,123.09,6.48,0
7471,2,50,89,20250405,2,352.28,0.0,0
7472,2,56,45,20250429,1,64.73,0.0,0
7473,2,8,328,20250406,2,979.84,0.0,0
7474,2,45,279,20250415,1,123.09,6.48,0
7475,2,25,93,20250421,1,448.08,0.0,1
7476,2,11,19,20250408,1,226.82,0.0,0
7477,2,50,585,20250409,1,149.72,26.42,0
7478,2,2,151,20250406,1,292.79,15.41,0
7479,2,16,78,20250409,1,297.77,74.44,0
7480,2,37,559,20250417,1,567.09,29.85,0
7481,2,44,454,20250424,2,436.96,109.24,0
7482,2,17,299,20250410,2,530.4,27.92,0
7483,2,18,16,20250417,1,623.25,69.25,0
7484,2,28,385,20250428,1,282.19,14.85,0
7485,2,24,557,20250412,1,590.23,104.16,0
7486,2,7,395,20250429,1,276.61,30.73,0
7487,2,43,28,20250424,1,205.37,88.01,0
7488,2,47,304,20250422,1,121.37,0.0,0
7489,2,31,328,20250430,1,444.03,23.37,0
7490,2,56,520,20250420,1,61.49,3.24,0
7491,2,8,137,20250401,1,440.93,48.99,0
7492,2,36,580,20250407,1,597.2,0.0,0
7493,2,13,445,20250408,1,352.91,88.23,0
7494,2,31,558,20250416,1,467.4,0.0,0
7495,2,53,369,20250429,1,174.37,0.0,0
7496,2,8,255,20250405,3,1175.81,293.95,0
7497,2,6,172,20250407,1,412.99,0.0,0
7498,2,25,161,20250426,3,940.97,403.27,0
7499,2,38,408,20250419,1,706.09,78.45,0
7500,2,41,33,20250420,1,149.82,7.88,0
7501,2,26,11,20250415,1,442.78,49.2,0
7502,2,2,301,20250414,1,308.2,0.0,0
7503,2,8,560,20250420,1,416.43,73.49,1
7504,2,15,163,20250429,1,364.61,0.0,0
7505,2,30,433,20250410,1,274.72,0.0,0
7506,2,41,145,20250412,2,315.4,0.0,0
7507,3,24,168,20250425,1,694.39,0.0,0
7508,3,33,104,20250418,1,432.0,48.0,0
7509,3,47,79,20250412,1,121.37,0.0,0
7510,3,24,587,20250417,1,694.39,0.0,0
7511,3,25,564,20250426,1,448.08,0.0,0
7512,3,33,569,20250430,1,480.0,0.0,0
7513,3,33,112,20250419,1,480.0,0.0,0
7514,3,50,495,20250428,1,176.14,0.0,0
7515,3,34,308,20250429,1,292.78,51.67,0
7516,3,3,349,20250411,2,762.93,134.63,0
7517,3,31,90,20250412,1,420.66,46.74,0
7518,3,39,239,20250412,1,575.87,63.99,0
7519,3,21,302,20250417,1,553.88,0.0,1
7520,3,11,66,20250409,2,453.64,0.0,0
7521,3,6,403,20250419,1,412.99,0.0,1
7522,3,23,498,20250421,1,314.36,16.54,0
7523,3,28,281,20250417,1,297.04,0.0,0
7524,3,15,324,20250428,1,346.38,18.23,0
7525,3,9,360,20250407,1,367.6,40.84,0
7526,3,45,158,20250424,1,110.13,19.44,0
7527,3,39,467,20250420,1,575.87,63.99,0
7528,3,5,440,20250403,1,254.65,13.4,0
7529,3,53,484,20250425,2,348.74,0.0,0
7530,3,2,50,20250423,1,308.2,0.0,1
7531,3,31,156,20250430,1,467.4,0.0,0
7532,3,15,566,20250422,1,346.38,18.23,0
7533,3,10,173,20250414,1,221.08,24.56,0
7534,3,10,217,20250423,1,221.08,24.56,0
7535,3,55,525,20250401,1,105.95,0.0,0
7536,3,51,92,20250407,1,65.69,0.0,0
7537,3,18,88,20250416,1,657.88,34.62,1
7538,3,19,579,20250404,1,341.01,85.25,0
7539,3,12,361,20250404,1,453.25,0.0,0
7540,3,8,23,20250414,1,440.93,48.99,0
7541,3,9,509,20250425,1,408.44,0.0,0
7542,3,47,178,20250403,1,115.3,6.07,0
7543,3,27,100,20250403,1,314.68,0.0,0
7544,3,3,292,20250413,1,448.78,0.0,0
7545,3,48,223,20250421,2,293.78,0.0,0
7546,3,3,570,20250429,1,381.46,67.32,0
7547,3,10,140,20250424,1,245.64,0.0,0
7548,3,32,8,20250430,2,889.28,46.8,0
7549,3,13,280,20250409,1,441.14,0.0,0
7550,3,6,396,20250409,1,412.99,0.0,0
7551,3,14,275,20250423,1,341.88,17.99,0
7552,3,44,378,20250410,1,273.1,0.0,0
7553,3,56,140,20250411,1,51.78,12.95,0
7554,3,26,439,20250423,1,442.78,49.2,1
7555,3,1,27,20250414,1,246.75,0.0,0
7556,3,8,293,20250410,1,489.92,0.0,0
7557,3,51,440,20250418,1,65.69,0.0,0
7558,3,12,53,20250404,1,407.92,45.33,0
7559,4,49,515,20250428,1,60.13,0.0,0
7560,4,3,365,20250428,1,448.78,0.0,0
7561,4,25,148,20250406,1,380.87,67.21,0
7562,4,29,161,20250407,1,512.1,0.0,1
7563,4,43,323,20250416,1,234.7,58.68,1
7564,4,3,140,20250403,1,426.34,22.44,0
7565,4,16,539,20250428,1,334.99,37.22,0
7566,4,13,238,20250408,2,882.28,0.0,0
7567,4,45,485,20250406,1,129.57,0.0,0
7568,4,4,356,20250421,1,400.95,21.1,0
7569,4,54,576,20250402,1,141.68,0.0,0
7570,4,27,367,20250426,2,629.36,0.0,0
7571,4,43,47,20250403,1,278.71,14.67,0
7572,4,56,113,20250401,2,129.46,0.0,0
7573,4,42,416,20250404,1,94.67,4.98,0
7574,4,48,22,20250410,1,146.89,0.0,0
7575,4,6,209,20250425,1,412.99,0.0,0
7576,4,43,554,20250409,3,704.11,176.03,0
7577,4,40,189,20250430,1,683.3,0.0,0
7578,4,46,332,20250426,1,175.03,43.76,0
7579,4,21,46,20250426,1,470.8,83.08,0
7580,4,50,238,20250415,1,158.53,17.61,0
7581,4,7,118,20250412,1,245.87,61.47,0
7582,4,51,89,20250421,1,65.69,0.0,0
7583,4,15,279,20250412,1,309.92,54.69,0
7584,4,16,150,20250422,1,372.21,0.0,0
7585,4,50,513,20250428,1,140.91,35.23,0
7586,4,45,396,20250420,1,103.66,25.91,0
7587,4,38,400,20250411,1,784.54,0.0,0
7588,4,10,271,20250414,1,245.64,0.0,0
7589,4,49,120,20250401,1,57.12,3.01,0
7590,4,7,278,20250427,1,307.34,0.0,0
7591,4,6,322,20250408,1,330.39,82.6,0
7592,4,34,339,20250403,1,327.23,17.22,0
7593,4,16,411,20250428,1,372.21,0.0,0
7594,4,25,263,20250419,2,716.93,179.23,0
7595,4,52,51,20250418,1,58.42,25.04,0
7596,4,2,411,20250417,1,308.2,0.0,0
7597,4,28,88,20250420,1,207.93,89.11,0
7598,4,19,244,20250413,1,426.26,0.0,1
7599,4,6,28,20250423,1,392.34,20.65,0
7600,4,53,113,20250421,1,174.37,0.0,0
7601,4,32,334,20250402,1,468.04,0.0,1
7602,4,1,297,20250420,1,246.75,0.0,0
7603,4,14,538,20250419,1,359.87,0.0,0
7604,4,47,579,20250412,1,109.23,12.14,0
7605,4,16,421,20250408,2,744.42,0.0,0
7606,4,26,572,20250417,1,467.38,24.6,0
7607,5,28,224,20250423,1,297.04,0.0,0
7608,5,18,177,20250401,1,692.5,0.0,0
7609,5,10,120,20250411,1,221.08,24.56,0
7610,5,40,559,20250406,1,580.81,102.49,0
7611,5,21,20,20250401,1,553.88,0.0,0
7612,5,11,422,20250402,1,226.82,0.0,0
7613,5,27,309,20250411,1,314.68,0.0,0
7614,5,54,19,20250426,1,141.68,0.0,0
7615,5,5,343,20250428,1,227.84,40.21,0
7616,5,53,384,20250410,1,165.65,8.72,0
7617,5,47,468,20250405,1,115.3,6.07,0
7618,5,44,50,20250427,1,191.17,81.93,0
7619,5,55,263,20250415,1,100.65,5.3,0
7620,5,9,329,20250421,2,816.88,0.0,0
7621,5,32,571,20250416,1,374.43,93.61,0
7622,5,3,449,20250403,1,403.9,44.88,0
7623,5,12,524,20250418,1,407.92,45.33,0
7624,5,43,429,20250402,3,836.13,44.01,0
7625,5,4,473,20250414,1,337.64,84.41,1
7626,5,51,209,20250421,1,65.69,0.0,0
7627,5,47,140,20250405,1,121.37,0.0,0
7628,5,17,565,20250427,1,195.41,83.75,0
7629,5,11,333,20250405,1,181.46,45.36,1
7630,5,52,409,20250428,1,70.94,12.52,0
7631,5,33,382,20250416,1,480.0,0.0,0
7632,5,10,332,20250408,1,245.64,0.0,0
7633,5,24,265,20250428,1,624.95,69.44,0
7634,5,52,353,20250418,1,83.46,0.0,0
7635,5,47,65,20250405,1,97.1,24.27,0
7636,5,20,99,20250413,1,330.57,0.0,0
7637,5,41,86,20250414,1,157.7,0.0,0
7638,5,38,90,20250427,1,784.54,0.0,0
7639,5,6,200,20250429,1,412.99,0.0,0
7640,5,2,312,20250410,1,277.38,30.82,0
7641,5,54,398,20250409,1,120.43,21.25,0
7642,5,31,106,20250430,1,467.4,0.0,0
7643,5,19,492,20250404,1,426.26,0.0,0
7644,5,16,177,20250423,1,372.21,0.0,0
7645,5,49,133,20250407,2,120.26,0.0,0
7646,5,56,223,20250408,1,45.31,19.42,0
7647,5,38,463,20250422,2,1333.72,235.36,0
7648,5,34,166,20250421,1,344.45,0.0,0
7649,5,33,593,20250415,1,336.0,144.0,0
7650,5,39,49,20250407,1,639.86,0.0,0
7651,5,50,252,20250421,1,176.14,0.0,0
7652,5,1,269,20250403,1,246.75,0.0,0
7653,5,6,349,20250413,1,330.39,82.6,0
7654,5,23,22,20250427,1,330.9,0.0,0
7655,5,30,471,20250407,1,247.25,27.47,0
7656,5,36,9,20250425,1,477.76,119.44,0
7657,5,12,23,20250406,1,453.25,0.0,0
7658,5,47,474,20250416,1,109.23,12.14,0
7659,5,46,169,20250416,1,207.85,10.94,0
7660,5,29,303,20250418,1,460.89,51.21,0
7661,5,37,68,20250411,1,567.09,29.85,0
7662,5,21,124,20250403,1,526.19,27.69,0
7663,5,3,587,20250418,1,403.9,44.88,0
7664,5,16,312,20250426,1,334.99,37.22,0
7665,5,15,309,20250417,1,309.92,54.69,0
7666,5,5,96,20250411,1,254.65,13.4,0
7667,5,1,88,20250409,1,246.75,0.0,0
7668,5,11,119,20250409,1,204.14,22.68,0
7669,5,6,151,20250425,1,412.99,0.0,0
7670,5,10,11,20250429,1,245.64,0.0,0
7671,5,24,472,20250427,1,590.23,104.16,0
7672,5,4,491,20250418,1,400.95,21.1,0
7673,5,52,597,20250411,1,70.94,12.52,0
7674,5,27,523,20250407,1,283.21,31.47,0
7675,5,38,545,20250427,1,784.54,0.0,0
7676,5,54,355,20250421,1,141.68,0.0,0
7677,5,37,405,20250404,1,567.09,29.85,0
7678,5,55,403,20250425,1,100.65,5.3,0
7679,5,8,518,20250430,2,979.84,0.0,0
7680,5,5,360,20250427,1,268.05,0.0,0
7681,5,37,36,20250403,1,567.09,29.85,0
7682,5,15,333,20250403,1,364.61,0.0,0
7683,5,9,534,20250410,1,367.6,40.84,0
7684,6,53,55,20250421,1,174.37,0.0,0
7685,6,44,240,20250412,1,259.44,13.66,0
7686,6,51,169,20250401,1,65.69,0.0,0
7687,6,53,450,20250423,2,296.43,52.31,0
7688,6,47,566,20250402,2,242.74,0.0,0
7689,6,23,8,20250406,1,330.9,0.0,0
7690,6,56,595,20250420,1,64.73,0.0,0
7691,6,22,119,20250422,1,500.67,26.35,0
7692,6,6,347,20250405,1,412.99,0.0,0
7693,6,12,228,20250408,1,453.25,0.0,0
7694,6,8,24,20250415,1,391.94,97.98,0
7695,6,29,267,20250407,1,512.1,0.0,0
7696,6,48,328,20250430,1,124.86,22.03,0
7697,6,7,565,20250408,1,245.87,61.47,0
7698,6,14,292,20250427,1,359.87,0.0,0
7699,6,14,56,20250426,2,611.78,107.96,0
7700,6,5,594,20250415,1,254.65,13.4,0
7701,6,47,101,20250405,2,230.6,12.14,0
7702,6,22,543,20250401,2,895.93,158.11,0
7703,6,13,217,20250412,1,441.14,0.0,0
7704,6,50,443,20250424,2,299.44,52.84,0
7705,6,44,509,20250427,1,273.1,0.0,0
7706,6,11,358,20250430,2,453.64,0.0,0
7707,6,5,584,20250402,1,268.05,0.0,0
7708,6,56,49,20250420,1,61.49,3.24,0
7709,6,14,26,20250430,1,287.9,71.97,0
7710,6,13,458,20250424,1,374.97,66.17,0
7711,6,9,107,20250417,1,367.6,40.84,0
7712,6,8,80,20250409,1,465.42,24.5,0
7713,6,39,118,20250411,1,543.88,95.98,0
7714,6,40,408,20250430,1,649.14,34.16,0
7715,6,25,242,20250418,1,425.68,22.4,0
7716,6,5,105,20250408,1,241.24,26.81,0
7717,6,11,479,20250429,1,181.46,45.36,0
7718,6,55,444,20250429,1,90.06,15.89,0
7719,6,16,452,20250411,1,372.21,0.0,0
7720,6,15,243,20250418,1,364.61,0.0,0
7721,6,2,381,20250413,1,308.2,0.0,0
7722,6,2,309,20250429,2,616.4,0.0,0
7723,6,30,209,20250416,1,274.72,0.0,0
7724,6,9,571,20250406,1,408.44,0.0,0
7725,6,10,277,20250417,1,233.36,12.28,0
7726,6,2,465,20250403,1,308.2,0.0,0
7727,6,13,487,20250426,1,441.14,0.0,0
7728,6,21,191,20250419,2,1107.76,0.0,0
7729,7,43,522,20250411,1,264.04,29.34,0
7730,7,33,372,20250401,1,456.0,24.0,0
7731,7,12,183,20250415,1,453.25,0.0,0
7732,7,16,111,20250422,1,372.21,0.0,0
7733,7,13,2,20250421,1,441.14,0.0,0
7734,7,43,242,20250416,1,293.38,0.0,0
7735,7,8,247,20250423,2,930.85,48.99,0
7736,7,45,451,20250407,1,129.57,0.0,0
7737,7,41,206,20250412,1,149.82,7.88,0
7738,7,38,142,20250417,1,666.86,117.68,0
7739,7,9,430,20250418,2,816.88,0.0,0
7740,7,7,304,20250423,1,245.87,61.47,0
7741,7,37,294,20250404,1,567.09,29.85,1
7742,7,14,411,20250415,1,341.88,17.99,0
7743,7,39,133,20250429,1,607.87,31.99,0
7744,7,35,177,20250408,1,337.88,37.54,1
7745,7,17,143,20250420,1,265.2,13.96,0
7746,7,14,153,20250421,1,359.87,0.0,0
7747,7,50,22,20250406,1,167.33,8.81,0
7748,7,46,179,20250407,1,185.97,32.82,0
7749,7,52,142,20250423,1,83.46,0.0,0
7750,7,7,84,20250409,1,291.97,15.37,0
7751,7,45,169,20250409,1,116.61,12.96,0
7752,7,36,436,20250407,1,567.34,29.86,0
7753,7,47,47,20250425,1,115.3,6.07,0
7754,7,39,246,20250417,1,511.89,127.97,0
7755,7,14,267,20250421,1,323.88,35.99,0
7756,7,37,53,20250412,1,596.94,0.0,0
7757,7,16,180,20250428,1,334.99,37.22,0
7758,7,16,374,20250422,1,372.21,0.0,0
7759,7,4,228,20250421,1,422.05,0.0,0
7760,7,33,564,20250405,1,480.0,0.0,0
7761,7,8,391,20250408,1,391.94,97.98,0
7762,7,46,96,20250416,1,218.79,0.0,0
7763,7,38,228,20250424,1,784.54,0.0,0
7764,7,9,299,20250417,1,388.02,20.42,0
7765,7,38,470,20250426,1,706.09,78.45,0
7766,7,43,158,20250413,1,264.04,29.34,0
7767,7,33,554,20250424,1,432.0,48.0,0
7768,7,46,466,20250402,1,218.79,0.0,0
7769,7,24,56,20250411,1,555.51,138.88,0
7770,7,17,341,20250403,1,279.16,0.0,0
7771,7,24,45,20250423,2,1319.34,69.44,0
7772,7,21,521,20250429,2,1107.76,0.0,0
7773,7,56,504,20250419,2,116.51,12.95,0
7774,7,49,590,20250417,1,51.11,9.02,0
7775,7,1,310,20250428,2,493.5,0.0,0
7776,7,56,321,20250404,1,64.73,0.0,0
7777,7,36,236,20250426,1,597.2,0.0,0
7778,7,49,256,20250417,1,60.13,0.0,0
7779,7,34,30,20250415,1,310.0,34.45,0
7780,7,42,579,20250426,1,94.67,4.98,0
7781,7,56,137,20250428,1,58.26,6.47,0
7782,7,41,589,20250428,1,157.7,0.0,0
7783,7,28,183,20250428,2,594.08,0.0,1
7784,7,15,42,20250401,1,346.38,18.23,0
7785,7,10,264,20250425,1,233.36,12.28,0
7786,7,17,551,20250418,1,279.16,0.0,0
7787,7,21,559,20250424,1,553.88,0.0,1
7788,7,2,180,20250412,1,277.38,30.82,0
7789,7,16,48,20250411,1,334.99,37.22,0
7790,8,30,135,20250417,1,274.72,0.0,0
7791,8,40,382,20250406,2,1093.28,273.32,0
7792,8,6,151,20250406,1,412.99,0.0,0
7793,8,2,396,20250408,1,308.2,0.0,0
7794,8,52,375,20250413,1,83.46,0.0,0
7795,8,27,522,20250426,1,298.95,15.73,0
7796,8,9,404,20250423,1,367.6,40.84,0
7797,8,40,391,20250430,1,614.97,68.33,1
7798,8,29,517,20250426,1,486.49,25.61,0
7799,8,5,129,20250416,1,268.05,0.0,0
7800,8,8,334,20250419,1,489.92,0.0,0
7801,8,41,88,20250408,2,220.78,94.62,0
7802,8,1,120,20250426,1,222.07,24.68,0
7803,8,27,73,20250427,1,314.68,0.0,0
7804,8,25,528,20250419,1,448.08,0.0,0
7805,8,28,265,20250403,1,297.04,0.0,0
7806,8,14,291,20250421,1,323.88,35.99,0
7807,8,16,179,20250425,2,744.42,0.0,0
7808,8,16,78,20250410,1,334.99,37.22,0
7809,8,15,592,20250415,2,692.76,36.46,0
7810,8,9,440,20250424,1,408.44,0.0,0
7811,8,51,135,20250420,1,65.69,0.0,0
7812,8,52,506,20250411,2,158.57,8.35,0
7813,8,2,85,20250419,1,215.74,92.46,0
7814,8,52,569,20250406,1,66.77,16.69,0
7815,8,16,176,20250404,1,372.21,0.0,0
7816,8,34,520,20250406,1,344.45,0.0,0
7817,8,12,513,20250428,1,453.25,0.0,0
7818,8,2,60,20250409,2,616.4,0.0,0
7819,8,11,513,20250402,1,158.77,68.05,0
7820,8,35,429,20250425,1,300.34,75.08,0
7821,8,56,502,20250414,1,64.73,0.0,0
7822,8,29,487,20250406,1,486.49,25.61,0
7823,8,8,265,20250412,1,391.94,97.98,0
7824,8,2,103,20250417,1,277.38,30.82,0
7825,8,14,279,20250418,1,359.87,0.0,0
7826,8,38,584,20250420,1,745.31,39.23,0
7827,8,7,596,20250409,1,276.61,30.73,0
7828,8,13,473,20250428,1,374.97,66.17,1
7829,8,48,169,20250412,1,102.82,44.07,0
7830,8,46,49,20250405,1,196.91,21.88,0
7831,8,54,161,20250405,1,113.34,28.34,0
7832,1,5,375,20250516,2,482.49,53.61,0
7833,1,9,559,20250530,1,408.44,0.0,0
7834,1,15,385,20250505,1,364.61,0.0,0
7835,1,36,83,20250515,1,477.76,119.44,0
7836,1,9,307,20250514,1,408.44,0.0,0
7837,1,25,115,20250501,1,425.68,22.4,0
7838,1,17,365,20250516,1,279.16,0.0,0
7839,1,11,392,20250510,1,181.46,45.36,0
7840,1,6,278,20250511,1,412.99,0.0,0
7841,1,3,35,20250519,1,381.46,67.32,0
7842,1,4,500,20250523,2,675.28,168.82,0
7843,1,15,48,20250525,1,346.38,18.23,0
7844,1,31,270,20250512,2,888.06,46.74,0
7845,1,10,165,20250508,1,233.36,12.28,0
7846,1,50,270,20250514,2,352.28,0.0,0
7847,1,18,407,20250511,1,692.5,0.0,0
7848,1,47,499,20250504,1,115.3,6.07,0
7849,1,54,489,20250512,1,134.6,7.08,0
7850,1,50,415,20250518,1,176.14,0.0,0
7851,1,8,186,20250511,1,489.92,0.0,0
7852,1,24,473,20250503,3,1874.85,208.32,0
7853,1,56,351,20250510,1,64.73,0.0,0
7854,1,12,291,20250524,1,385.26,67.99,0
7855,1,52,316,20250525,2,141.88,25.04,0
7856,1,50,485,20250503,1,176.14,0.0,0
7857,1,2,393,20250515,2,616.4,0.0,0
7858,1,18,154,20250506,1,588.62,103.88,0
7859,1,6,285,20250501,1,412.99,0.0,0
7860,1,39,317,20250530,1,447.9,191.96,0
7861,1,43,552,20250519,1,293.38,0.0,0
7862,1,28,270,20250507,1,297.04,0.0,0
7863,1,11,592,20250519,1,226.82,0.0,0
7864,1,3,440,20250522,1,359.02,89.76,0
7865,1,13,90,20250514,1,441.14,0.0,0
7866,1,25,41,20250502,1,425.68,22.4,0
7867,1,11,478,20250501,1,226.82,0.0,0
7868,1,7,595,20250518,1,307.34,0.0,0
7869,1,3,354,20250529,2,807.8,89.76,0
7870,1,5,88,20250501,2,536.1,0.0,0
7871,1,2,336,20250505,1,308.2,0.0,0
7872,1,51,405,20250519,2,131.38,0.0,0
7873,1,18,195,20250524,1,692.5,0.0,0
7874,1,26,46,20250507,1,491.98,0.0,0
7875,1,21,573,20250504,1,553.88,0.0,0
7876,1,10,208,20250530,1,245.64,0.0,0
7877,1,52,232,20250504,1,70.94,12.52,0
7878,1,31,31,20250509,1,397.29,70.11,0
7879,1,44,287,20250527,1,273.1,0.0,0
7880,1,39,192,20250518,1,607.87,31.99,0
7881,1,56,134,20250530,1,55.02,9.71,0
7882,1,25,424,20250515,1,425.68,22.4,0
7883,1,54,70,20250507,2,255.02,28.34,0
7884,1,2,357,20250505,1,277.38,30.82,0
7885,1,14,587,20250505,1,359.87,0.0,1
7886,1,16,297,20250513,1,316.38,55.83,0
7887,1,10,5,20250509,1,245.64,0.0,0
7888,1,4,463,20250505,1,379.84,42.21,1
7889,1,15,145,20250503,1,364.61,0.0,0
7890,1,49,483,20250531,1,60.13,0.0,0
7891,1,1,322,20250512,2,468.82,24.68,0
7892,1,6,146,20250510,1,330.39,82.6,0
7893,1,1,291,20250506,2,444.15,49.35,0
7894,1,2,220,20250526,1,246.56,61.64,0
7895,1,36,588,20250520,1,507.62,89.58,0
7896,1,1,505,20250527,1,246.75,0.0,0
7897,1,38,193,20250505,1,627.63,156.91,0
7898,1,30,56,20250531,1,233.51,41.21,0
7899,1,17,458,20250510,1,265.2,13.96,0
7900,1,4,162,20250513,2,844.1,0.0,0
7901,1,45,405,20250515,1,129.57,0.0,0
7902,1,43,312,20250525,1,293.38,0.0,0
7903,1,12,238,20250517,2,815.85,90.65,0
7904,1,5,373,20250528,2,536.1,0.0,0
7905,1,41,335,20250530,1,157.7,0.0,0
7906,1,10,599,20250524,1,221.08,24.56,0
7907,1,1,283,20250516,1,246.75,0.0,0
7908,1,12,55,20250525,1,407.92,45.33,0
7909,1,28,419,20250527,1,297.04,0.0,0
7910,1,8,540,20250523,2,979.84,0.0,0
7911,1,13,451,20250513,1,441.14,0.0,0
7912,1,32,301,20250513,1,421.24,46.8,0
7913,1,51,216,20250510,1,65.69,0.0,0
7914,1,43,287,20250505,1,249.37,44.01,0
7915,1,43,364,20250505,1,293.38,0.0,0
7916,1,2,295,20250506,2,585.58,30.82,0
7917,1,36,226,20250506,1,567.34,29.86,0
7918,1,1,219,20250504,1,246.75,0.0,0
7919,1,4,360,20250513,3,1012.92,253.23,0
7920,1,16,480,20250507,1,372.21,0.0,0
7921,1,17,550,20250521,2,502.49,55.83,0
7922,1,32,398,20250512,2,936.08,0.0,0
7923,1,50,502,20250528,1,158.53,17.61,0
7924,2,36,541,20250508,1,537.48,59.72,0
7925,2,5,320,20250530,1,241.24,26.81,0
7926,2,44,22,20250521,1,259.44,13.66,0
7927,2,14,362,20250515,1,359.87,0.0,0
7928,2,41,559,20250512,1,157.7,0.0,0
7929,2,31,107,20250504,1,444.03,23.37,0
7930,2,9,130,20250503,1,408.44,0.0,0
7931,2,17,520,20250519,1,251.24,27.92,0
7932,2,38,191,20250507,1,784.54,0.0,0
7933,2,22,414,20250502,1,368.91,158.11,0
7934,2,48,342,20250520,1,146.89,0.0,0
7935,2,7,69,20250525,2,553.21,61.47,0
7936,2,45,135,20250520,1,129.57,0.0,0
7937,2,16,486,20250522,1,372.21,0.0,0
7938,2,14,124,20250526,2,719.74,0.0,0
7939,2,1,578,20250531,1,246.75,0.0,0
7940,2,41,210,20250525,1,141.93,15.77,0
7941,2,3,287,20250529,1,448.78,0.0,0
7942,2,52,396,20250527,1,83.46,0.0,0
7943,2,56,507,20250525,2,116.51,12.95,0
7944,2,52,303,20250518,1,75.11,8.35,0
7945,2,26,368,20250512,1,491.98,0.0,0
7946,2,49,263,20250510,2,114.25,6.01,0
7947,2,6,285,20250527,1,351.04,61.95,0
7948,2,7,570,20250523,1,261.24,46.1,0
7949,2,35,114,20250527,1,375.42,0.0,0
7950,2,6,289,20250507,2,660.78,165.2,0
7951,2,40,452,20250518,1,614.97,68.33,0
7952,2,29,284,20250525,1,512.1,0.0,0
7953,2,25,388,20250511,1,448.08,0.0,0
7954,2,2,497,20250522,1,308.2,0.0,0
7955,2,16,291,20250505,1,334.99,37.22,0
7956,2,54,40,20250509,2,283.36,0.0,0
7957,2,21,571,20250513,1,553.88,0.0,0
7958,2,4,502,20250507,1,422.05,0.0,0
7959,2,5,355,20250504,1,268.05,0.0,0
7960,2,4,265,20250509,1,422.05,0.0,0
7961,2,43,522,20250519,2,410.73,176.03,0
7962,2,52,227,20250527,1,66.77,16.69,0
7963,2,3,594,20250511,1,448.78,0.0,0
7964,2,5,10,20250501,1,268.05,0.0,0
7965,2,32,144,20250511,2,842.47,93.61,0
7966,2,2,47,20250506,1,261.97,46.23,0
7967,2,33,137,20250502,1,480.0,0.0,0
7968,2,49,216,20250531,1,54.12,6.01,0
7969,2,12,100,20250518,1,453.25,0.0,1
7970,2,39,580,20250511,1,639.86,0.0,0
7971,2,36,312,20250509,1,597.2,0.0,0
7972,2,8,117,20250520,1,416.43,73.49,0
7973,2,13,166,20250527,1,441.14,0.0,0
7974,2,24,160,20250520,1,590.23,104.16,0
7975,2,15,250,20250518,1,291.69,72.92,0
7976,2,9,116,20250527,1,408.44,0.0,0
7977,2,29,365,20250513,1,486.49,25.61,1
7978,2,50,33,20250522,1,158.53,17.61,0
7979,2,46,98,20250531,1,153.15,65.64,0
7980,2,55,281,20250506,1,95.35,10.6,0
7981,2,56,526,20250520,1,64.73,0.0,0
7982,2,14,310,20250508,1,305.89,53.98,0
7983,2,31,158,20250522,1,467.4,0.0,0
7984,2,36,499,20250505,1,567.34,29.86,0
7985,2,7,444,20250513,1,215.14,92.2,0
7986,2,4,320,20250503,1,337.64,84.41,0
7987,2,23,154,20250513,1,297.81,33.09,0
7988,2,34,485,20250512,1,310.0,34.45,0
7989,2,14,532,20250531,1,323.88,35.99,0
7990,2,10,459,20250530,1,221.08,24.56,0
7991,2,13,539,20250523,1,441.14,0.0,0
7992,2,19,100,20250530,1,426.26,0.0,0
7993,2,29,404,20250513,1,460.89,51.21,0
7994,3,40,586,20250531,1,614.97,68.33,0
7995,3,37,80,20250518,2,1193.88,0.0,0
7996,3,5,327,20250519,1,241.24,26.81,0
7997,3,42,319,20250522,2,199.3,0.0,0
7998,3,8,172,20250505,1,489.92,0.0,0
7999,3,6,224,20250527,1,351.04,61.95,0
8000,3,18,283,20250521,1,692.5,0.0,0
8001,3,50,184,20250508,1,176.14,0.0,0
8002,3,18,368,20250509,2,1108.0,277.0,0
8003,3,40,103,20250509,2,1366.6,0.0,0
8004,3,10,55,20250521,1,245.64,0.0,0
8005,3,51,19,20250509,1,65.69,0.0,0
8006,3,9,541,20250507,1,408.44,0.0,0
8007,3,14,515,20250506,1,341.88,17.99,0
8008,3,18,531,20250530,1,588.62,103.88,0
8009,3,50,584,20250523,3,528.42,0.0,0
8010,3,4,475,20250513,1,422.05,0.0,0
8011,3,11,391,20250505,1,204.14,22.68,0
8012,3,8,443,20250503,1,489.92,0.0,0
8013,3,45,505,20250506,1,129.57,0.0,0
8014,3,1,385,20250531,1,246.75,0.0,0
8015,3,28,361,20250519,3,757.45,133.67,0
8016,3,34,424,20250513,1,344.45,0.0,0
8017,3,56,315,20250515,1,64.73,0.0,0
8018,3,22,401,20250520,1,500.67,26.35,1
8019,3,4,555,20250530,1,379.84,42.21,0
8020,3,55,293,20250530,3,286.06,31.79,0
8021,3,44,538,20250505,2,518.89,27.31,0
8022,3,40,552,20250501,1,683.3,0.0,0
8023,3,32,151,20250529,1,468.04,0.0,0
8024,3,15,400,20250502,1,364.61,0.0,0
8025,3,36,117,20250508,1,418.04,179.16,0
8026,3,51,216,20250507,1,55.84,9.85,0
8027,3,5,504,20250528,2,536.1,0.0,0
8028,3,35,577,20250520,2,750.84,0.0,0
8029,3,36,179,20250531,1,597.2,0.0,0
8030,3,16,223,20250508,1,353.6,18.61,0
8031,3,32,184,20250524,1,468.04,0.0,1
8032,3,3,215,20250520,1,381.46,67.32,0
8033,3,5,8,20250515,1,254.65,13.4,0
8034,3,30,304,20250522,1,247.25,27.47,0
8035,3,34,202,20250520,3,981.68,51.67,0
8036,3,55,152,20250528,1,100.65,5.3,0
8037,3,20,224,20250525,1,314.04,16.53,0
8038,3,12,204,20250531,1,362.6,90.65,0
8039,3,34,424,20250531,1,275.56,68.89,0
8040,3,30,328,20250503,2,549.44,0.0,0
8041,3,2,296,20250518,1,308.2,0.0,0
8042,3,51,503,20250522,1,65.69,0.0,0
8043,3,30,151,20250524,1,260.98,13.74,0
8044,3,1,77,20250502,3,703.24,37.01,0
8045,3,3,510,20250530,1,403.9,44.88,0
8046,3,56,317,20250510,1,55.02,9.71,0
8047,3,4,348,20250509,1,337.64,84.41,0
8048,3,19,508,20250508,1,383.63,42.63,0
8049,3,13,598,20250517,1,419.08,22.06,0
8050,3,28,71,20250505,1,282.19,14.85,0
8051,3,41,592,20250520,1,157.7,0.0,0
8052,3,44,157,20250523,2,436.96,109.24,1
8053,3,14,109,20250528,1,341.88,17.99,0
8054,3,51,68,20250502,1,62.41,3.28,0
8055,3,32,425,20250531,1,397.83,70.21,0
8056,3,39,428,20250503,1,639.86,0.0,0
8057,3,33,560,20250505,1,432.0,48.0,0
8058,3,2,30,20250521,1,246.56,61.64,1
8059,3,35,49,20250517,1,356.65,18.77,0
8060,3,10,333,20250513,1,233.36,12.28,0
8061,4,3,44,20250529,2,762.93,134.63,0
8062,4,31,578,20250510,2,794.58,140.22,0
8063,4,9,343,20250501,1,367.6,40.84,0
8064,4,56,51,20250522,1,64.73,0.0,0
8065,4,12,573,20250525,1,385.26,67.99,0
8066,4,46,535,20250518,2,437.58,0.0,0
8067,4,10,56,20250528,1,221.08,24.56,0
8068,4,2,29,20250528,1,292.79,15.41,0
8069,4,12,25,20250505,1,453.25,0.0,0
8070,4,5,379,20250514,1,241.24,26.81,0
8071,4,52,271,20250516,1,58.42,25.04,0
8072,4,21,312,20250504,1,470.8,83.08,0
8073,4,51,464,20250519,1,55.84,9.85,0
8074,4,15,237,20250524,1,328.15,36.46,0
8075,4,9,348,20250502,1,347.17,61.27,0
8076,4,42,352,20250518,1,94.67,4.98,0
8077,4,47,549,20250501,1,121.37,0.0,0
8078,4,5,258,20250522,1,214.44,53.61,0
8079,4,12,210,20250525,1,453.25,0.0,0
8080,4,30,61,20250523,1,247.25,27.47,0
8081,4,3,558,20250528,1,426.34,22.44,0
8082,4,16,157,20250523,2,669.98,74.44,0
8083,4,26,287,20250515,1,491.98,0.0,0
8084,4,12,262,20250513,1,385.26,67.99,0
8085,4,3,465,20250514,1,403.9,44.88,1
8086,4,52,78,20250519,1,83.46,0.0,0
8087,4,39,226,20250526,1,639.86,0.0,1
8088,4,8,579,20250525,1,489.92,0.0,0
8089,4,10,476,20250514,1,245.64,0.0,0
8090,4,52,560,20250528,1,58.42,25.04,0
8091,4,3,49,20250513,2,897.56,0.0,0
8092,4,4,86,20250502,1,379.84,42.21,0
8093,4,9,274,20250518,1,408.44,0.0,0
8094,4,56,530,20250501,1,58.26,6.47,0
8095,4,11,39,20250524,2,453.64,0.0,0
8096,4,47,143,20250523,1,121.37,0.0,0
8097,4,29,286,20250528,1,460.89,51.21,0
8098,4,16,427,20250529,1,297.77,74.44,0
8099,4,44,355,20250520,1,232.13,40.97,0
8100,4,46,364,20250512,1,207.85,10.94,0
8101,4,36,569,20250528,1,597.2,0.0,0
8102,4,11,226,20250504,1,215.48,11.34,0
8103,4,36,147,20250508,1,597.2,0.0,0
8104,4,1,8,20250520,1,246.75,0.0,0
8105,4,26,383,20250508,1,491.98,0.0,0
8106,4,23,259,20250519,1,281.27,49.63,0
8107,4,13,268,20250517,1,441.14,0.0,0
8108,4,40,528,20250530,2,1093.28,273.32,1
8109,4,51,404,20250505,1,62.41,3.28,0
8110,4,16,528,20250503,1,353.6,18.61,0
8111,4,41,497,20250518,1,134.05,23.65,0
8112,5,11,425,20250512,1,226.82,0.0,0
8113,5,48,205,20250507,1,146.89,0.0,0
8114,5,11,268,20250517,1,215.48,11.34,0
8115,5,43,389,20250508,1,264.04,29.34,1
8116,5,14,52,20250512,1,359.87,0.0,0
8117,5,12,287,20250506,1,430.59,22.66,0
8118,5,25,260,20250524,1,403.27,44.81,0
8119,5,35,273,20250508,1,356.65,18.77,0
8120,5,29,68,20250529,1,486.49,25.61,0
8121,5,11,74,20250524,1,226.82,0.0,0
8122,5,15,194,20250524,1,364.61,0.0,0
8123,5,40,356,20250526,1,580.81,102.49,0
8124,5,47,272,20250525,1,109.23,12.14,0
8125,5,46,572,20250504,1,207.85,10.94,0
8126,5,37,194,20250502,1,596.94,0.0,0
8127,5,47,108,20250520,1,115.3,6.07,0
8128,5,9,459,20250521,1,347.17,61.27,0
8129,5,16,596,20250509,1,372.21,0.0,0
8130,5,43,195,20250521,3,880.14,0.0,0
8131,5,20,237,20250508,1,280.98,49.59,0
8132,5,2,60,20250516,1,308.2,0.0,0
8133,5,52,553,20250520,1,83.46,0.0,0
8134,5,52,368,20250530,1,83.46,0.0,0
8135,5,16,205,20250523,1,372.21,0.0,0
8136,5,20,533,20250513,1,330.57,0.0,0
8137,5,11,287,20250508,2,430.96,22.68,0
8138,5,4,401,20250525,1,379.84,42.21,0
8139,5,20,345,20250509,1,314.04,16.53,0
8140,5,18,427,20250528,1,692.5,0.0,0
8141,5,48,162,20250505,1,117.51,29.38,0
8142,5,24,95,20250530,1,694.39,0.0,1
8143,5,20,469,20250514,1,330.57,0.0,0
8144,5,48,306,20250521,3,418.64,22.03,0
8145,5,19,230,20250509,1,426.26,0.0,0
8146,5,23,446,20250531,1,264.72,66.18,0
8147,5,19,52,20250505,1,426.26,0.0,0
8148,5,17,178,20250525,1,265.2,13.96,0
8149,5,34,374,20250507,1,327.23,17.22,0
8150,5,19,106,20250528,1,404.95,21.31,0
8151,5,23,449,20250524,1,281.27,49.63,0
8152,5,10,474,20250508,2,491.28,0.0,0
8153,5,15,302,20250507,1,309.92,54.69,1
8154,5,29,168,20250515,1,460.89,51.21,0
8155,5,15,398,20250519,1,291.69,72.92,0
8156,5,19,42,20250528,2,767.27,85.25,0
8157,5,19,238,20250518,1,404.95,21.31,0
8158,5,47,237,20250521,1,115.3,6.07,0
8159,5,12,12,20250520,2,906.5,0.0,0
8160,5,48,573,20250501,1,146.89,0.0,1
8161,5,4,53,20250509,2,844.1,0.0,0
8162,5,6,5,20250504,2,702.08,123.9,0
8163,5,56,595,20250526,1,45.31,19.42,0
8164,5,31,71,20250522,1,444.03,23.37,0
8165,5,17,575,20250514,2,530.4,27.92,1
8166,5,3,86,20250501,1,448.78,0.0,0
8167,5,18,408,20250523,1,588.62,103.88,0
8168,5,55,224,20250514,1,100.65,5.3,1
8169,5,44,535,20250518,1,259.44,13.66,0
8170,5,2,467,20250509,1,308.2,0.0,0
8171,5,46,455,20250513,1,153.15,65.64,0
8172,5,45,468,20250507,2,233.23,25.91,0
8173,5,38,137,20250501,1,784.54,0.0,0
8174,5,15,423,20250514,1,309.92,54.69,0
8175,5,37,80,20250515,2,1193.88,0.0,0
8176,5,17,48,20250523,1,237.29,41.87,0
8177,5,56,48,20250501,1,61.49,3.24,0
8178,5,1,441,20250502,1,197.4,49.35,0
8179,6,44,186,20250510,1,273.1,0.0,0
8180,6,5,412,20250505,1,187.63,80.42,0
8181,6,26,370,20250506,1,418.18,73.8,1
8182,6,49,583,20250509,1,60.13,0.0,0
8183,6,21,456,20250526,1,553.88,0.0,0
8184,6,23,332,20250525,1,314.36,16.54,0
8185,6,43,494,20250501,1,278.71,14.67,0
8186,6,40,197,20250512,1,546.64,136.66,0
8187,6,53,307,20250523,1,148.21,26.16,0
8188,6,46,41,20250508,2,415.7,21.88,0
8189,6,33,117,20250520,1,456.0,24.0,0
8190,6,28,311,20250518,1,282.19,14.85,0
8191,6,2,435,20250519,1,308.2,0.0,0
8192,6,49,541,20250518,2,120.26,0.0,0
8193,6,25,472,20250515,1,448.08,0.0,0
8194,6,41,512,20250526,1,126.16,31.54,0
8195,6,6,592,20250511,1,371.69,41.3,0
8196,6,33,506,20250515,1,432.0,48.0,0
8197,6,9,199,20250507,2,816.88,0.0,0
8198,6,39,320,20250506,1,575.87,63.99,0
8199,6,9,145,20250521,1,367.6,40.84,0
8200,6,7,195,20250530,1,307.34,0.0,0
8201,6,16,172,20250531,1,353.6,18.61,0
8202,6,5,499,20250529,1,268.05,0.0,0
8203,6,6,430,20250508,1,392.34,20.65,0
8204,6,20,119,20250503,2,661.14,0.0,0
8205,6,27,409,20250524,1,298.95,15.73,0
8206,6,17,39,20250504,1,251.24,27.92,0
8207,6,47,160,20250502,1,121.37,0.0,0
8208,6,9,338,20250516,1,347.17,61.27,0
8209,6,3,106,20250509,1,403.9,44.88,1
8210,6,46,593,20250526,2,350.06,87.52,0
8211,6,4,230,20250505,1,422.05,0.0,0
8212,6,41,222,20250507,1,157.7,0.0,0
8213,6,55,199,20250521,2,201.3,10.6,0
8214,6,24,588,20250502,1,694.39,0.0,0
8215,6,48,344,20250512,1,102.82,44.07,0
8216,6,32,41,20250511,1,468.04,0.0,0
8217,6,56,304,20250521,1,64.73,0.0,0
8218,6,55,98,20250518,1,105.95,0.0,0
8219,6,25,357,20250505,3,1075.39,268.85,0
8220,6,11,340,20250530,2,453.64,0.0,0
8221,6,2,567,20250507,1,261.97,46.23,0
8222,6,16,134,20250522,1,372.21,0.0,0
8223,6,2,333,20250520,1,308.2,0.0,0
8224,6,8,297,20250521,1,489.92,0.0,0
8225,6,14,527,20250531,1,341.88,17.99,0
8226,6,41,562,20250528,1,157.7,0.0,0
8227,6,29,312,20250516,1,435.29,76.81,0
8228,6,9,36,20250525,1,408.44,0.0,0
8229,6,37,580,20250519,1,537.25,59.69,0
8230,6,25,477,20250517,1,448.08,0.0,0
8231,6,2,226,20250516,1,308.2,0.0,0
8232,6,15,145,20250507,1,346.38,18.23,0
8233,6,19,148,20250519,1,404.95,21.31,0
8234,6,48,383,20250530,1,146.89,0.0,0
8235,6,51,267,20250508,1,62.41,3.28,0
8236,6,33,282,20250525,1,480.0,0.0,0
8237,6,3,334,20250506,1,448.78,0.0,0
8238,6,37,150,20250510,1,567.09,29.85,0
8239,6,15,399,20250522,1,364.61,0.0,0
8240,6,25,595,20250527,1,448.08,0.0,0
8241,6,36,98,20250528,1,567.34,29.86,0
8242,6,15,59,20250523,1,364.61,0.0,0
8243,6,3,311,20250510,2,807.8,89.76,1
8244,6,3,211,20250530,1,426.34,22.44,0
8245,6,37,34,20250529,1,596.94,0.0,0
8246,6,1,446,20250503,1,246.75,0.0,0
8247,6,47,514,20250518,1,121.37,0.0,0
8248,6,39,583,20250525,1,575.87,63.99,0
8249,6,26,597,20250510,1,418.18,73.8,0
8250,6,25,35,20250529,1,425.68,22.4,0
8251,6,47,59,20250503,1,115.3,6.07,0
8252,6,27,133,20250526,1,267.48,47.2,0
8253,6,48,398,20250509,1,146.89,0.0,0
8254,6,1,145,20250509,1,234.41,12.34,0
8255,6,12,313,20250525,1,385.26,67.99,0
8256,6,40,262,20250523,1,683.3,0.0,0
8257,7,3,6,20250523,1,448.78,0.0,0
8258,7,23,367,20250530,1,297.81,33.09,0
8259,7,27,376,20250513,2,629.36,0.0,0
8260,7,38,440,20250524,1,784.54,0.0,0
8261,7,28,73,20250524,1,297.04,0.0,0
8262,7,41,454,20250505,1,134.05,23.65,0
8263,7,17,273,20250509,1,279.16,0.0,0
8264,7,15,405,20250504,1,364.61,0.0,0
8265,7,13,165,20250502,1,374.97,66.17,1
8266,7,23,366,20250510,2,463.26,198.54,1
8267,7,34,542,20250525,1,327.23,17.22,0
8268,7,24,230,20250507,1,590.23,104.16,0
8269,7,24,181,20250516,2,1388.78,0.0,0
8270,7,16,552,20250529,1,334.99,37.22,0
8271,7,23,517,20250522,1,264.72,66.18,0
8272,7,18,567,20250505,1,588.62,103.88,0
8273,7,21,597,20250515,1,470.8,83.08,0
8274,7,33,470,20250510,1,456.0,24.0,0
8275,7,18,436,20250512,1,692.5,0.0,1
8276,7,44,516,20250516,1,232.13,40.97,0
8277,7,10,77,20250531,1,208.79,36.85,0
8278,7,54,549,20250531,2,269.19,14.17,0
8279,7,22,114,20250524,1,527.02,0.0,0
8280,7,41,307,20250512,1,149.82,7.88,0
8281,7,41,142,20250515,1,126.16,31.54,0
8282,7,3,32,20250530,1,448.78,0.0,0
8283,7,12,554,20250513,1,453.25,0.0,0
8284,7,15,232,20250519,1,291.69,72.92,0
8285,7,34,559,20250512,1,241.12,103.33,0
8286,7,31,373,20250526,1,444.03,23.37,0
8287,7,9,324,20250505,1,408.44,0.0,0
8288,7,1,13,20250526,1,222.07,24.68,0
8289,7,25,217,20250512,1,425.68,22.4,0
8290,7,34,167,20250519,1,327.23,17.22,0
8291,7,56,400,20250505,1,64.73,0.0,0
8292,7,49,187,20250513,1,57.12,3.01,0
8293,7,42,359,20250517,1,94.67,4.98,0
8294,7,18,375,20250529,1,657.88,34.62,0
8295,7,36,71,20250509,2,1015.24,179.16,0
8296,7,12,313,20250511,1,453.25,0.0,0
8297,7,29,302,20250510,1,512.1,0.0,1
8298,7,8,406,20250521,1,440.93,48.99,0
8299,7,34,576,20250514,1,344.45,0.0,0
8300,7,7,59,20250521,2,583.95,30.73,0
8301,7,24,78,20250512,1,694.39,0.0,0
8302,7,51,292,20250516,1,62.41,3.28,0
8303,7,28,30,20250524,1,297.04,0.0,0
8304,7,24,509,20250505,1,624.95,69.44,0
8305,7,7,382,20250507,1,261.24,46.1,0
8306,7,43,401,20250526,1,293.38,0.0,0
8307,7,29,311,20250511,1,486.49,25.61,0
8308,7,9,311,20250527,1,347.17,61.27,0
8309,7,22,466,20250512,3,1264.85,316.21,0
8310,7,26,481,20250507,1,491.98,0.0,0
8311,7,2,22,20250521,1,308.2,0.0,0
8312,7,52,413,20250505,1,75.11,8.35,0
8313,7,26,512,20250507,1,442.78,49.2,0
8314,7,56,376,20250507,1,61.49,3.24,0
8315,7,53,83,20250519,3,496.95,26.16,0
8316,7,54,111,20250522,2,283.36,0.0,0
8317,7,32,498,20250521,1,397.83,70.21,0
8318,7,20,423,20250511,1,330.57,0.0,0
8319,7,1,187,20250502,1,209.74,37.01,0
8320,7,31,517,20250514,2,934.8,0.0,0
8321,7,44,213,20250523,1,232.13,40.97,0
8322,7,7,596,20250516,1,307.34,0.0,0
8323,7,51,460,20250517,2,131.38,0.0,0
8324,7,18,309,20250506,3,1662.0,415.5,0
8325,7,33,217,20250524,1,456.0,24.0,0
8326,7,37,392,20250531,1,596.94,0.0,0
8327,7,24,403,20250509,1,694.39,0.0,1
8328,7,54,384,20250512,2,283.36,0.0,0
8329,7,39,154,20250516,1,543.88,95.98,0
8330,8,41,490,20250505,1,157.7,0.0,0
8331,8,18,520,20250521,1,692.5,0.0,1
8332,8,52,388,20250522,2,133.54,33.38,1
8333,8,56,29,20250524,1,64.73,0.0,0
8334,8,47,29,20250509,1,84.96,36.41,0
8335,8,34,83,20250531,1,327.23,17.22,0
8336,8,18,352,20250531,1,692.5,0.0,0
8337,8,15,99,20250517,1,346.38,18.23,0
8338,8,38,433,20250514,1,706.09,78.45,0
8339,8,19,40,20250526,1,341.01,85.25,0
8340,8,10,22,20250518,1,245.64,0.0,0
8341,8,33,588,20250523,2,768.0,192.0,0
8342,8,20,273,20250509,2,628.08,33.06,1
8343,8,3,480,20250513,1,448.78,0.0,1
8344,8,37,116,20250519,2,1193.88,0.0,0
8345,8,54,408,20250522,1,120.43,21.25,0
8346,8,3,383,20250506,3,1346.34,0.0,0
8347,8,8,138,20250501,1,489.92,0.0,0
8348,8,6,570,20250526,1,392.34,20.65,1
8349,8,8,78,20250515,1,416.43,73.49,0
8350,8,4,64,20250524,1,400.95,21.1,0
8351,8,6,482,20250520,1,412.99,0.0,0
8352,8,2,34,20250527,1,308.2,0.0,0
8353,8,54,233,20250503,1,127.51,14.17,0
8354,8,8,191,20250504,2,979.84,0.0,0
8355,8,11,255,20250506,1,181.46,45.36,0
8356,8,45,363,20250531,1,129.57,0.0,0
8357,8,43,278,20250526,1,293.38,0.0,0
8358,8,45,88,20250509,1,116.61,12.96,0
8359,8,11,503,20250528,1,226.82,0.0,0
8360,8,21,575,20250527,1,553.88,0.0,0
8361,8,14,77,20250506,1,359.87,0.0,0
8362,8,8,353,20250526,1,489.92,0.0,0
8363,8,25,463,20250503,1,448.08,0.0,0
8364,8,32,531,20250531,2,936.08,0.0,0
8365,8,12,367,20250523,1,453.25,0.0,0
8366,8,4,192,20250515,1,400.95,21.1,0
8367,8,24,590,20250511,1,624.95,69.44,0
8368,8,29,551,20250506,1,460.89,51.21,0
8369,8,50,449,20250525,2,299.44,52.84,0
8370,8,52,74,20250505,1,83.46,0.0,0
8371,1,43,300,20250630,1,293.38,0.0,0
8372,1,3,14,20250603,1,448.78,0.0,0
8373,1,11,89,20250618,1,204.14,22.68,0
8374,1,42,262,20250610,1,99.65,0.0,0
8375,1,6,71,20250627,1,412.99,0.0,0
8376,1,51,236,20250623,1,62.41,3.28,0
8377,1,48,75,20250619,1,139.55,7.34,0
8378,1,49,409,20250607,1,51.11,9.02,0
8379,1,49,470,20250617,1,48.1,12.03,0
8380,1,43,474,20250620,1,249.37,44.01,0
8381,1,51,68,20250617,1,55.84,9.85,0
8382,1,54,472,20250607,1,113.34,28.34,0
8383,1,45,125,20250621,1,116.61,12.96,0
8384,1,45,267,20250626,1,129.57,0.0,0
8385,1,6,340,20250609,1,371.69,41.3,0
8386,1,3,2,20250630,1,448.78,0.0,0
8387,1,48,444,20250629,1,146.89,0.0,0
8388,1,47,138,20250610,1,115.3,6.07,0
8389,1,53,242,20250627,1,165.65,8.72,0
8390,1,50,378,20250617,1,149.72,26.42,0
8391,1,8,12,20250607,1,416.43,73.49,0
8392,1,50,533,20250628,1,176.14,0.0,0
8393,1,56,207,20250619,1,45.31,19.42,0
8394,1,42,354,20250603,1,84.7,14.95,0
8395,1,47,506,20250622,1,121.37,0.0,0
8396,1,45,590,20250602,1,123.09,6.48,0
8397,1,9,15,20250628,1,326.75,81.69,0
8398,1,45,301,20250604,1,103.66,25.91,0
8399,1,51,476,20250606,1,65.69,0.0,0
8400,1,41,304,20250604,1,126.16,31.54,0
8401,1,52,362,20250627,1,83.46,0.0,0
8402,1,20,370,20250607,1,330.57,0.0,0
8403,1,50,419,20250630,1,176.14,0.0,0
8404,1,45,581,20250624,1,129.57,0.0,0
8405,1,18,200,20250608,1,657.88,34.62,0
8406,1,56,236,20250622,1,64.73,0.0,1
8407,1,48,280,20250630,1,139.55,7.34,0
8408,1,42,427,20250605,1,89.68,9.97,0
8409,1,54,167,20250610,1,127.51,14.17,0
8410,1,20,412,20250617,2,628.08,33.06,0
8411,1,53,531,20250610,2,348.74,0.0,0
8412,1,45,407,20250620,1,129.57,0.0,0
8413,1,9,502,20250619,1,367.6,40.84,0
8414,1,4,169,20250606,1,379.84,42.21,0
8415,1,46,169,20250602,2,415.7,21.88,0
8416,1,15,559,20250622,1,364.61,0.0,1
8417,1,42,442,20250627,2,199.3,0.0,0
8418,1,17,33,20250622,1,265.2,13.96,0
8419,1,50,506,20250626,1,176.14,0.0,0
8420,1,46,542,20250630,1,185.97,32.82,0
8421,1,45,540,20250610,1,129.57,0.0,0
8422,1,28,6,20250611,1,297.04,0.0,0
8423,1,52,95,20250627,1,70.94,12.52,0
8424,1,43,179,20250616,3,880.14,0.0,0
8425,1,44,159,20250618,1,245.79,27.31,0
8426,1,1,471,20250615,1,222.07,24.68,0
8427,1,47,250,20250628,1,109.23,12.14,0
8428,1,13,462,20250629,1,397.03,44.11,0
8429,1,54,395,20250613,1,141.68,0.0,0
8430,1,53,413,20250626,1,174.37,0.0,0
8431,1,16,229,20250627,1,372.21,0.0,1
8432,1,8,156,20250624,1,440.93,48.99,0
8433,1,19,124,20250608,1,383.63,42.63,0
8434,1,2,92,20250630,1,308.2,0.0,1
8435,1,43,549,20250605,1,264.04,29.34,0
8436,1,53,428,20250616,1,174.37,0.0,0
8437,1,9,242,20250621,1,367.6,40.84,0
8438,1,44,262,20250621,1,259.44,13.66,0
8439,1,28,170,20250608,2,594.08,0.0,0
8440,1,13,58,20250605,1,352.91,88.23,0
8441,1,41,158,20250620,1,126.16,31.54,0
8442,1,4,99,20250613,1,422.05,0.0,0
8443,1,54,319,20250618,1,113.34,28.34,1
8444,1,55,577,20250617,1,105.95,0.0,0
8445,1,21,580,20250612,1,553.88,0.0,0
8446,1,48,69,20250627,1,146.89,0.0,0
8447,1,17,137,20250606,1,279.16,0.0,0
8448,1,45,441,20250606,1,129.57,0.0,1
8449,1,45,471,20250606,1,129.57,0.0,0
8450,1,49,26,20250605,1,60.13,0.0,0
8451,1,53,561,20250617,2,244.12,104.62,0
8452,1,32,246,20250621,1,444.64,23.4,0
8453,1,9,102,20250615,1,388.02,20.42,0
8454,1,10,527,20250621,1,233.36,12.28,0
8455,1,54,167,20250630,1,120.43,21.25,0
8456,1,44,585,20250611,1,273.1,0.0,0
8457,1,5,56,20250611,1,268.05,0.0,0
8458,2,16,554,20250610,1,372.21,0.0,1
8459,2,23,122,20250617,1,330.9,0.0,0
8460,2,53,52,20250630,1,174.37,0.0,0
8461,2,55,498,20250619,1,105.95,0.0,0
8462,2,42,559,20250619,1,99.65,0.0,1
8463,2,52,356,20250601,1,79.29,4.17,0
8464,2,43,495,20250601,2,557.42,29.34,0
8465,2,53,567,20250602,1,156.93,17.44,0
8466,2,55,101,20250612,1,84.76,21.19,1
8467,2,45,372,20250627,1,129.57,0.0,0
8468,2,41,348,20250609,1,157.7,0.0,0
8469,2,12,307,20250601,1,453.25,0.0,0
8470,2,10,585,20250602,1,245.64,0.0,0
8471,2,5,314,20250617,1,268.05,0.0,0
8472,2,41,203,20250621,1,157.7,0.0,0
8473,2,47,505,20250610,1,121.37,0.0,0
8474,2,49,427,20250615,1,60.13,0.0,0
8475,2,52,217,20250606,1,58.42,25.04,0
8476,2,42,42,20250603,1,94.67,4.98,0
8477,2,48,562,20250607,1,132.2,14.69,0
8478,2,56,529,20250601,1,58.26,6.47,0
8479,2,55,427,20250604,1,84.76,21.19,0
8480,2,39,201,20250628,1,607.87,31.99,0
8481,2,41,68,20250603,1,157.7,0.0,0
8482,2,11,276,20250622,1,215.48,11.34,1
8483,2,28,530,20250602,3,891.12,0.0,0
8484,2,48,325,20250620,1,139.55,7.34,0
8485,2,16,93,20250627,1,372.21,0.0,0
8486,2,52,424,20250627,1,83.46,0.0,0
8487,2,49,12,20250605,1,51.11,9.02,1
8488,2,51,409,20250604,1,62.41,3.28,0
8489,2,56,373,20250602,1,64.73,0.0,0
8490,2,2,478,20250612,1,308.2,0.0,0
8491,2,47,430,20250628,2,242.74,0.0,0
8492,2,20,264,20250605,1,314.04,16.53,0
8493,2,50,183,20250621,1,167.33,8.81,1
8494,2,53,489,20250621,1,174.37,0.0,0
8495,2,54,504,20250609,2,283.36,0.0,0
8496,2,50,7,20250611,1,158.53,17.61,0
8497,2,56,230,20250612,1,64.73,0.0,0
8498,2,12,567,20250629,2,906.5,0.0,0
8499,2,1,26,20250620,1,209.74,37.01,0
8500,2,17,474,20250606,2,558.32,0.0,0
8501,2,55,597,20250613,2,148.33,63.57,0
8502,2,56,133,20250612,1,64.73,0.0,0
8503,2,45,498,20250624,1,123.09,6.48,0
8504,2,51,295,20250609,1,59.12,6.57,0
8505,2,42,428,20250628,1,94.67,4.98,0
8506,2,50,544,20250617,1,176.14,0.0,0
8507,2,56,353,20250623,2,129.46,0.0,0
8508,2,44,534,20250601,2,546.2,0.0,0
8509,2,3,560,20250616,1,381.46,67.32,0
8510,2,56,237,20250612,1,61.49,3.24,0
8511,2,21,302,20250609,2,1107.76,0.0,0
8512,2,21,256,20250613,1,470.8,83.08,0
8513,2,2,76,20250604,2,616.4,0.0,0
8514,2,42,554,20250628,1,89.68,9.97,0
8515,2,4,422,20250618,1,295.44,126.61,0
8516,2,3,74,20250613,1,448.78,0.0,0
8517,2,46,590,20250608,1,218.79,0.0,0
8518,2,54,559,20250622,1,141.68,0.0,0
8519,2,2,285,20250622,3,832.14,92.46,0
8520,2,8,285,20250616,1,465.42,24.5,0
8521,2,56,281,20250606,1,51.78,12.95,0
8522,2,50,199,20250627,3,528.42,0.0,0
8523,2,6,402,20250601,1,412.99,0.0,0
8524,2,42,431,20250612,2,199.3,0.0,0
8525,2,54,450,20250613,1,127.51,14.17,0
8526,2,55,55,20250605,1,105.95,0.0,0
8527,2,2,178,20250629,1,292.79,15.41,0
8528,2,45,325,20250627,1,103.66,25.91,0
8529,2,29,342,20250603,2,1024.2,0.0,0
8530,2,49,14,20250609,1,54.12,6.01,0
8531,2,45,478,20250622,1,129.57,0.0,0
8532,2,42,475,20250625,1,94.67,4.98,0
8533,2,47,104,20250619,1,115.3,6.07,0
8534,2,48,471,20250604,1,124.86,22.03,0
8535,2,54,124,20250617,1,141.68,0.0,0
8536,2,50,590,20250614,1,176.14,0.0,0
8537,2,55,122,20250617,1,90.06,15.89,0
8538,2,43,377,20250624,1,234.7,58.68,0
8539,2,46,346,20250605,1,218.79,0.0,0
8540,2,18,600,20250630,1,554.0,138.5,0
8541,2,18,502,20250618,1,623.25,69.25,0
8542,3,17,414,20250607,1,279.16,0.0,0
8543,3,46,586,20250628,1,218.79,0.0,0
8544,3,19,295,20250611,1,298.38,127.88,0
8545,3,44,353,20250606,1,245.79,27.31,0
8546,3,4,362,20250615,1,379.84,42.21,0
8547,3,2,150,20250615,1,215.74,92.46,0
8548,3,49,549,20250606,1,57.12,3.01,0
8549,3,44,477,20250620,1,259.44,13.66,0
8550,3,49,189,20250613,1,57.12,3.01,0
8551,3,51,582,20250624,2,105.1,26.28,0
8552,3,54,6,20250626,1,141.68,0.0,0
8553,3,46,140,20250624,1,196.91,21.88,0
8554,3,55,596,20250626,1,105.95,0.0,0
8555,3,8,248,20250621,1,489.92,0.0,0
8556,3,54,519,20250616,3,361.28,63.76,0
8557,3,44,578,20250625,1,273.1,0.0,0
8558,3,48,430,20250609,2,293.78,0.0,0
8559,3,13,599,20250616,1,397.03,44.11,0
8560,3,4,30,20250630,1,400.95,21.1,0
8561,3,24,551,20250602,1,694.39,0.0,0
8562,3,44,500,20250618,1,259.44,13.66,0
8563,3,56,173,20250601,1,55.02,9.71,0
8564,3,51,130,20250629,3,197.07,0.0,0
8565,3,43,484,20250620,1,234.7,58.68,0
8566,3,49,270,20250621,1,60.13,0.0,0
8567,3,44,559,20250605,1,232.13,40.97,0
8568,3,13,555,20250602,1,352.91,88.23,0
8569,3,44,315,20250626,2,436.96,109.24,0
8570,3,3,558,20250612,2,807.8,89.76,0
8571,3,46,287,20250626,3,656.37,0.0,0
8572,3,45,160,20250617,1,129.57,0.0,0
8573,3,15,9,20250606,2,729.22,0.0,0
8574,3,48,498,20250610,1,132.2,14.69,0
8575,3,14,306,20250610,1,341.88,17.99,0
8576,3,7,354,20250630,1,307.34,0.0,0
8577,3,7,277,20250601,1,261.24,46.1,0
8578,3,50,55,20250623,1,176.14,0.0,0
8579,3,42,167,20250615,1,79.72,19.93,0
8580,3,50,20,20250614,1,176.14,0.0,0
8581,3,4,134,20250606,1,422.05,0.0,0
8582,3,19,5,20250609,1,383.63,42.63,0
8583,3,23,587,20250622,1,297.81,33.09,0
8584,3,34,469,20250626,1,327.23,17.22,0
8585,3,56,584,20250630,1,64.73,0.0,0
8586,3,1,454,20250616,1,246.75,0.0,1
8587,3,54,447,20250610,1,134.6,7.08,0
8588,3,45,149,20250622,1,110.13,19.44,0
8589,3,1,237,20250603,1,234.41,12.34,0
8590,3,45,59,20250614,1,110.13,19.44,1
8591,3,44,226,20250607,1,273.1,0.0,0
8592,3,21,583,20250624,1,553.88,0.0,0
8593,3,3,100,20250605,1,448.78,0.0,0
8594,3,45,586,20250614,1,129.57,0.0,0
8595,3,53,373,20250612,1,174.37,0.0,0
8596,3,23,44,20250614,1,314.36,16.54,0
8597,3,1,506,20250627,1,246.75,0.0,0
8598,3,48,415,20250612,1,139.55,7.34,0
8599,3,29,452,20250615,1,512.1,0.0,0
8600,3,18,599,20250626,1,623.25,69.25,0
8601,3,53,146,20250625,2,348.74,0.0,0
8602,3,5,291,20250606,1,268.05,0.0,0
8603,3,51,291,20250624,1,65.69,0.0,1
8604,3,46,515,20250619,2,437.58,0.0,1
8605,3,52,596,20250604,1,83.46,0.0,0
8606,3,18,210,20250602,1,692.5,0.0,0
8607,3,41,262,20250620,1,149.82,7.88,0
8608,3,1,340,20250603,1,246.75,0.0,0
8609,3,44,115,20250602,3,819.3,0.0,0
8610,3,53,306,20250607,1,156.93,17.44,0
8611,3,51,341,20250606,1,65.69,0.0,0
8612,3,20,100,20250619,3,991.71,0.0,0
8613,3,22,585,20250612,1,447.97,79.05,0
8614,3,13,401,20250625,1,397.03,44.11,0
8615,3,20,112,20250611,1,330.57,0.0,0
8616,3,41,155,20250621,1,149.82,7.88,0
8617,3,28,125,20250623,1,252.48,44.56,0
8618,3,42,559,20250616,1,99.65,0.0,0
8619,3,50,419,20250604,2,299.44,52.84,0
8620,3,43,15,20250618,1,293.38,0.0,0
8621,3,4,43,20250606,1,379.84,42.21,0
8622,3,14,230,20250628,1,341.88,17.99,0
8623,3,10,77,20250603,1,245.64,0.0,0
8624,3,51,389,20250624,1,65.69,0.0,0
8625,3,34,183,20250623,2,551.12,137.78,0
8626,3,21,3,20250603,2,1107.76,0.0,0
8627,4,53,352,20250603,1,174.37,0.0,0
8628,4,53,382,20250623,1,174.37,0.0,0
8629,4,47,112,20250608,2,242.74,0.0,0
8630,4,12,439,20250630,1,453.25,0.0,0
8631,4,42,4,20250630,2,199.3,0.0,0
8632,4,47,268,20250615,1,121.37,0.0,0
8633,4,55,385,20250617,1,74.16,31.79,0
8634,4,14,347,20250603,1,341.88,17.99,1
8635,4,44,131,20250601,1,245.79,27.31,0
8636,4,22,414,20250619,1,447.97,79.05,0
8637,4,12,532,20250615,1,407.92,45.33,0
8638,4,24,82,20250613,1,659.67,34.72,0
8639,4,4,196,20250606,1,422.05,0.0,0
8640,4,45,153,20250629,1,129.57,0.0,0
8641,4,50,392,20250630,1,149.72,26.42,0
8642,4,19,476,20250601,1,404.95,21.31,0
8643,4,5,536,20250630,1,268.05,0.0,0
8644,4,11,238,20250630,1,204.14,22.68,0
8645,4,17,254,20250629,1,265.2,13.96,0
8646,4,55,202,20250619,1,95.35,10.6,0
8647,4,44,482,20250618,1,259.44,13.66,0
8648,4,48,430,20250630,1,124.86,22.03,0
8649,4,41,556,20250623,1,141.93,15.77,0
8650,4,47,319,20250614,1,121.37,0.0,0
8651,4,43,292,20250630,1,293.38,0.0,0
8652,4,51,356,20250617,1,65.69,0.0,0
8653,4,2,233,20250620,1,292.79,15.41,0
8654,4,24,515,20250613,1,659.67,34.72,0
8655,4,49,2,20250610,1,60.13,0.0,0
8656,4,12,484,20250618,1,430.59,22.66,0
8657,4,11,175,20250621,1,215.48,11.34,0
8658,4,49,180,20250615,1,60.13,0.0,0
8659,4,46,489,20250630,1,218.79,0.0,0
8660,4,21,235,20250629,1,443.1,110.78,0
8661,4,20,44,20250613,1,314.04,16.53,0
8662,4,16,24,20250623,1,334.99,37.22,0
8663,4,51,225,20250613,1,52.55,13.14,1
8664,4,50,456,20250628,1,123.3,52.84,0
8665,4,42,443,20250620,1,84.7,14.95,0
8666,4,13,519,20250621,1,441.14,0.0,0
8667,4,44,582,20250619,1,273.1,0.0,0
8668,4,46,160,20250622,1,218.79,0.0,0
8669,4,41,291,20250620,1,141.93,15.77,0
8670,4,46,39,20250612,2,371.94,65.64,0
8671,4,24,592,20250611,2,1180.46,208.32,0
8672,4,15,242,20250604,1,364.61,0.0,0
8673,4,7,77,20250615,1,307.34,0.0,1
8674,4,6,441,20250615,2,825.98,0.0,0
8675,4,14,130,20250607,1,359.87,0.0,0
8676,4,55,571,20250603,1,90.06,15.89,0
8677,4,32,17,20250624,1,444.64,23.4,0
8678,4,44,56,20250607,2,518.89,27.31,0
8679,4,40,515,20250605,1,614.97,68.33,0
8680,4,49,565,20250609,1,48.1,12.03,0
8681,4,22,400,20250614,1,500.67,26.35,0
8682,4,3,252,20250624,1,381.46,67.32,0
8683,4,17,571,20250629,1,237.29,41.87,0
8684,4,56,89,20250606,1,64.73,0.0,0
8685,4,48,21,20250619,1,146.89,0.0,0
8686,4,47,485,20250620,1,109.23,12.14,0
8687,4,51,429,20250622,1,65.69,0.0,0
8688,4,6,31,20250604,1,412.99,0.0,0
8689,4,16,117,20250626,1,334.99,37.22,0
8690,4,42,234,20250612,1,99.65,0.0,0
8691,4,18,127,20250620,1,692.5,0.0,0
8692,5,52,564,20250629,1,70.94,12.52,1
8693,5,48,500,20250619,1,117.51,29.38,0
8694,5,55,575,20250628,1,100.65,5.3,0
8695,5,1,62,20250629,1,197.4,49.35,0
8696,5,41,565,20250623,1,157.7,0.0,0
8697,5,18,21,20250624,1,623.25,69.25,1
8698,5,12,150,20250609,1,453.25,0.0,0
8699,5,18,298,20250628,1,623.25,69.25,0
8700,5,42,566,20250621,1,99.65,0.0,0
8701,5,51,394,20250627,1,62.41,3.28,0
8702,5,44,550,20250612,1,245.79,27.31,0
8703,5,55,420,20250607,1,100.65,5.3,0
8704,5,53,281,20250630,1,174.37,0.0,0
8705,5,4,440,20250615,2,801.89,42.21,0
8706,5,43,263,20250611,2,586.76,0.0,0
8707,5,53,567,20250627,1,174.37,0.0,0
8708,5,21,173,20250610,1,498.49,55.39,1
8709,5,49,318,20250626,1,51.11,9.02,0
8710,5,38,154,20250621,2,1569.08,0.0,0
8711,5,42,69,20250618,3,284.0,14.95,0
8712,5,42,57,20250602,1,89.68,9.97,0
8713,5,5,284,20250604,1,254.65,13.4,0
8714,5,53,138,20250623,1,148.21,26.16,0
8715,5,43,577,20250612,1,249.37,44.01,0
8716,5,50,371,20250622,2,352.28,0.0,0
8717,5,43,136,20250624,1,234.7,58.68,0
8718,5,46,12,20250603,1,185.97,32.82,0
8719,5,8,316,20250628,1,489.92,0.0,0
8720,5,48,440,20250608,1,146.89,0.0,0
8721,5,44,364,20250626,1,245.79,27.31,0
8722,5,42,147,20250610,1,89.68,9.97,0
8723,5,42,243,20250615,1,69.76,29.89,0
8724,5,56,327,20250615,1,64.73,0.0,0
8725,5,56,225,20250623,3,194.19,0.0,0
8726,5,22,303,20250607,1,368.91,158.11,0
8727,5,17,485,20250619,1,223.33,55.83,0
8728,5,16,535,20250605,1,316.38,55.83,0
8729,5,50,49,20250618,1,167.33,8.81,0
8730,5,25,373,20250615,1,313.66,134.42,0
8731,5,24,229,20250629,3,2083.17,0.0,0
8732,5,48,256,20250623,1,132.2,14.69,0
8733,5,53,498,20250605,1,174.37,0.0,0
8734,5,8,131,20250626,1,440.93,48.99,0
8735,5,46,447,20250607,1,153.15,65.64,0
8736,5,47,235,20250606,1,109.23,12.14,0
8737,5,9,333,20250609,1,408.44,0.0,0
8738,5,45,413,20250624,1,129.57,0.0,0
8739,5,46,245,20250617,2,306.31,131.27,0
8740,5,2,33,20250605,1,261.97,46.23,0
8741,5,19,307,20250630,1,404.95,21.31,0
8742,5,46,291,20250623,1,185.97,32.82,0
8743,5,45,299,20250610,1,116.61,12.96,0
8744,5,4,396,20250629,1,379.84,42.21,0
8745,5,50,452,20250625,1,176.14,0.0,0
8746,5,8,41,20250619,1,489.92,0.0,0
8747,5,55,27,20250614,1,90.06,15.89,0
8748,5,54,573,20250623,1,113.34,28.34,0
8749,5,48,450,20250622,1,124.86,22.03,0
8750,5,11,575,20250626,2,430.96,22.68,0
8751,5,48,401,20250623,1,146.89,0.0,0
8752,5,45,447,20250630,1,110.13,19.44,0
8753,5,6,569,20250602,1,412.99,0.0,0
8754,6,50,448,20250611,1,158.53,17.61,0
8755,6,43,328,20250629,2,586.76,0.0,0
8756,6,48,600,20250605,1,146.89,0.0,0
8757,6,48,448,20250614,1,146.89,0.0,0
8758,6,46,138,20250609,2,415.7,21.88,0
8759,6,18,568,20250622,1,623.25,69.25,0
8760,6,1,248,20250629,1,246.75,0.0,0
8761,6,27,118,20250629,2,566.42,62.94,0
8762,6,20,552,20250622,1,314.04,16.53,0
8763,6,43,388,20250616,2,586.76,0.0,0
8764,6,2,67,20250603,1,246.56,61.64,0
8765,6,18,153,20250619,1,692.5,0.0,0
8766,6,47,116,20250619,1,84.96,36.41,0
8767,6,26,59,20250610,1,467.38,24.6,0
8768,6,53,182,20250608,1,174.37,0.0,0
8769,6,3,100,20250611,1,403.9,44.88,0
8770,6,42,164,20250630,1,99.65,0.0,0
8771,6,12,18,20250603,1,453.25,0.0,0
8772,6,41,518,20250602,1,141.93,15.77,0
8773,6,46,473,20250619,2,437.58,0.0,0
8774,6,45,316,20250612,1,129.57,0.0,0
8775,6,16,280,20250612,1,334.99,37.22,0
8776,6,8,198,20250624,1,465.42,24.5,0
8777,6,53,139,20250608,1,174.37,0.0,0
8778,6,29,129,20250627,2,972.99,51.21,0
8779,6,42,208,20250606,1,79.72,19.93,0
8780,6,22,217,20250605,1,527.02,0.0,0
8781,6,12,233,20250624,1,453.25,0.0,0
8782,6,4,431,20250604,1,337.64,84.41,0
8783,6,41,217,20250616,1,141.93,15.77,0
8784,6,51,79,20250624,1,65.69,0.0,0
8785,6,41,51,20250604,2,299.63,15.77,0
8786,6,44,65,20250617,2,546.2,0.0,0
8787,6,42,433,20250607,1,94.67,4.98,0
8788,6,51,157,20250627,1,59.12,6.57,0
8789,6,42,326,20250618,1,99.65,0.0,0
8790,6,55,379,20250630,1,100.65,5.3,0
8791,6,41,463,20250617,1,149.82,7.88,0
8792,6,47,583,20250616,1,115.3,6.07,0
8793,6,13,353,20250602,1,441.14,0.0,0
8794,6,47,598,20250630,1,121.37,0.0,0
8795,6,48,497,20250606,1,146.89,0.0,1
8796,6,27,270,20250630,1,251.74,62.94,0
8797,6,41,564,20250618,1,149.82,7.88,0
8798,6,52,111,20250625,1,83.46,0.0,0
8799,6,55,538,20250611,1,100.65,5.3,0
8800,6,53,259,20250624,1,174.37,0.0,0
8801,6,21,193,20250629,1,553.88,0.0,0
8802,6,55,60,20250621,1,105.95,0.0,0
8803,6,42,387,20250617,2,199.3,0.0,0
8804,6,53,275,20250614,1,174.37,0.0,0
8805,6,46,120,20250630,1,218.79,0.0,1
8806,6,17,348,20250604,2,558.32,0.0,0
8807,6,55,361,20250629,1,84.76,21.19,0
8808,6,14,446,20250606,1,323.88,35.99,0
8809,6,53,405,20250601,1,148.21,26.16,0
8810,6,50,452,20250624,1,176.14,0.0,0
8811,6,43,13,20250613,1,293.38,0.0,0
8812,6,8,49,20250621,2,783.87,195.97,0
8813,6,41,257,20250608,1,157.7,0.0,0
8814,6,9,347,20250607,1,367.6,40.84,1
8815,6,50,200,20250611,1,158.53,17.61,0
8816,6,53,482,20250627,2,244.12,104.62,0
8817,6,16,230,20250624,1,353.6,18.61,0
8818,6,46,401,20250604,1,218.79,0.0,0
8819,6,1,156,20250629,1,222.07,24.68,0
8820,6,11,533,20250613,1,226.82,0.0,0
8821,6,46,429,20250628,1,207.85,10.94,0
8822,6,54,90,20250605,1,141.68,0.0,0
8823,6,47,233,20250603,2,242.74,0.0,0
8824,6,18,449,20250624,1,657.88,34.62,0
8825,6,45,130,20250626,1,103.66,25.91,0
8826,6,6,199,20250615,2,702.08,123.9,0
8827,6,5,144,20250625,1,241.24,26.81,0
8828,6,44,239,20250615,1,232.13,40.97,0
8829,6,42,551,20250612,1,89.68,9.97,0
8830,6,13,341,20250625,1,441.14,0.0,0
8831,6,8,467,20250615,1,489.92,0.0,0
8832,6,50,27,20250620,2,317.05,35.23,0
8833,6,4,149,20250615,1,422.05,0.0,0
8834,6,6,225,20250624,1,351.04,61.95,0
8835,7,41,345,20250619,1,157.7,0.0,0
8836,7,55,250,20250630,1,105.95,0.0,0
8837,7,41,463,20250612,1,157.7,0.0,0
8838,7,53,16,20250611,1,165.65,8.72,1
8839,7,9,498,20250610,2,735.19,81.69,0
8840,7,46,586,20250619,1,196.91,21.88,0
8841,7,47,580,20250613,1,115.3,6.07,0
8842,7,12,506,20250624,1,407.92,45.33,0
8843,7,41,547,20250619,1,149.82,7.88,0
8844,7,41,241,20250620,1,126.16,31.54,0
8845,7,18,414,20250623,2,1385.0,0.0,0
8846,7,1,154,20250629,1,246.75,0.0,0
8847,7,55,259,20250623,1,105.95,0.0,0
8848,7,20,337,20250630,1,280.98,49.59,0
8849,7,31,295,20250601,1,444.03,23.37,0
8850,7,49,269,20250617,1,48.1,12.03,0
8851,7,17,153,20250616,1,265.2,13.96,0
8852,7,20,304,20250608,1,280.98,49.59,0
8853,7,13,126,20250628,1,419.08,22.06,0
8854,7,56,161,20250608,2,129.46,0.0,0
8855,7,45,413,20250618,1,116.61,12.96,0
8856,7,54,240,20250620,1,134.6,7.08,0
8857,7,42,88,20250621,1,99.65,0.0,0
8858,7,49,154,20250627,1,60.13,0.0,0
8859,7,41,87,20250609,1,141.93,15.77,0
8860,7,52,398,20250608,1,70.94,12.52,1
8861,7,23,237,20250618,1,231.63,99.27,0
8862,7,54,194,20250618,1,141.68,0.0,0
8863,7,49,132,20250606,1,54.12,6.01,0
8864,7,53,41,20250626,1,156.93,17.44,0
8865,7,26,498,20250621,1,491.98,0.0,0
8866,7,20,392,20250602,1,330.57,0.0,0
8867,7,54,140,20250609,1,113.34,28.34,0
8868,7,10,591,20250606,1,221.08,24.56,0
8869,7,1,162,20250612,1,246.75,0.0,0
8870,7,50,554,20250624,1,167.33,8.81,0
8871,7,50,38,20250611,1,176.14,0.0,0
8872,7,13,96,20250606,1,374.97,66.17,0
8873,7,42,146,20250602,1,84.7,14.95,0
8874,7,8,184,20250603,1,489.92,0.0,0
8875,7,50,332,20250627,1,140.91,35.23,0
8876,7,5,480,20250627,1,268.05,0.0,0
8877,7,50,106,20250620,1,176.14,0.0,0
8878,7,20,54,20250604,1,280.98,49.59,0
8879,7,42,309,20250603,2,199.3,0.0,0
8880,7,51,390,20250622,1,65.69,0.0,0
8881,7,41,181,20250605,1,149.82,7.88,0
8882,7,47,577,20250623,1,121.37,0.0,0
8883,7,43,53,20250607,1,264.04,29.34,0
8884,7,54,97,20250624,1,141.68,0.0,0
8885,7,56,476,20250629,2,129.46,0.0,0
8886,7,53,23,20250627,1,156.93,17.44,0
8887,7,56,170,20250612,1,55.02,9.71,0
8888,7,56,406,20250610,1,61.49,3.24,0
8889,7,48,589,20250618,2,249.71,44.07,0
8890,7,49,145,20250606,1,48.1,12.03,0
8891,8,45,95,20250618,1,129.57,0.0,0
8892,8,53,443,20250614,1,174.37,0.0,0
8893,8,43,19,20250624,1,278.71,14.67,0
8894,8,6,450,20250614,1,371.69,41.3,0
8895,8,8,309,20250618,2,979.84,0.0,0
8896,8,50,410,20250620,1,176.14,0.0,0
8897,8,46,368,20250619,1,218.79,0.0,0
8898,8,13,428,20250608,1,441.14,0.0,0
8899,8,44,52,20250620,1,273.1,0.0,0
8900,8,19,537,20250617,1,426.26,0.0,0
8901,8,53,448,20250601,1,174.37,0.0,0
8902,8,54,250,20250612,1,120.43,21.25,0
8903,8,46,309,20250625,2,437.58,0.0,0
8904,8,51,328,20250628,1,65.69,0.0,0
8905,8,18,101,20250612,1,657.88,34.62,1
8906,8,45,135,20250626,2,246.18,12.96,0
8907,8,52,513,20250606,1,75.11,8.35,0
8908,8,45,421,20250629,1,103.66,25.91,0
8909,8,13,24,20250624,1,441.14,0.0,0
8910,8,53,292,20250619,2,331.3,17.44,0
8911,8,52,66,20250603,1,70.94,12.52,0
8912,8,54,105,20250601,1,134.6,7.08,0
8913,8,5,86,20250606,1,268.05,0.0,0
8914,8,55,229,20250614,1,84.76,21.19,0
8915,8,44,198,20250629,1,218.48,54.62,0
8916,8,17,470,20250607,1,279.16,0.0,0
8917,8,54,581,20250622,1,127.51,14.17,0
8918,8,53,216,20250610,2,244.12,104.62,0
8919,8,43,393,20250611,1,293.38,0.0,0
8920,8,16,403,20250626,2,744.42,0.0,0
8921,8,55,324,20250604,2,211.9,0.0,0
8922,8,45,349,20250629,1,129.57,0.0,0
8923,8,40,419,20250617,1,683.3,0.0,0
8924,8,44,599,20250615,1,218.48,54.62,0
8925,8,43,177,20250621,1,293.38,0.0,0
8926,8,50,509,20250617,1,176.14,0.0,0
8927,8,56,221,20250620,1,64.73,0.0,0
8928,8,47,482,20250608,1,121.37,0.0,1
8929,8,56,290,20250618,1,58.26,6.47,0
8930,8,49,103,20250624,1,48.1,12.03,0
8931,8,46,57,20250614,2,415.7,21.88,0
8932,8,42,506,20250621,1,99.65,0.0,0
8933,8,6,27,20250613,1,330.39,82.6,0
8934,8,52,442,20250607,1,70.94,12.52,0
8935,8,16,90,20250613,1,353.6,18.61,0
8936,8,15,469,20250615,1,364.61,0.0,0
8937,8,49,501,20250608,1,54.12,6.01,0
8938,8,16,424,20250629,1,297.77,74.44,0
8939,8,47,422,20250612,1,121.37,0.0,0
8940,8,48,161,20250612,1,146.89,0.0,1
8941,8,35,262,20250606,1,375.42,0.0,0
8942,8,56,90,20250627,1,58.26,6.47,0
8943,8,43,75,20250615,1,293.38,0.0,0
8944,8,46,576,20250601,2,415.7,21.88,0
8945,8,9,119,20250608,1,408.44,0.0,0
8946,1,4,337,20250716,1,337.64,84.41,1
8947,1,44,188,20250703,1,232.13,40.97,0
8948,1,54,199,20250710,1,127.51,14.17,1
8949,1,56,29,20250701,2,116.51,12.95,0
8950,1,21,416,20250730,1,470.8,83.08,1
8951,1,42,539,20250721,1,89.68,9.97,0
8952,1,15,528,20250712,1,309.92,54.69,0
8953,1,1,597,20250726,1,209.74,37.01,0
8954,1,48,55,20250717,1,124.86,22.03,0
8955,1,20,146,20250706,1,297.51,33.06,0
8956,1,44,345,20250715,1,232.13,40.97,0
8957,1,49,128,20250726,1,54.12,6.01,0
8958,1,54,456,20250719,1,120.43,21.25,0
8959,1,45,220,20250721,1,110.13,19.44,0
8960,1,27,600,20250702,1,283.21,31.47,0
8961,1,10,574,20250714,2,442.15,49.13,0
8962,1,28,62,20250727,1,252.48,44.56,0
8963,1,1,439,20250726,1,222.07,24.68,0
8964,1,44,269,20250705,1,245.79,27.31,0
8965,1,14,331,20250727,2,647.77,71.97,1
8966,1,19,390,20250716,1,341.01,85.25,0
8967,1,16,35,20250717,1,297.77,74.44,0
8968,1,54,239,20250705,1,120.43,21.25,0
8969,1,1,31,20250729,1,197.4,49.35,1
8970,1,55,234,20250701,1,90.06,15.89,0
8971,1,52,417,20250721,1,66.77,16.69,0
8972,1,46,399,20250723,2,371.94,65.64,0
8973,1,42,168,20250701,1,89.68,9.97,0
8974,1,4,516,20250707,1,337.64,84.41,0
8975,1,41,30,20250710,1,141.93,15.77,0
8976,1,45,352,20250707,2,233.23,25.91,0
8977,1,41,103,20250724,1,126.16,31.54,0
8978,1,7,75,20250721,1,276.61,30.73,0
8979,1,5,541,20250727,1,227.84,40.21,0
8980,1,13,409,20250715,1,352.91,88.23,0
8981,1,4,15,20250717,1,358.74,63.31,0
8982,1,56,276,20250708,1,55.02,9.71,0
8983,1,46,462,20250708,1,196.91,21.88,0
8984,1,22,525,20250701,1,421.62,105.4,0
8985,1,53,557,20250718,1,148.21,26.16,0
8986,1,21,271,20250702,1,443.1,110.78,0
8987,1,44,549,20250724,1,232.13,40.97,0
8988,1,56,235,20250701,1,58.26,6.47,0
8989,1,46,30,20250722,1,185.97,32.82,0
8990,1,53,422,20250728,1,139.5,34.87,0
8991,1,53,308,20250725,1,139.5,34.87,0
8992,1,12,376,20250721,1,407.92,45.33,0
8993,1,55,397,20250707,1,84.76,21.19,0
8994,1,45,568,20250716,1,110.13,19.44,0
8995,1,21,528,20250702,1,443.1,110.78,0
8996,1,50,586,20250706,1,149.72,26.42,0
8997,1,4,493,20250706,1,358.74,63.31,0
8998,1,55,287,20250713,1,90.06,15.89,0
8999,1,6,565,20250728,1,371.69,41.3,0
9000,1,45,335,20250722,2,207.31,51.83,0
9001,1,43,33,20250713,1,249.37,44.01,0
9002,1,54,556,20250706,2,226.69,56.67,0
9003,1,44,219,20250724,1,232.13,40.97,0
9004,1,49,171,20250714,1,54.12,6.01,0
9005,1,23,520,20250709,1,281.27,49.63,0
9006,1,53,421,20250728,1,139.5,34.87,0
9007,1,11,546,20250717,1,204.14,22.68,0
9008,1,43,429,20250719,2,528.08,58.68,0
9009,1,52,252,20250701,1,75.11,8.35,0
9010,1,51,554,20250705,1,55.84,9.85,0
9011,1,42,457,20250724,1,79.72,19.93,0
9012,1,6,123,20250731,1,351.04,61.95,0
9013,1,14,412,20250713,1,323.88,35.99,0
9014,1,48,588,20250705,1,132.2,14.69,0
9015,1,44,38,20250703,1,218.48,54.62,0
9016,1,1,569,20250727,1,209.74,37.01,0
9017,1,56,63,20250729,1,55.02,9.71,0
9018,1,54,307,20250728,1,127.51,14.17,0
9019,1,53,479,20250720,2,296.43,52.31,0
9020,1,24,530,20250722,1,590.23,104.16,0
9021,1,22,315,20250703,3,1264.85,316.21,0
9022,2,4,178,20250727,1,379.84,42.21,0
9023,2,37,318,20250731,1,477.55,119.39,0
9024,2,41,479,20250710,1,126.16,31.54,0
9025,2,26,520,20250708,1,418.18,73.8,0
9026,2,53,444,20250714,1,156.93,17.44,0
9027,2,49,459,20250703,1,48.1,12.03,0
9028,2,1,382,20250701,1,172.73,74.02,0
9029,2,50,158,20250705,1,158.53,17.61,0
9030,2,24,39,20250709,1,555.51,138.88,0
9031,2,46,431,20250714,1,175.03,43.76,0
9032,2,44,53,20250726,1,245.79,27.31,0
9033,2,54,362,20250719,2,240.86,42.5,0
9034,2,51,211,20250708,3,167.51,29.56,0
9035,2,2,570,20250715,1,246.56,61.64,0
9036,2,55,560,20250712,1,84.76,21.19,0
9037,2,48,369,20250703,1,117.51,29.38,0
9038,2,42,211,20250718,1,79.72,19.93,0
9039,2,41,81,20250715,1,126.16,31.54,0
9040,2,51,265,20250712,1,59.12,6.57,0
9041,2,42,337,20250729,1,89.68,9.97,0
9042,2,46,455,20250729,1,196.91,21.88,0
9043,2,7,211,20250730,3,783.72,138.3,0
9044,2,3,483,20250719,1,381.46,67.32,0
9045,2,52,114,20250726,1,75.11,8.35,0
9046,2,53,19,20250724,1,122.06,52.31,0
9047,2,31,132,20250724,2,841.32,93.48,0
9048,2,35,238,20250713,2,675.76,75.08,0
9049,2,10,32,20250710,1,208.79,36.85,0
9050,2,47,19,20250705,3,254.88,109.23,0
9051,2,7,71,20250707,1,276.61,30.73,0
9052,2,51,538,20250707,1,52.55,13.14,0
9053,2,43,511,20250730,1,264.04,29.34,0
9054,2,4,134,20250718,1,358.74,63.31,0
9055,2,44,95,20250718,1,232.13,40.97,0
9056,2,16,28,20250725,1,297.77,74.44,0
9057,2,53,116,20250726,1,156.93,17.44,0
9058,2,9,307,20250730,1,367.6,40.84,0
9059,2,42,101,20250719,1,79.72,19.93,0
9060,2,56,392,20250716,1,55.02,9.71,0
9061,2,5,289,20250730,1,214.44,53.61,0
9062,2,46,407,20250705,1,196.91,21.88,0
9063,2,54,488,20250728,1,120.43,21.25,0
9064,2,51,75,20250724,2,105.1,26.28,0
9065,2,44,99,20250710,1,245.79,27.31,0
9066,2,14,53,20250725,1,323.88,35.99,0
9067,2,41,484,20250705,1,141.93,15.77,0
9068,2,53,589,20250701,1,148.21,26.16,0
9069,2,51,130,20250713,1,55.84,9.85,0
9070,2,41,250,20250709,1,126.16,31.54,0
9071,2,41,27,20250704,1,134.05,23.65,0
9072,2,6,419,20250711,1,351.04,61.95,0
9073,2,6,11,20250725,1,371.69,41.3,0
9074,2,33,108,20250729,1,384.0,96.0,0
9075,2,46,269,20250730,1,196.91,21.88,0
9076,2,45,121,20250701,1,103.66,25.91,0
9077,2,53,220,20250712,1,122.06,52.31,0
9078,2,19,42,20250724,1,362.32,63.94,0
9079,2,42,141,20250719,1,84.7,14.95,0
9080,2,48,555,20250725,1,132.2,14.69,0
9081,2,43,350,20250718,1,264.04,29.34,0
9082,2,56,325,20250723,1,51.78,12.95,0
9083,2,42,210,20250728,1,89.68,9.97,1
9084,2,9,439,20250730,1,367.6,40.84,0
9085,2,12,85,20250716,1,362.6,90.65,0
9086,2,51,413,20250724,1,52.55,13.14,0
9087,2,41,158,20250707,1,126.16,31.54,0
9088,2,49,174,20250727,1,48.1,12.03,0
9089,2,42,189,20250724,1,89.68,9.97,0
9090,2,44,228,20250712,1,191.17,81.93,0
9091,2,20,71,20250701,1,280.98,49.59,1
9092,2,2,492,20250721,2,493.12,123.28,0
9093,2,41,140,20250707,2,283.86,31.54,0
9094,2,47,33,20250709,1,109.23,12.14,0
9095,2,53,53,20250715,1,139.5,34.87,0
9096,2,42,517,20250702,1,84.7,14.95,0
9097,2,46,331,20250701,1,175.03,43.76,1
9098,2,45,62,20250701,1,103.66,25.91,0
9099,2,3,534,20250727,2,762.93,134.63,0
9100,2,33,9,20250706,1,408.0,72.0,0
9101,2,42,111,20250715,1,79.72,19.93,0
9102,2,5,551,20250720,1,227.84,40.21,0
9103,2,50,580,20250717,1,149.72,26.42,0
9104,2,45,164,20250712,1,103.66,25.91,0
9105,2,20,485,20250715,2,561.97,99.17,0
9106,2,49,316,20250720,1,48.1,12.03,0
9107,2,18,197,20250716,2,1177.25,207.75,0
9108,2,45,541,20250730,1,90.7,38.87,0
9109,2,18,483,20250731,1,588.62,103.88,0
9110,2,48,473,20250701,1,124.86,22.03,0
9111,2,7,34,20250703,1,276.61,30.73,0
9112,2,4,542,20250708,2,759.69,84.41,0
9113,2,50,10,20250705,1,149.72,26.42,0
9114,2,47,64,20250724,2,194.19,48.55,0
9115,2,44,450,20250727,1,232.13,40.97,0
9116,3,21,173,20250709,1,470.8,83.08,0
9117,3,47,535,20250713,1,103.16,18.21,0
9118,3,44,312,20250704,1,218.48,54.62,0
9119,3,6,473,20250731,2,660.78,165.2,0
9120,3,56,422,20250716,1,51.78,12.95,0
9121,3,55,505,20250704,1,95.35,10.6,0
9122,3,48,593,20250717,1,117.51,29.38,0
9123,3,44,145,20250706,1,232.13,40.97,0
9124,3,21,425,20250727,1,443.1,110.78,0
9125,3,14,394,20250731,1,251.91,107.96,0
9126,3,38,27,20250722,2,1333.72,235.36,0
9127,3,51,518,20250730,1,52.55,13.14,0
9128,3,56,12,20250717,1,55.02,9.71,1
9129,3,49,107,20250709,1,54.12,6.01,0
9130,3,43,235,20250716,1,234.7,58.68,0
9131,3,41,119,20250702,1,141.93,15.77,0
9132,3,46,21,20250722,1,185.97,32.82,0
9133,3,46,301,20250709,1,196.91,21.88,0
9134,3,24,224,20250723,1,590.23,104.16,0
9135,3,46,263,20250727,2,393.82,43.76,1
9136,3,43,36,20250718,1,264.04,29.34,0
9137,3,42,178,20250705,2,169.41,29.89,0
9138,3,47,321,20250702,1,97.1,24.27,0
9139,3,47,17,20250722,2,206.33,36.41,0
9140,3,8,597,20250726,1,391.94,97.98,0
9141,3,43,111,20250709,1,264.04,29.34,0
9142,3,2,338,20250704,1,277.38,30.82,0
9143,3,41,114,20250728,1,134.05,23.65,0
9144,3,54,246,20250716,1,113.34,28.34,0
9145,3,47,80,20250726,2,194.19,48.55,0
9146,3,54,588,20250705,1,113.34,28.34,0
9147,3,48,60,20250707,2,249.71,44.07,0
9148,3,44,63,20250726,1,232.13,40.97,0
9149,3,54,87,20250706,1,113.34,28.34,0
9150,3,48,253,20250702,1,124.86,22.03,0
9151,3,41,435,20250711,1,126.16,31.54,0
9152,3,43,403,20250725,1,234.7,58.68,0
9153,3,52,600,20250711,1,75.11,8.35,0
9154,3,48,418,20250706,1,117.51,29.38,0
9155,3,52,391,20250703,1,70.94,12.52,0
9156,3,2,373,20250702,1,261.97,46.23,0
9157,3,2,143,20250707,2,554.76,61.64,0
9158,3,35,543,20250725,1,300.34,75.08,1
9159,3,47,291,20250709,1,97.1,24.27,0
9160,3,42,463,20250706,1,84.7,14.95,0
9161,3,46,166,20250707,1,153.15,65.64,0
9162,3,48,486,20250710,1,117.51,29.38,0
9163,3,51,86,20250727,1,59.12,6.57,0
9164,3,47,49,20250708,1,97.1,24.27,0
9165,3,51,17,20250706,1,52.55,13.14,0
9166,3,50,29,20250716,1,158.53,17.61,0
9167,3,44,295,20250727,1,218.48,54.62,0
9168,3,12,174,20250720,1,385.26,67.99,0
9169,3,24,375,20250731,1,555.51,138.88,0
9170,3,47,44,20250709,1,103.16,18.21,0
9171,3,3,93,20250709,2,762.93,134.63,0
9172,3,53,388,20250713,1,139.5,34.87,0
9173,3,51,599,20250707,1,59.12,6.57,0
9174,3,46,481,20250722,2,350.06,87.52,0
9175,3,1,44,20250731,1,222.07,24.68,0
9176,3,3,449,20250718,1,359.02,89.76,0
9177,3,46,228,20250713,1,175.03,43.76,0
9178,3,8,515,20250719,1,391.94,97.98,1
9179,3,18,188,20250717,1,554.0,138.5,0
9180,3,45,542,20250709,1,110.13,19.44,0
9181,3,4,433,20250717,1,379.84,42.21,0
9182,4,52,31,20250704,1,75.11,8.35,0
9183,4,44,73,20250725,1,218.48,54.62,0
9184,4,27,352,20250718,1,283.21,31.47,0
9185,4,38,175,20250710,3,2118.26,235.36,0
9186,4,17,244,20250727,1,251.24,27.92,0
9187,4,42,25,20250711,1,84.7,14.95,0
9188,4,54,139,20250703,1,113.34,28.34,0
9189,4,43,127,20250722,1,234.7,58.68,0
9190,4,56,508,20250724,1,58.26,6.47,0
9191,4,11,218,20250709,1,181.46,45.36,0
9192,4,56,328,20250706,1,51.78,12.95,0
9193,4,43,493,20250713,1,264.04,29.34,0
9194,4,51,254,20250706,2,111.67,19.71,0
9195,4,21,223,20250721,1,470.8,83.08,1
9196,4,16,363,20250706,1,297.77,74.44,0
9197,4,13,520,20250717,1,374.97,66.17,0
9198,4,50,589,20250726,1,158.53,17.61,0
9199,4,51,113,20250723,1,52.55,13.14,0
9200,4,55,165,20250726,3,254.28,63.57,0
9201,4,44,269,20250705,1,245.79,27.31,0
9202,4,41,454,20250720,1,126.16,31.54,0
9203,4,42,320,20250715,1,84.7,14.95,0
9204,4,21,228,20250710,1,387.72,166.16,0
9205,4,12,208,20250716,1,385.26,67.99,0
9206,4,46,225,20250716,3,525.1,131.27,0
9207,4,42,399,20250716,1,89.68,9.97,0
9208,4,11,388,20250711,2,385.59,68.05,0
9209,4,56,89,20250715,1,55.02,9.71,0
9210,4,44,381,20250721,1,232.13,40.97,0
9211,4,4,57,20250711,1,379.84,42.21,0
9212,4,53,143,20250723,1,139.5,34.87,0
9213,4,51,554,20250701,1,55.84,9.85,0
9214,4,55,570,20250706,1,90.06,15.89,0
9215,4,55,424,20250723,1,90.06,15.89,1
9216,4,23,464,20250726,1,264.72,66.18,0
9217,4,50,83,20250711,1,149.72,26.42,0
9218,4,51,539,20250703,1,52.55,13.14,0
9219,4,9,132,20250728,1,347.17,61.27,0
9220,4,45,129,20250720,1,116.61,12.96,0
9221,4,42,331,20250702,1,89.68,9.97,0
9222,4,11,73,20250725,1,192.8,34.02,0
9223,4,7,348,20250727,1,261.24,46.1,0
9224,4,55,423,20250703,1,84.76,21.19,0
9225,4,19,484,20250726,1,362.32,63.94,0
9226,4,9,204,20250718,1,347.17,61.27,0
9227,4,9,545,20250706,1,326.75,81.69,0
9228,4,52,471,20250710,2,133.54,33.38,0
9229,4,1,227,20250708,2,394.8,98.7,0
9230,4,49,149,20250704,1,51.11,9.02,0
9231,4,50,504,20250708,1,158.53,17.61,0
9232,4,52,97,20250705,1,75.11,8.35,0
9233,4,6,502,20250702,1,351.04,61.95,0
9234,4,48,35,20250726,1,117.51,29.38,0
9235,4,48,247,20250719,1,124.86,22.03,0
9236,4,49,286,20250704,1,54.12,6.01,0
9237,4,12,82,20250705,1,407.92,45.33,0
9238,4,56,494,20250709,1,51.78,12.95,0
9239,4,27,382,20250731,1,267.48,47.2,0
9240,4,45,86,20250702,2,220.27,38.87,0
9241,4,53,10,20250716,1,148.21,26.16,0
9242,4,55,393,20250726,1,90.06,15.89,0
9243,4,56,382,20250708,1,51.78,12.95,0
9244,4,20,105,20250718,1,280.98,49.59,0
9245,4,10,130,20250727,1,208.79,36.85,0
9246,4,52,140,20250706,2,141.88,25.04,0
9247,4,19,135,20250707,1,362.32,63.94,0
9248,4,42,145,20250705,1,84.7,14.95,0
9249,4,54,463,20250707,1,120.43,21.25,0
9250,4,7,498,20250714,1,261.24,46.1,0
9251,4,11,550,20250709,1,204.14,22.68,0
9252,4,44,446,20250727,1,245.79,27.31,0
9253,4,47,402,20250720,1,109.23,12.14,0
9254,4,56,106,20250722,1,58.26,6.47,0
9255,4,55,151,20250715,1,74.16,31.79,0
9256,4,47,600,20250709,2,169.92,72.82,0
9257,4,29,42,20250715,1,435.29,76.81,0
9258,5,56,558,20250716,1,55.02,9.71,0
9259,5,21,464,20250706,1,498.49,55.39,0
9260,5,43,524,20250722,1,249.37,44.01,0
9261,5,27,497,20250708,2,503.49,125.87,0
9262,5,43,376,20250705,2,498.75,88.01,0
9263,5,54,346,20250708,1,113.34,28.34,1
9264,5,56,198,20250726,1,55.02,9.71,0
9265,5,1,196,20250729,1,222.07,24.68,1
9266,5,8,95,20250707,1,391.94,97.98,1
9267,5,54,64,20250705,2,226.69,56.67,0
9268,5,46,498,20250728,1,185.97,32.82,0
9269,5,41,283,20250704,1,126.16,31.54,0
9270,5,47,444,20250724,1,97.1,24.27,0
9271,5,41,65,20250705,1,110.39,47.31,0
9272,5,19,202,20250713,3,1086.96,191.82,0
9273,5,3,148,20250716,1,381.46,67.32,0
9274,5,48,28,20250708,2,249.71,44.07,0
9275,5,46,211,20250701,1,185.97,32.82,0
9276,5,24,120,20250726,1,555.51,138.88,0
9277,5,14,220,20250706,1,287.9,71.97,0
9278,5,7,40,20250714,1,261.24,46.1,0
9279,5,48,550,20250721,1,124.86,22.03,0
9280,5,23,15,20250702,1,281.27,49.63,1
9281,5,55,67,20250709,1,84.76,21.19,0
9282,5,44,399,20250719,2,436.96,109.24,0
9283,5,25,156,20250703,1,358.46,89.62,0
9284,5,43,312,20250714,2,498.75,88.01,0
9285,5,53,40,20250729,1,122.06,52.31,0
9286,5,28,390,20250714,1,237.63,59.41,0
9287,5,55,206,20250729,1,95.35,10.6,0
9288,5,19,396,20250710,1,383.63,42.63,0
9289,5,22,280,20250709,1,447.97,79.05,0
9290,5,54,336,20250714,2,240.86,42.5,0
9291,5,46,259,20250730,1,196.91,21.88,0
9292,5,1,102,20250719,1,197.4,49.35,0
9293,5,17,170,20250705,1,223.33,55.83,0
9294,5,16,402,20250731,1,316.38,55.83,0
9295,5,17,583,20250727,1,251.24,27.92,0
9296,5,48,456,20250724,2,249.71,44.07,0
9297,5,47,146,20250701,1,103.16,18.21,0
9298,5,43,381,20250710,1,205.37,88.01,1
9299,5,43,112,20250703,1,264.04,29.34,0
9300,5,53,300,20250726,1,139.5,34.87,0
9301,5,24,541,20250716,1,590.23,104.16,0
9302,5,41,345,20250703,1,134.05,23.65,0
9303,5,41,461,20250722,1,126.16,31.54,0
9304,5,50,185,20250731,1,158.53,17.61,0
9305,5,6,598,20250720,1,330.39,82.6,0
9306,5,51,227,20250707,1,52.55,13.14,0
9307,5,21,164,20250723,1,498.49,55.39,0
9308,5,19,351,20250720,1,383.63,42.63,0
9309,5,12,82,20250706,1,407.92,45.33,0
9310,5,29,9,20250703,1,409.68,102.42,0
9311,5,52,37,20250709,1,70.94,12.52,1
9312,5,54,527,20250711,2,226.69,56.67,0
9313,5,18,215,20250709,2,1108.0,277.0,0
9314,5,45,83,20250718,1,110.13,19.44,0
9315,5,56,7,20250709,1,55.02,9.71,0
9316,5,10,429,20250719,1,208.79,36.85,0
9317,5,52,118,20250721,1,70.94,12.52,0
9318,5,9,476,20250713,1,367.6,40.84,0
9319,5,50,33,20250708,1,149.72,26.42,0
9320,5,42,442,20250715,1,79.72,19.93,0
9321,5,54,380,20250714,1,120.43,21.25,0
9322,5,17,85,20250708,1,223.33,55.83,0
9323,5,3,580,20250714,1,403.9,44.88,0
9324,5,20,97,20250730,1,264.46,66.11,0
9325,5,7,177,20250727,1,261.24,46.1,0
9326,5,54,26,20250721,1,127.51,14.17,1
9327,5,21,565,20250729,1,443.1,110.78,0
9328,5,42,382,20250720,1,89.68,9.97,0
9329,5,1,487,20250715,1,197.4,49.35,0
9330,5,47,345,20250708,1,103.16,18.21,0
9331,6,19,560,20250731,1,383.63,42.63,0
9332,6,50,236,20250714,1,123.3,52.84,0
9333,6,48,196,20250721,1,117.51,29.38,1
9334,6,44,48,20250712,1,218.48,54.62,0
9335,6,42,280,20250701,1,79.72,19.93,0
9336,6,55,335,20250717,1,95.35,10.6,1
9337,6,48,95,20250730,1,132.2,14.69,0
9338,6,5,488,20250706,1,214.44,53.61,0
9339,6,31,283,20250720,1,397.29,70.11,0
9340,6,34,49,20250728,1,310.0,34.45,0
9341,6,16,353,20250701,1,297.77,74.44,0
9342,6,49,13,20250716,1,48.1,12.03,0
9343,6,56,438,20250731,1,55.02,9.71,0
9344,6,10,364,20250717,1,208.79,36.85,0
9345,6,30,421,20250731,2,494.5,54.94,0
9346,6,48,73,20250728,1,117.51,29.38,0
9347,6,42,416,20250709,1,89.68,9.97,0
9348,6,16,342,20250712,1,316.38,55.83,1
9349,6,47,456,20250718,1,97.1,24.27,0
9350,6,13,153,20250726,1,352.91,88.23,0
9351,6,3,75,20250709,1,314.15,134.63,0
9352,6,13,38,20250705,1,352.91,88.23,0
9353,6,4,58,20250704,1,337.64,84.41,0
9354,6,53,267,20250702,1,148.21,26.16,0
9355,6,42,580,20250720,1,79.72,19.93,0
9356,6,50,463,20250712,1,140.91,35.23,0
9357,6,43,592,20250701,2,528.08,58.68,0
9358,6,45,147,20250728,1,110.13,19.44,0
9359,6,53,3,20250720,1,139.5,34.87,0
9360,6,51,180,20250723,1,55.84,9.85,0
9361,6,43,415,20250703,1,234.7,58.68,0
9362,6,45,254,20250724,2,233.23,25.91,0
9363,6,32,471,20250710,2,795.67,140.41,0
9364,6,2,322,20250707,2,493.12,123.28,0
9365,6,29,230,20250718,1,435.29,76.81,0
9366,6,10,431,20250704,2,417.59,73.69,0
9367,6,12,299,20250717,2,725.2,181.3,0
9368,6,5,35,20250714,1,214.44,53.61,0
9369,6,9,495,20250716,1,347.17,61.27,0
9370,6,56,571,20250704,2,103.57,25.89,0
9371,6,19,167,20250703,1,383.63,42.63,0
9372,6,17,436,20250716,1,251.24,27.92,0
9373,6,52,167,20250703,1,70.94,12.52,0
9374,6,15,596,20250727,1,328.15,36.46,0
9375,6,50,235,20250726,1,158.53,17.61,1
9376,6,39,442,20250714,1,543.88,95.98,0
9377,6,56,97,20250726,1,55.02,9.71,0
9378,6,23,595,20250725,1,264.72,66.18,0
9379,6,8,142,20250716,1,440.93,48.99,0
9380,6,3,20,20250715,1,359.02,89.76,0
9381,6,51,259,20250720,1,55.84,9.85,0
9382,6,43,425,20250731,1,249.37,44.01,0
9383,6,8,357,20250724,1,416.43,73.49,0
9384,6,50,525,20250730,1,158.53,17.61,0
9385,6,44,515,20250727,1,232.13,40.97,0
9386,6,46,129,20250715,1,175.03,43.76,0
9387,6,56,367,20250725,1,51.78,12.95,0
9388,6,44,504,20250720,1,218.48,54.62,0
9389,6,44,324,20250729,1,232.13,40.97,0
9390,6,3,68,20250703,1,403.9,44.88,0
9391,6,11,196,20250724,1,181.46,45.36,0
9392,6,44,234,20250720,2,436.96,109.24,0
9393,6,55,426,20250731,1,90.06,15.89,0
9394,6,44,349,20250725,1,245.79,27.31,0
9395,6,13,416,20250722,1,374.97,66.17,0
9396,6,56,315,20250705,1,51.78,12.95,0
9397,6,46,24,20250717,1,153.15,65.64,0
9398,6,41,311,20250713,1,134.05,23.65,0
9399,6,6,267,20250711,2,660.78,165.2,1
9400,6,47,374,20250726,1,103.16,18.21,0
9401,6,4,441,20250722,1,337.64,84.41,0
9402,6,56,301,20250706,1,51.78,12.95,0
9403,6,11,281,20250707,1,204.14,22.68,0
9404,6,35,463,20250729,1,300.34,75.08,0
9405,6,21,148,20250727,1,443.1,110.78,1
9406,6,56,314,20250707,1,51.78,12.95,0
9407,6,55,508,20250702,1,90.06,15.89,0
9408,6,19,280,20250720,1,341.01,85.25,0
9409,6,6,425,20250727,3,1053.12,185.85,0
9410,6,23,312,20250709,1,264.72,66.18,0
9411,6,55,290,20250718,1,84.76,21.19,0
9412,6,14,437,20250725,1,287.9,71.97,0
9413,6,3,339,20250702,1,359.02,89.76,0
9414,6,48,310,20250730,2,249.71,44.07,0
9415,6,50,310,20250708,2,281.82,70.46,0
9416,6,41,572,20250717,1,134.05,23.65,0
9417,6,7,597,20250713,1,276.61,30.73,0
9418,6,55,93,20250708,1,90.06,15.89,0
9419,6,56,486,20250706,1,55.02,9.71,0
9420,6,7,54,20250726,1,276.61,30.73,0
9421,6,1,238,20250709,1,197.4,49.35,0
9422,6,54,224,20250711,1,127.51,14.17,0
9423,6,2,597,20250730,1,246.56,61.64,0
9424,6,22,435,20250727,1,447.97,79.05,0
9425,6,43,402,20250714,2,469.41,117.35,0
9426,6,49,528,20250714,1,54.12,6.01,0
9427,6,21,135,20250718,1,443.1,110.78,0
9428,6,1,344,20250701,1,222.07,24.68,0
9429,6,53,94,20250712,1,139.5,34.87,0
9430,6,17,417,20250721,1,223.33,55.83,0
9431,7,41,160,20250731,1,126.16,31.54,0
9432,7,2,394,20250713,2,523.94,92.46,0
9433,7,52,131,20250709,1,66.77,16.69,0
9434,7,13,517,20250706,1,397.03,44.11,0
9435,7,14,578,20250702,1,287.9,71.97,0
9436,7,56,355,20250723,1,55.02,9.71,0
9437,7,56,297,20250728,1,55.02,9.71,0
9438,7,52,555,20250710,2,133.54,33.38,0
9439,7,47,253,20250703,1,103.16,18.21,0
9440,7,47,9,20250719,1,103.16,18.21,0
9441,7,52,128,20250729,1,66.77,16.69,0
9442,7,9,38,20250726,1,326.75,81.69,0
9443,7,48,371,20250702,1,124.86,22.03,0
9444,7,54,291,20250712,1,99.18,42.5,0
9445,7,47,346,20250716,1,109.23,12.14,0
9446,7,46,594,20250715,1,175.03,43.76,0
9447,7,1,19,20250711,1,222.07,24.68,0
9448,7,11,138,20250728,1,192.8,34.02,0
9449,7,42,480,20250724,1,89.68,9.97,1
9450,7,4,492,20250726,1,337.64,84.41,0
9451,7,47,436,20250714,1,103.16,18.21,0
9452,7,17,68,20250731,1,195.41,83.75,0
9453,7,43,181,20250701,2,498.75,88.01,0
9454,7,54,208,20250710,1,113.34,28.34,0
9455,7,13,55,20250709,1,397.03,44.11,0
9456,7,46,547,20250708,1,175.03,43.76,0
9457,7,45,292,20250708,1,90.7,38.87,0
9458,7,31,189,20250716,1,373.92,93.48,0
9459,7,44,239,20250717,1,218.48,54.62,0
9460,7,50,276,20250709,2,299.44,52.84,0
9461,7,7,233,20250726,1,261.24,46.1,0
9462,7,54,379,20250727,1,120.43,21.25,0
9463,7,19,348,20250704,1,362.32,63.94,0
9464,7,52,152,20250714,2,150.23,16.69,0
9465,7,45,377,20250729,2,220.27,38.87,0
9466,7,47,298,20250712,2,194.19,48.55,0
9467,7,10,595,20250731,1,196.51,49.13,0
9468,7,47,508,20250730,1,103.16,18.21,1
9469,7,46,583,20250702,1,196.91,21.88,0
9470,7,47,10,20250718,1,109.23,12.14,0
9471,7,54,502,20250722,1,120.43,21.25,0
9472,7,45,373,20250702,3,330.4,58.31,0
9473,7,44,308,20250703,1,218.48,54.62,0
9474,7,12,59,20250709,1,385.26,67.99,0
9475,7,13,373,20250708,1,374.97,66.17,0
9476,7,43,10,20250712,1,234.7,58.68,0
9477,7,18,499,20250716,1,554.0,138.5,0
9478,7,51,119,20250717,1,55.84,9.85,0
9479,7,10,13,20250725,2,442.15,49.13,0
9480,7,41,556,20250729,1,141.93,15.77,0
9481,7,42,546,20250724,1,84.7,14.95,0
9482,7,24,326,20250728,2,1249.9,138.88,1
9483,7,44,168,20250709,1,191.17,81.93,0
9484,7,53,305,20250723,1,156.93,17.44,0
9485,7,22,214,20250721,2,895.93,158.11,0
9486,7,45,193,20250710,2,233.23,25.91,0
9487,7,52,162,20250705,1,70.94,12.52,0
9488,7,48,353,20250721,1,124.86,22.03,0
9489,7,21,352,20250704,1,470.8,83.08,1
9490,7,46,586,20250708,2,350.06,87.52,0
9491,7,1,259,20250719,1,209.74,37.01,0
9492,7,54,108,20250709,1,113.34,28.34,0
9493,7,50,149,20250704,1,140.91,35.23,0
9494,7,50,464,20250724,2,299.44,52.84,0
9495,7,10,103,20250714,1,221.08,24.56,0
9496,8,4,145,20250721,1,358.74,63.31,0
9497,8,41,560,20250721,3,378.48,94.62,0
9498,8,48,38,20250718,1,124.86,22.03,0
9499,8,49,532,20250709,1,48.1,12.03,0
9500,8,46,248,20250731,1,185.97,32.82,0
9501,8,12,582,20250725,1,362.6,90.65,0
9502,8,22,308,20250722,1,421.62,105.4,1
9503,8,46,90,20250717,1,175.03,43.76,0
9504,8,9,132,20250714,2,653.5,163.38,0
9505,8,11,463,20250712,1,192.8,34.02,0
9506,8,54,39,20250729,1,127.51,14.17,0
9507,8,53,134,20250701,1,139.5,34.87,0
9508,8,45,507,20250705,1,116.61,12.96,0
9509,8,56,55,20250717,1,55.02,9.71,0
9510,8,15,13,20250712,2,510.45,218.77,0
9511,8,16,415,20250722,2,632.76,111.66,0
9512,8,43,126,20250730,1,249.37,44.01,0
9513,8,53,198,20250723,1,156.93,17.44,0
9514,8,43,473,20250711,2,469.41,117.35,0
9515,8,4,378,20250730,1,358.74,63.31,0
9516,8,13,451,20250722,1,374.97,66.17,0
9517,8,46,233,20250730,1,196.91,21.88,0
9518,8,41,64,20250713,1,126.16,31.54,0
9519,8,51,540,20250719,1,55.84,9.85,0
9520,8,56,344,20250725,1,51.78,12.95,0
9521,8,42,329,20250727,1,84.7,14.95,0
9522,8,52,488,20250701,1,70.94,12.52,0
9523,8,43,256,20250728,1,264.04,29.34,0
9524,8,50,414,20250705,1,140.91,35.23,0
9525,8,3,477,20250707,1,359.02,89.76,0
9526,8,15,241,20250709,1,291.69,72.92,0
9527,8,34,41,20250708,2,585.57,103.33,1
9528,8,48,400,20250723,2,235.02,58.76,0
9529,8,46,283,20250722,1,153.15,65.64,0
9530,8,48,562,20250706,3,374.57,66.1,0
9531,8,36,63,20250724,1,507.62,89.58,0
9532,8,56,264,20250729,1,58.26,6.47,0
9533,8,7,566,20250720,1,245.87,61.47,0
9534,8,2,104,20250717,1,277.38,30.82,0
9535,8,50,131,20250710,1,149.72,26.42,0
9536,8,12,511,20250708,1,362.6,90.65,0
9537,8,41,504,20250706,1,126.16,31.54,0
9538,8,5,201,20250728,1,227.84,40.21,0
9539,8,46,203,20250702,1,175.03,43.76,0
9540,8,43,35,20250712,1,234.7,58.68,0
9541,8,43,3,20250728,1,264.04,29.34,0
9542,8,49,68,20250731,1,51.11,9.02,0
9543,8,45,151,20250727,1,103.66,25.91,0
9544,8,56,170,20250721,1,51.78,12.95,0
9545,8,10,190,20250707,1,171.95,73.69,1
9546,8,54,299,20250722,1,113.34,28.34,0
9547,8,3,16,20250729,1,403.9,44.88,0
9548,8,19,559,20250726,1,362.32,63.94,0
9549,8,4,150,20250731,1,358.74,63.31,0
9550,8,50,398,20250725,1,140.91,35.23,0
9551,8,53,347,20250706,2,296.43,52.31,0
9552,8,56,419,20250715,1,55.02,9.71,0
9553,8,49,24,20250707,1,54.12,6.01,0
9554,1,18,290,20250828,3,1869.75,207.75,0
9555,1,19,66,20250811,1,383.63,42.63,0
9556,1,5,315,20250823,1,268.05,0.0,0
9557,1,44,524,20250827,1,273.1,0.0,0
9558,1,44,250,20250822,1,273.1,0.0,0
9559,1,32,380,20250823,1,468.04,0.0,0
9560,1,51,125,20250807,1,59.12,6.57,0
9561,1,54,124,20250807,1,120.43,21.25,0
9562,1,30,256,20250812,3,824.16,0.0,0
9563,1,8,94,20250828,1,489.92,0.0,0
9564,1,41,107,20250828,1,126.16,31.54,0
9565,1,50,5,20250823,1,176.14,0.0,1
9566,1,41,400,20250814,1,157.7,0.0,0
9567,1,23,26,20250816,2,628.71,33.09,0
9568,1,20,221,20250807,1,280.98,49.59,0
9569,1,52,555,20250823,1,83.46,0.0,0
9570,1,48,420,20250811,1,146.89,0.0,0
9571,1,47,402,20250810,1,121.37,0.0,0
9572,1,34,546,20250819,1,275.56,68.89,0
9573,1,41,164,20250820,1,157.7,0.0,0
9574,1,12,290,20250813,1,453.25,0.0,0
9575,1,9,462,20250817,1,326.75,81.69,0
9576,1,10,456,20250825,1,221.08,24.56,0
9577,1,51,167,20250808,1,62.41,3.28,0
9578,1,47,62,20250811,1,103.16,18.21,0
9579,1,7,105,20250807,1,276.61,30.73,0
9580,1,46,248,20250831,1,207.85,10.94,1
9581,1,52,563,20250826,1,83.46,0.0,0
9582,1,44,529,20250812,1,259.44,13.66,0
9583,1,48,63,20250829,1,139.55,7.34,0
9584,1,53,505,20250803,2,296.43,52.31,0
9585,1,46,161,20250802,1,207.85,10.94,0
9586,1,49,563,20250802,1,54.12,6.01,0
9587,1,41,252,20250826,1,157.7,0.0,0
9588,1,41,82,20250827,1,149.82,7.88,0
9589,1,53,72,20250806,2,244.12,104.62,0
9590,1,9,58,20250812,2,816.88,0.0,0
9591,1,47,155,20250826,1,121.37,0.0,0
9592,1,5,440,20250816,1,268.05,0.0,0
9593,1,17,159,20250816,1,279.16,0.0,0
9594,1,51,341,20250829,1,65.69,0.0,0
9595,1,46,126,20250823,2,437.58,0.0,0
9596,1,9,325,20250804,1,408.44,0.0,0
9597,1,49,285,20250812,1,60.13,0.0,0
9598,1,44,10,20250807,1,273.1,0.0,0
9599,1,46,181,20250816,1,218.79,0.0,0
9600,1,13,155,20250810,1,352.91,88.23,0
9601,1,42,499,20250818,1,99.65,0.0,0
9602,1,50,249,20250817,1,167.33,8.81,0
9603,1,14,512,20250818,1,359.87,0.0,0
9604,1,43,520,20250823,1,293.38,0.0,0
9605,1,54,258,20250809,1,134.6,7.08,0
9606,1,42,473,20250828,1,84.7,14.95,0
9607,1,4,425,20250808,1,400.95,21.1,0
9608,1,12,581,20250831,1,453.25,0.0,0
9609,1,52,241,20250825,2,158.57,8.35,0
9610,1,52,236,20250808,1,79.29,4.17,0
9611,1,49,600,20250811,1,48.1,12.03,0
9612,1,46,530,20250830,1,207.85,10.94,0
9613,1,6,414,20250818,1,412.99,0.0,0
9614,1,11,401,20250810,1,226.82,0.0,0
9615,1,45,144,20250810,1,123.09,6.48,0
9616,1,49,112,20250817,2,96.21,24.05,0
9617,1,13,201,20250820,2,882.28,0.0,0
9618,1,48,20,20250821,1,139.55,7.34,0
9619,1,24,204,20250830,1,694.39,0.0,0
9620,1,41,101,20250815,2,299.63,15.77,0
9621,1,48,459,20250824,1,146.89,0.0,0
9622,1,1,234,20250807,1,234.41,12.34,0
9623,1,43,74,20250831,2,586.76,0.0,0
9624,1,3,520,20250819,1,448.78,0.0,0
9625,1,42,484,20250817,1,99.65,0.0,1
9626,1,45,508,20250801,1,116.61,12.96,0
9627,1,50,263,20250806,2,334.67,17.61,0
9628,1,44,76,20250812,1,259.44,13.66,0
9629,1,6,228,20250821,1,351.04,61.95,1
9630,1,45,218,20250810,1,103.66,25.91,0
9631,1,42,238,20250802,1,94.67,4.98,0
9632,1,30,481,20250809,1,274.72,0.0,0
9633,2,47,331,20250831,1,121.37,0.0,0
9634,2,20,579,20250828,1,330.57,0.0,0
9635,2,41,325,20250803,1,126.16,31.54,0
9636,2,56,143,20250806,1,55.02,9.71,0
9637,2,47,576,20250830,1,84.96,36.41,0
9638,2,12,98,20250803,1,453.25,0.0,0
9639,2,51,322,20250801,1,45.98,19.71,1
9640,2,52,205,20250815,1,83.46,0.0,0
9641,2,54,269,20250829,1,120.43,21.25,0
9642,2,6,311,20250810,1,392.34,20.65,0
9643,2,6,87,20250808,1,392.34,20.65,0
9644,2,8,416,20250804,1,489.92,0.0,0
9645,2,52,27,20250812,1,75.11,8.35,0
9646,2,47,52,20250814,1,109.23,12.14,0
9647,2,9,477,20250810,1,408.44,0.0,0
9648,2,53,514,20250829,1,139.5,34.87,0
9649,2,2,21,20250811,1,292.79,15.41,0
9650,2,43,564,20250818,1,249.37,44.01,0
9651,2,56,164,20250822,1,64.73,0.0,0
9652,2,45,129,20250813,1,129.57,0.0,0
9653,2,3,533,20250819,1,426.34,22.44,0
9654,2,48,482,20250807,1,132.2,14.69,0
9655,2,47,469,20250829,1,115.3,6.07,0
9656,2,44,533,20250819,1,273.1,0.0,0
9657,2,43,361,20250801,1,278.71,14.67,0
9658,2,8,226,20250802,1,465.42,24.5,0
9659,2,7,528,20250821,2,522.48,92.2,0
9660,2,28,428,20250804,1,297.04,0.0,1
9661,2,3,543,20250818,1,448.78,0.0,1
9662,2,56,347,20250821,1,58.26,6.47,0
9663,2,45,554,20250831,2,259.14,0.0,1
9664,2,41,588,20250818,1,149.82,7.88,0
9665,2,2,571,20250807,1,308.2,0.0,0
9666,2,47,58,20250805,1,109.23,12.14,0
9667,2,56,172,20250826,1,61.49,3.24,0
9668,2,31,498,20250804,1,327.18,140.22,0
9669,2,51,98,20250814,1,65.69,0.0,0
9670,2,56,365,20250811,1,64.73,0.0,0
9671,2,24,235,20250831,1,694.39,0.0,0
9672,2,6,589,20250812,1,412.99,0.0,0
9673,2,8,131,20250827,1,489.92,0.0,0
9674,2,43,141,20250819,1,293.38,0.0,0
9675,2,11,9,20250830,1,204.14,22.68,0
9676,2,11,486,20250822,1,158.77,68.05,0
9677,2,3,361,20250826,3,1211.71,134.63,1
9678,2,2,25,20250805,1,261.97,46.23,0
9679,2,56,143,20250826,1,58.26,6.47,0
9680,2,44,413,20250808,1,259.44,13.66,0
9681,2,18,483,20250824,1,692.5,0.0,0
9682,2,49,406,20250806,1,60.13,0.0,0
9683,2,5,55,20250820,2,536.1,0.0,0
9684,2,55,536,20250825,1,105.95,0.0,0
9685,2,42,135,20250802,2,199.3,0.0,0
9686,2,46,25,20250823,1,207.85,10.94,1
9687,2,49,164,20250809,1,60.13,0.0,0
9688,2,26,483,20250818,1,418.18,73.8,0
9689,2,4,438,20250821,1,422.05,0.0,0
9690,2,17,78,20250821,1,279.16,0.0,0
9691,2,48,31,20250814,1,132.2,14.69,0
9692,2,2,384,20250803,1,246.56,61.64,0
9693,2,45,226,20250825,1,123.09,6.48,1
9694,2,48,23,20250829,1,124.86,22.03,0
9695,2,56,208,20250826,1,64.73,0.0,0
9696,2,52,456,20250808,1,83.46,0.0,0
9697,2,9,417,20250813,1,388.02,20.42,0
9698,2,52,513,20250827,1,79.29,4.17,0
9699,2,18,367,20250825,2,1385.0,0.0,0
9700,2,37,137,20250830,2,1134.19,59.69,0
9701,2,13,206,20250809,1,419.08,22.06,0
9702,2,23,227,20250826,1,314.36,16.54,0
9703,2,53,19,20250829,1,174.37,0.0,0
9704,2,29,400,20250828,1,435.29,76.81,0
9705,2,4,565,20250801,1,400.95,21.1,0
9706,2,54,25,20250813,1,141.68,0.0,0
9707,2,45,128,20250826,1,116.61,12.96,0
9708,2,48,39,20250801,1,146.89,0.0,0
9709,2,48,423,20250806,1,146.89,0.0,0
9710,3,16,405,20250802,1,260.55,111.66,0
9711,3,42,278,20250825,1,99.65,0.0,0
9712,3,56,407,20250815,1,64.73,0.0,0
9713,3,47,438,20250823,1,121.37,0.0,0
9714,3,9,506,20250804,1,326.75,81.69,0
9715,3,56,59,20250816,1,58.26,6.47,0
9716,3,41,171,20250809,1,126.16,31.54,0
9717,3,50,182,20250812,1,158.53,17.61,0
9718,3,56,148,20250820,1,64.73,0.0,0
9719,3,41,225,20250809,1,157.7,0.0,0
9720,3,12,475,20250829,1,407.92,45.33,1
9721,3,35,111,20250818,1,375.42,0.0,0
9722,3,52,462,20250809,1,66.77,16.69,0
9723,3,54,69,20250817,1,120.43,21.25,0
9724,3,49,428,20250803,1,48.1,12.03,0
9725,3,20,476,20250818,1,297.51,33.06,0
9726,3,6,490,20250814,1,371.69,41.3,0
9727,3,13,64,20250825,1,419.08,22.06,0
9728,3,50,434,20250812,1,176.14,0.0,0
9729,3,47,391,20250824,1,121.37,0.0,0
9730,3,28,47,20250810,1,282.19,14.85,0
9731,3,45,41,20250826,1,129.57,0.0,0
9732,3,44,271,20250816,1,273.1,0.0,0
9733,3,21,492,20250803,1,526.19,27.69,0
9734,3,49,202,20250827,1,54.12,6.01,0
9735,3,14,465,20250811,1,359.87,0.0,0
9736,3,29,58,20250827,2,1024.2,0.0,0
9737,3,22,102,20250801,1,500.67,26.35,0
9738,3,49,103,20250805,3,171.37,9.02,0
9739,3,50,94,20250830,1,167.33,8.81,0
9740,3,41,142,20250801,1,157.7,0.0,0
9741,3,49,39,20250828,1,54.12,6.01,0
9742,3,44,88,20250817,1,218.48,54.62,0
9743,3,51,268,20250820,2,131.38,0.0,0
9744,3,47,171,20250809,1,109.23,12.14,0
9745,3,10,426,20250808,1,245.64,0.0,0
9746,3,46,385,20250823,1,207.85,10.94,0
9747,3,42,569,20250805,1,99.65,0.0,0
9748,3,11,375,20250813,1,226.82,0.0,0
9749,3,47,372,20250814,2,230.6,12.14,0
9750,3,41,418,20250813,1,149.82,7.88,0
9751,3,18,312,20250814,2,1177.25,207.75,0
9752,3,47,534,20250817,1,84.96,36.41,0
9753,3,6,143,20250801,2,743.38,82.6,0
9754,3,55,150,20250822,2,211.9,0.0,1
9755,3,54,331,20250826,1,141.68,0.0,0
9756,3,41,178,20250821,1,157.7,0.0,0
9757,3,52,453,20250824,2,150.23,16.69,0
9758,3,49,149,20250813,1,54.12,6.01,1
9759,3,50,172,20250812,2,334.67,17.61,0
9760,3,42,63,20250828,1,79.72,19.93,0
9761,3,55,244,20250820,1,95.35,10.6,0
9762,3,11,246,20250824,1,226.82,0.0,0
9763,3,45,577,20250813,1,103.66,25.91,0
9764,3,42,146,20250824,1,89.68,9.97,1
9765,3,43,303,20250828,1,293.38,0.0,0
9766,3,42,583,20250822,1,84.7,14.95,0
9767,3,44,344,20250805,1,273.1,0.0,0
9768,4,38,143,20250818,1,745.31,39.23,0
9769,4,55,435,20250813,1,105.95,0.0,0
9770,4,52,135,20250829,1,70.94,12.52,0
9771,4,36,179,20250822,1,477.76,119.44,0
9772,4,41,57,20250805,1,134.05,23.65,0
9773,4,55,201,20250821,1,90.06,15.89,0
9774,4,24,116,20250803,1,624.95,69.44,0
9775,4,12,352,20250806,1,453.25,0.0,0
9776,4,24,345,20250821,1,694.39,0.0,0
9777,4,14,392,20250806,1,359.87,0.0,0
9778,4,44,462,20250815,1,232.13,40.97,0
9779,4,49,317,20250827,1,51.11,9.02,0
9780,4,37,337,20250830,2,1134.19,59.69,0
9781,4,52,194,20250822,1,83.46,0.0,0
9782,4,15,179,20250823,1,309.92,54.69,1
9783,4,5,397,20250817,1,254.65,13.4,0
9784,4,17,59,20250810,1,237.29,41.87,1
9785,4,42,573,20250813,1,84.7,14.95,0
9786,4,1,505,20250824,1,246.75,0.0,0
9787,4,19,40,20250827,3,1214.84,63.94,0
9788,4,48,204,20250814,1,139.55,7.34,0
9789,4,48,307,20250818,1,102.82,44.07,0
9790,4,50,523,20250821,1,123.3,52.84,0
9791,4,44,139,20250820,1,218.48,54.62,0
9792,4,52,381,20250829,1,79.29,4.17,0
9793,4,53,421,20250808,1,156.93,17.44,1
9794,4,48,406,20250813,1,146.89,0.0,0
9795,4,23,553,20250815,1,330.9,0.0,0
9796,4,4,407,20250830,1,337.64,84.41,0
9797,4,1,21,20250804,2,468.82,24.68,0
9798,4,50,350,20250827,1,176.14,0.0,0
9799,4,8,461,20250801,1,489.92,0.0,0
9800,4,48,588,20250804,1,146.89,0.0,1
9801,4,54,162,20250808,1,141.68,0.0,0
9802,4,45,153,20250808,1,110.13,19.44,0
9803,4,18,504,20250821,1,657.88,34.62,0
9804,4,22,384,20250825,1,500.67,26.35,0
9805,4,10,575,20250813,1,245.64,0.0,0
9806,4,45,311,20250822,1,103.66,25.91,0
9807,4,48,365,20250804,1,132.2,14.69,0
9808,4,43,543,20250805,2,557.42,29.34,0
9809,4,50,40,20250806,1,123.3,52.84,0
9810,4,54,589,20250822,1,141.68,0.0,0
9811,4,41,561,20250825,1,141.93,15.77,0
9812,4,43,1,20250802,2,586.76,0.0,0
9813,4,48,38,20250819,2,279.09,14.69,0
9814,5,19,548,20250803,2,809.89,42.63,0
9815,5,42,413,20250823,1,99.65,0.0,0
9816,5,45,234,20250820,1,129.57,0.0,0
9817,5,53,472,20250830,1,174.37,0.0,0
9818,5,54,470,20250819,1,127.51,14.17,0
9819,5,2,263,20250827,1,308.2,0.0,0
9820,5,42,264,20250821,1,99.65,0.0,0
9821,5,52,540,20250811,1,70.94,12.52,0
9822,5,48,369,20250804,1,146.89,0.0,0
9823,5,49,64,20250813,3,144.31,36.08,0
9824,5,54,59,20250815,1,120.43,21.25,0
9825,5,53,295,20250821,1,148.21,26.16,0
9826,5,18,494,20250831,1,692.5,0.0,0
9827,5,53,78,20250826,1,139.5,34.87,0
9828,5,55,488,20250804,1,105.95,0.0,0
9829,5,44,508,20250806,1,273.1,0.0,0
9830,5,46,212,20250810,1,196.91,21.88,0
9831,5,44,213,20250830,1,273.1,0.0,0
9832,5,48,450,20250818,1,139.55,7.34,0
9833,5,19,468,20250825,1,404.95,21.31,0
9834,5,48,366,20250814,1,139.55,7.34,0
9835,5,44,434,20250827,1,245.79,27.31,0
9836,5,43,444,20250816,1,264.04,29.34,0
9837,5,45,511,20250805,2,246.18,12.96,0
9838,5,22,548,20250805,1,527.02,0.0,0
9839,5,54,256,20250825,1,134.6,7.08,0
9840,5,12,580,20250822,1,385.26,67.99,0
9841,5,49,117,20250827,3,180.39,0.0,0
9842,5,56,280,20250812,1,55.02,9.71,0
9843,5,47,466,20250811,1,121.37,0.0,0
9844,5,50,146,20250815,2,352.28,0.0,0
9845,5,25,139,20250830,1,358.46,89.62,0
9846,5,11,498,20250820,1,215.48,11.34,0
9847,5,41,442,20250807,1,149.82,7.88,0
9848,5,20,79,20250809,1,330.57,0.0,0
9849,5,53,285,20250815,1,174.37,0.0,0
9850,5,43,530,20250812,1,234.7,58.68,0
9851,5,6,426,20250826,1,351.04,61.95,1
9852,5,56,144,20250830,2,110.04,19.42,1
9853,5,43,253,20250826,1,293.38,0.0,0
9854,5,53,557,20250808,1,165.65,8.72,0
9855,5,10,563,20250828,2,491.28,0.0,0
9856,5,55,560,20250806,1,105.95,0.0,0
9857,5,54,259,20250815,2,283.36,0.0,0
9858,5,50,520,20250818,2,281.82,70.46,0
9859,5,53,473,20250805,1,148.21,26.16,0
9860,5,16,173,20250816,1,372.21,0.0,0
9861,5,45,164,20250822,1,123.09,6.48,0
9862,5,14,392,20250809,1,359.87,0.0,1
9863,5,54,379,20250811,1,120.43,21.25,0
9864,5,5,270,20250807,1,268.05,0.0,0
9865,5,56,222,20250818,1,58.26,6.47,1
9866,5,45,588,20250806,1,110.13,19.44,0
9867,5,10,37,20250808,1,233.36,12.28,0
9868,5,10,583,20250818,1,245.64,0.0,0
9869,5,46,254,20250823,3,590.73,65.64,0
9870,5,28,281,20250807,1,282.19,14.85,0
9871,5,7,516,20250819,1,261.24,46.1,0
9872,5,51,102,20250822,1,59.12,6.57,0
9873,5,48,323,20250820,1,146.89,0.0,0
9874,6,44,531,20250822,2,546.2,0.0,0
9875,6,43,409,20250817,2,586.76,0.0,0
9876,6,48,320,20250830,1,139.55,7.34,1
9877,6,46,144,20250806,2,415.7,21.88,0
9878,6,42,433,20250807,1,89.68,9.97,0
9879,6,12,353,20250826,1,453.25,0.0,0
9880,6,18,94,20250827,1,692.5,0.0,0
9881,6,11,458,20250824,1,204.14,22.68,0
9882,6,5,263,20250807,1,227.84,40.21,0
9883,6,43,107,20250827,1,234.7,58.68,0
9884,6,41,95,20250804,1,157.7,0.0,0
9885,6,43,14,20250811,1,264.04,29.34,0
9886,6,50,115,20250819,1,140.91,35.23,0
9887,6,45,486,20250818,1,129.57,0.0,0
9888,6,9,194,20250826,1,388.02,20.42,0
9889,6,7,429,20250817,1,291.97,15.37,0
9890,6,13,369,20250807,1,441.14,0.0,1
9891,6,47,268,20250808,1,115.3,6.07,0
9892,6,6,187,20250821,1,412.99,0.0,0
9893,6,55,290,20250821,1,105.95,0.0,0
9894,6,56,451,20250824,1,64.73,0.0,0
9895,6,13,394,20250807,1,397.03,44.11,0
9896,6,53,532,20250815,1,139.5,34.87,0
9897,6,53,395,20250824,1,156.93,17.44,0
9898,6,46,90,20250819,1,207.85,10.94,1
9899,6,17,368,20250805,1,279.16,0.0,0
9900,6,9,305,20250823,1,408.44,0.0,0
9901,6,41,541,20250825,1,141.93,15.77,0
9902,6,5,294,20250827,1,268.05,0.0,0
9903,6,51,27,20250823,1,62.41,3.28,0
9904,6,41,149,20250824,1,141.93,15.77,0
9905,6,56,312,20250806,1,64.73,0.0,0
9906,6,44,442,20250828,1,259.44,13.66,0
9907,6,53,248,20250817,1,148.21,26.16,0
9908,6,10,325,20250830,1,233.36,12.28,0
9909,6,55,505,20250811,1,105.95,0.0,0
9910,6,45,390,20250827,1,116.61,12.96,0
9911,6,52,501,20250806,1,83.46,0.0,0
9912,6,53,496,20250802,1,165.65,8.72,0
9913,6,55,270,20250803,2,211.9,0.0,0
9914,6,45,155,20250830,2,233.23,25.91,0
9915,6,44,532,20250819,1,273.1,0.0,0
9916,6,51,75,20250801,1,62.41,3.28,0
9917,6,56,445,20250807,1,55.02,9.71,0
9918,6,55,384,20250816,1,105.95,0.0,0
9919,6,47,178,20250807,3,254.88,109.23,0
9920,6,18,454,20250816,1,554.0,138.5,0
9921,6,17,197,20250822,1,279.16,0.0,0
9922,6,49,502,20250807,2,120.26,0.0,0
9923,6,2,529,20250830,1,277.38,30.82,0
9924,6,51,174,20250818,2,131.38,0.0,0
9925,6,42,460,20250810,1,99.65,0.0,0
9926,6,24,254,20250809,1,694.39,0.0,0
9927,6,49,340,20250819,1,57.12,3.01,0
9928,6,53,378,20250817,1,139.5,34.87,0
9929,6,24,54,20250819,1,590.23,104.16,0
9930,6,51,323,20250803,1,65.69,0.0,0
9931,6,55,74,20250816,1,100.65,5.3,0
9932,6,10,114,20250820,2,491.28,0.0,0
9933,6,18,450,20250814,1,692.5,0.0,0
9934,6,6,439,20250813,1,412.99,0.0,0
9935,6,54,323,20250819,1,127.51,14.17,0
9936,6,24,355,20250811,1,694.39,0.0,0
9937,6,16,35,20250825,1,353.6,18.61,0
9938,6,19,495,20250803,3,1214.84,63.94,0
9939,6,51,391,20250820,1,62.41,3.28,0
9940,7,7,354,20250811,1,261.24,46.1,0
9941,7,47,30,20250811,1,121.37,0.0,0
9942,7,22,58,20250808,1,447.97,79.05,0
9943,7,49,496,20250822,1,54.12,6.01,0
9944,7,43,42,20250816,1,293.38,0.0,0
9945,7,52,436,20250818,1,66.77,16.69,0
9946,7,44,250,20250808,1,273.1,0.0,0
9947,7,42,512,20250814,1,89.68,9.97,0
9948,7,43,393,20250822,1,293.38,0.0,0
9949,7,42,32,20250807,1,99.65,0.0,0
9950,7,51,33,20250809,1,65.69,0.0,0
9951,7,46,61,20250801,1,185.97,32.82,0
9952,7,9,374,20250829,1,408.44,0.0,0
9953,7,42,13,20250801,1,94.67,4.98,0
9954,7,54,148,20250830,2,269.19,14.17,0
9955,7,6,202,20250808,1,351.04,61.95,0
9956,7,44,310,20250809,1,245.79,27.31,0
9957,7,51,253,20250807,1,59.12,6.57,0
9958,7,7,504,20250823,1,307.34,0.0,0
9959,7,41,496,20250829,2,268.09,47.31,0
9960,7,45,526,20250831,1,116.61,12.96,0
9961,7,1,570,20250804,1,246.75,0.0,0
9962,7,56,348,20250801,1,64.73,0.0,0
9963,7,52,360,20250807,1,75.11,8.35,0
9964,7,53,76,20250822,1,174.37,0.0,0
9965,7,49,86,20250817,1,54.12,6.01,0
9966,7,40,321,20250807,1,683.3,0.0,0
9967,7,14,405,20250802,1,287.9,71.97,0
9968,7,56,363,20250808,1,51.78,12.95,0
9969,7,52,247,20250822,1,70.94,12.52,0
9970,7,19,452,20250801,1,383.63,42.63,1
9971,7,11,462,20250827,1,215.48,11.34,0
9972,7,48,15,20250805,1,146.89,0.0,0
9973,7,48,191,20250801,1,124.86,22.03,0
9974,7,13,423,20250819,3,1257.25,66.17,0
9975,7,46,537,20250812,1,218.79,0.0,0
9976,7,8,165,20250822,1,416.43,73.49,1
9977,7,45,558,20250829,1,116.61,12.96,0
9978,8,52,236,20250810,1,75.11,8.35,0
9979,8,1,339,20250825,1,246.75,0.0,0
9980,8,1,596,20250813,1,234.41,12.34,0
9981,8,56,464,20250811,1,64.73,0.0,1
9982,8,9,217,20250812,1,408.44,0.0,0
9983,8,47,120,20250803,1,109.23,12.14,0
9984,8,24,8,20250809,1,694.39,0.0,0
9985,8,14,242,20250812,1,359.87,0.0,0
9986,8,8,191,20250801,1,489.92,0.0,0
9987,8,12,265,20250811,1,362.6,90.65,0
9988,8,44,9,20250818,2,546.2,0.0,0
9989,8,54,317,20250808,1,134.6,7.08,0
9990,8,5,483,20250808,1,268.05,0.0,0
9991,8,43,207,20250823,2,586.76,0.0,0
9992,8,50,192,20250824,1,167.33,8.81,0
9993,8,49,519,20250818,1,54.12,6.01,0
9994,8,44,344,20250812,1,273.1,0.0,0
9995,8,1,274,20250805,1,246.75,0.0,0
9996,8,46,582,20250830,1,185.97,32.82,0
9997,8,48,124,20250828,1,146.89,0.0,0
9998,8,44,562,20250817,1,245.79,27.31,0
9999,8,53,272,20250826,1,174.37,0.0,0
10000,8,10,436,20250801,1,233.36,12.28,1
10001,8,6,394,20250818,1,412.99,0.0,0
10002,8,13,440,20250828,1,441.14,0.0,0
10003,8,26,235,20250811,1,467.38,24.6,0
10004,8,42,563,20250811,2,199.3,0.0,0
10005,8,43,272,20250810,1,249.37,44.01,0
10006,8,53,412,20250830,1,174.37,0.0,0
10007,8,45,433,20250802,2,246.18,12.96,0
10008,8,45,395,20250824,1,116.61,12.96,0
10009,8,16,459,20250801,2,744.42,0.0,0
10010,8,1,149,20250825,1,246.75,0.0,1
10011,8,14,523,20250825,1,341.88,17.99,0
10012,8,2,319,20250830,1,308.2,0.0,0
10013,8,46,179,20250813,1,196.91,21.88,0
10014,8,15,85,20250831,3,1093.83,0.0,0
10015,8,51,321,20250808,1,65.69,0.0,0
10016,8,10,147,20250827,1,245.64,0.0,0
10017,8,55,380,20250807,1,105.95,0.0,0
10018,8,23,543,20250819,1,314.36,16.54,0
10019,8,24,535,20250812,2,1111.02,277.76,0
10020,8,51,455,20250820,1,62.41,3.28,0
10021,1,32,454,20250907,1,468.04,0.0,0
10022,1,15,345,20250924,1,364.61,0.0,0
10023,1,36,137,20250922,1,597.2,0.0,0
10024,1,35,30,20250902,2,713.3,37.54,0
10025,1,22,286,20250916,1,527.02,0.0,0
10026,1,27,133,20250903,1,298.95,15.73,0
10027,1,34,84,20250908,1,310.0,34.45,0
10028,1,19,351,20250926,1,362.32,63.94,0
10029,1,34,152,20250924,1,344.45,0.0,0
10030,1,7,130,20250912,2,583.95,30.73,0
10031,1,17,311,20250902,1,251.24,27.92,1
10032,1,51,291,20250925,1,62.41,3.28,0
10033,1,30,454,20250905,1,192.3,82.42,0
10034,1,32,491,20250902,1,421.24,46.8,0
10035,1,20,48,20250913,1,314.04,16.53,0
10036,1,35,471,20250908,1,375.42,0.0,0
10037,1,27,108,20250921,1,283.21,31.47,0
10038,1,6,14,20250915,1,412.99,0.0,0
10039,1,3,39,20250920,1,381.46,67.32,0
10040,1,37,589,20250919,2,1193.88,0.0,0
10041,1,10,502,20250909,1,245.64,0.0,0
10042,1,31,412,20250904,1,467.4,0.0,0
10043,1,46,409,20250923,1,218.79,0.0,0
10044,1,55,332,20250909,1,105.95,0.0,1
10045,1,25,531,20250913,1,448.08,0.0,0
10046,1,16,69,20250912,1,353.6,18.61,0
10047,1,56,207,20250917,2,110.04,19.42,0
10048,1,36,239,20250930,1,597.2,0.0,0
10049,1,50,54,20250908,1,158.53,17.61,0
10050,1,37,210,20250914,1,567.09,29.85,0
10051,1,41,92,20250929,1,149.82,7.88,0
10052,1,12,415,20250901,1,430.59,22.66,0
10053,1,54,450,20250903,1,141.68,0.0,0
10054,1,37,31,20250902,1,596.94,0.0,0
10055,1,40,298,20250923,1,580.81,102.49,0
10056,1,27,572,20250901,1,314.68,0.0,0
10057,1,16,346,20250914,1,316.38,55.83,0
10058,1,29,540,20250904,1,409.68,102.42,0
10059,1,27,360,20250930,1,283.21,31.47,0
10060,1,4,393,20250911,1,422.05,0.0,0
10061,1,8,214,20250925,1,465.42,24.5,1
10062,1,33,361,20250918,1,480.0,0.0,1
10063,1,31,440,20250901,1,467.4,0.0,0
10064,1,31,231,20250917,1,444.03,23.37,0
10065,1,2,111,20250918,1,308.2,0.0,1
10066,1,19,24,20250904,1,426.26,0.0,0
10067,1,53,226,20250919,1,174.37,0.0,0
10068,1,29,432,20250922,2,972.99,51.21,0
10069,1,7,159,20250921,1,245.87,61.47,0
10070,1,35,170,20250930,1,375.42,0.0,0
10071,1,12,140,20250906,1,453.25,0.0,0
10072,1,38,67,20250915,1,706.09,78.45,0
10073,1,48,452,20250918,1,146.89,0.0,0
10074,1,32,195,20250916,1,421.24,46.8,0
10075,1,5,135,20250928,1,254.65,13.4,0
10076,1,55,438,20250901,1,105.95,0.0,0
10077,1,31,249,20250917,1,467.4,0.0,0
10078,1,25,507,20250913,1,448.08,0.0,0
10079,1,17,306,20250930,1,279.16,0.0,0
10080,1,4,210,20250921,2,801.89,42.21,0
10081,1,17,380,20250903,1,279.16,0.0,0
10082,1,14,339,20250922,1,341.88,17.99,0
10083,1,29,453,20250911,2,819.36,204.84,0
10084,1,24,203,20250917,1,694.39,0.0,0
10085,1,40,394,20250906,1,649.14,34.16,0
10086,1,20,417,20250920,1,330.57,0.0,0
10087,1,44,189,20250925,1,273.1,0.0,0
10088,1,25,8,20250911,1,380.87,67.21,0
10089,1,28,574,20250903,2,504.97,89.11,0
10090,1,29,315,20250919,1,512.1,0.0,0
10091,1,40,188,20250929,1,580.81,102.49,0
10092,1,26,597,20250911,1,491.98,0.0,0
10093,1,4,514,20250911,2,759.69,84.41,0
10094,1,1,355,20250906,1,234.41,12.34,0
10095,1,1,34,20250905,1,234.41,12.34,0
10096,1,14,312,20250903,1,341.88,17.99,0
10097,1,42,215,20250910,1,94.67,4.98,0
10098,1,51,572,20250926,2,124.81,6.57,0
10099,1,46,501,20250912,2,437.58,0.0,0
10100,1,15,403,20250909,1,364.61,0.0,1
10101,1,38,244,20250906,1,745.31,39.23,0
10102,1,36,327,20250927,1,507.62,89.58,0
10103,1,26,64,20250914,1,491.98,0.0,1
10104,1,32,209,20250908,1,397.83,70.21,0
10105,1,12,188,20250916,2,906.5,0.0,0
10106,1,52,96,20250916,1,75.11,8.35,0
10107,1,29,366,20250904,1,486.49,25.61,0
10108,1,29,172,20250905,1,486.49,25.61,0
10109,1,48,113,20250911,1,146.89,0.0,0
10110,1,3,252,20250907,2,897.56,0.0,0
10111,1,29,206,20250930,1,460.89,51.21,0
10112,1,33,472,20250922,1,480.0,0.0,0
10113,1,33,235,20250918,1,480.0,0.0,1
10114,1,31,134,20250907,1,373.92,93.48,0
10115,1,42,551,20250923,1,99.65,0.0,0
10116,1,4,23,20250929,1,358.74,63.31,0
10117,1,42,82,20250926,1,89.68,9.97,0
10118,1,48,578,20250920,1,117.51,29.38,0
10119,1,5,410,20250911,1,241.24,26.81,1
10120,1,1,80,20250906,1,234.41,12.34,0
10121,1,33,577,20250915,2,768.0,192.0,0
10122,1,47,497,20250926,2,218.47,24.27,0
10123,1,25,390,20250901,1,448.08,0.0,0
10124,1,24,571,20250929,1,590.23,104.16,0
10125,1,50,163,20250908,1,149.72,26.42,0
10126,1,50,9,20250905,1,167.33,8.81,0
10127,1,27,73,20250904,1,283.21,31.47,0
10128,1,31,31,20250913,1,444.03,23.37,0
10129,2,29,326,20250927,1,486.49,25.61,0
10130,2,3,248,20250923,2,852.68,44.88,0
10131,2,10,361,20250919,1,245.64,0.0,0
10132,2,21,592,20250909,2,1107.76,0.0,0
10133,2,19,405,20250922,1,404.95,21.31,0
10134,2,30,195,20250902,1,233.51,41.21,0
10135,2,52,428,20250921,1,83.46,0.0,1
10136,2,27,523,20250925,1,314.68,0.0,0
10137,2,19,527,20250910,1,426.26,0.0,0
10138,2,48,229,20250911,2,249.71,44.07,0
10139,2,18,122,20250905,2,1385.0,0.0,0
10140,2,25,132,20250917,1,380.87,67.21,1
10141,2,46,402,20250912,1,218.79,0.0,0
10142,2,13,298,20250927,1,397.03,44.11,0
10143,2,32,387,20250921,1,468.04,0.0,0
10144,2,6,113,20250906,1,392.34,20.65,0
10145,2,26,581,20250913,1,491.98,0.0,0
10146,2,42,271,20250926,1,89.68,9.97,0
10147,2,31,151,20250928,1,420.66,46.74,0
10148,2,1,438,20250920,1,234.41,12.34,0
10149,2,2,59,20250913,2,523.94,92.46,0
10150,2,5,13,20250928,1,241.24,26.81,0
10151,2,25,383,20250901,1,448.08,0.0,0
10152,2,32,421,20250912,1,397.83,70.21,0
10153,2,19,364,20250907,1,383.63,42.63,0
10154,2,56,525,20250929,1,64.73,0.0,0
10155,2,6,599,20250919,1,392.34,20.65,0
10156,2,30,315,20250915,2,494.5,54.94,0
10157,2,17,166,20250905,1,279.16,0.0,0
10158,2,40,109,20250901,1,580.81,102.49,1
10159,2,20,296,20250910,1,330.57,0.0,0
10160,2,25,587,20250905,1,448.08,0.0,0
10161,2,13,523,20250911,1,374.97,66.17,0
10162,2,25,276,20250910,1,448.08,0.0,0
10163,2,4,583,20250920,1,422.05,0.0,0
10164,2,41,54,20250907,2,315.4,0.0,0
10165,2,26,423,20250922,1,418.18,73.8,0
10166,2,47,438,20250916,1,97.1,24.27,0
10167,2,31,386,20250912,1,467.4,0.0,0
10168,2,1,537,20250928,1,172.73,74.02,0
10169,2,45,8,20250915,1,129.57,0.0,0
10170,2,24,412,20250924,1,694.39,0.0,0
10171,2,27,561,20250920,1,267.48,47.2,0
10172,2,1,87,20250929,1,246.75,0.0,0
10173,2,25,500,20250915,1,380.87,67.21,0
10174,2,34,338,20250915,1,344.45,0.0,0
10175,2,31,502,20250921,1,467.4,0.0,0
10176,2,37,387,20250923,3,1790.82,0.0,0
10177,2,28,344,20250912,2,504.97,89.11,0
10178,2,27,552,20250928,1,298.95,15.73,0
10179,2,49,375,20250926,1,48.1,12.03,0
10180,2,29,400,20250912,1,409.68,102.42,0
10181,2,8,585,20250909,1,440.93,48.99,0
10182,2,9,511,20250903,1,326.75,81.69,0
10183,2,5,217,20250910,1,268.05,0.0,0
10184,2,25,102,20250903,1,380.87,67.21,0
10185,2,37,230,20250905,1,567.09,29.85,0
10186,2,25,86,20250907,1,448.08,0.0,0
10187,2,43,102,20250922,1,264.04,29.34,0
10188,2,27,555,20250912,1,314.68,0.0,0
10189,2,45,337,20250925,2,259.14,0.0,0
10190,2,10,495,20250917,2,442.15,49.13,0
10191,2,28,121,20250912,1,252.48,44.56,0
10192,2,50,412,20250924,1,167.33,8.81,0
10193,2,32,109,20250905,2,936.08,0.0,0
10194,2,26,139,20250918,1,467.38,24.6,0
10195,2,29,400,20250919,1,409.68,102.42,0
10196,2,19,361,20250918,1,404.95,21.31,0
10197,2,31,291,20250922,1,467.4,0.0,0
10198,2,33,123,20250906,1,480.0,0.0,0
10199,2,3,104,20250913,1,448.78,0.0,0
10200,2,1,481,20250916,1,197.4,49.35,0
10201,2,25,4,20250908,1,448.08,0.0,0
10202,2,4,82,20250905,1,400.95,21.1,0
10203,2,34,67,20250914,1,327.23,17.22,0
10204,2,8,508,20250930,1,465.42,24.5,0
10205,2,29,53,20250914,1,512.1,0.0,0
10206,2,22,537,20250913,2,737.83,316.21,0
10207,2,37,280,20250918,1,596.94,0.0,0
10208,2,31,573,20250924,1,467.4,0.0,0
10209,2,18,426,20250924,1,692.5,0.0,0
10210,2,56,378,20250914,2,129.46,0.0,0
10211,2,21,218,20250906,1,526.19,27.69,0
10212,3,26,401,20250905,1,467.38,24.6,1
10213,3,22,497,20250907,1,474.32,52.7,0
10214,3,6,568,20250903,1,412.99,0.0,0
10215,3,28,369,20250906,1,252.48,44.56,0
10216,3,16,85,20250920,1,372.21,0.0,0
10217,3,11,547,20250926,1,181.46,45.36,0
10218,3,27,562,20250928,1,298.95,15.73,1
10219,3,56,320,20250909,1,64.73,0.0,0
10220,3,3,484,20250915,1,403.9,44.88,0
10221,3,28,26,20250912,1,267.34,29.7,0
10222,3,4,481,20250914,1,400.95,21.1,0
10223,3,17,368,20250925,1,251.24,27.92,0
10224,3,13,572,20250906,1,419.08,22.06,0
10225,3,53,73,20250907,1,165.65,8.72,0
10226,3,34,439,20250913,1,344.45,0.0,0
10227,3,37,7,20250925,1,596.94,0.0,0
10228,3,11,531,20250910,1,215.48,11.34,0
10229,3,28,459,20250919,1,252.48,44.56,0
10230,3,30,277,20250930,1,233.51,41.21,0
10231,3,29,464,20250901,1,486.49,25.61,0
10232,3,27,305,20250905,1,298.95,15.73,0
10233,3,53,510,20250901,1,139.5,34.87,1
10234,3,32,538,20250920,1,468.04,0.0,0
10235,3,30,118,20250911,1,233.51,41.21,0
10236,3,19,114,20250913,1,383.63,42.63,0
10237,3,27,259,20250924,1,267.48,47.2,0
10238,3,30,141,20250921,1,247.25,27.47,0
10239,3,54,193,20250904,1,141.68,0.0,0
10240,3,32,449,20250908,2,842.47,93.61,0
10241,3,49,54,20250914,1,57.12,3.01,0
10242,3,44,242,20250923,2,518.89,27.31,0
10243,3,15,222,20250913,1,291.69,72.92,0
10244,3,11,354,20250914,1,204.14,22.68,0
10245,3,35,406,20250910,1,375.42,0.0,0
10246,3,6,303,20250916,1,351.04,61.95,0
10247,3,25,28,20250926,1,403.27,44.81,0
10248,3,13,472,20250915,1,441.14,0.0,0
10249,3,24,392,20250923,1,694.39,0.0,0
10250,3,19,253,20250909,1,426.26,0.0,0
10251,3,31,6,20250909,1,467.4,0.0,0
10252,3,9,372,20250905,1,408.44,0.0,0
10253,3,8,347,20250907,2,979.84,0.0,0
10254,3,32,126,20250919,1,397.83,70.21,0
10255,3,44,482,20250929,1,218.48,54.62,0
10256,3,14,525,20250901,1,305.89,53.98,0
10257,3,28,107,20250912,2,594.08,0.0,0
10258,3,31,496,20250907,1,444.03,23.37,0
10259,3,26,537,20250913,1,491.98,0.0,0
10260,3,40,179,20250904,1,614.97,68.33,0
10261,3,21,184,20250926,1,470.8,83.08,0
10262,3,25,111,20250910,1,380.87,67.21,0
10263,3,30,3,20250921,1,274.72,0.0,0
10264,3,28,57,20250920,1,282.19,14.85,0
10265,3,29,7,20250923,1,460.89,51.21,0
10266,3,8,138,20250913,1,391.94,97.98,0
10267,3,26,348,20250902,1,491.98,0.0,0
10268,3,26,266,20250915,1,491.98,0.0,0
10269,3,4,330,20250901,1,400.95,21.1,0
10270,3,36,501,20250925,2,1194.4,0.0,0
10271,3,1,250,20250909,2,493.5,0.0,0
10272,3,29,230,20250915,1,486.49,25.61,0
10273,3,55,381,20250914,1,74.16,31.79,0
10274,3,50,191,20250926,2,352.28,0.0,0
10275,3,28,175,20250908,1,207.93,89.11,0
10276,3,10,594,20250908,1,245.64,0.0,0
10277,3,50,96,20250914,1,158.53,17.61,0
10278,3,19,160,20250910,1,426.26,0.0,0
10279,3,7,173,20250922,1,307.34,0.0,0
10280,3,48,492,20250910,1,146.89,0.0,0
10281,3,8,236,20250919,1,489.92,0.0,0
10282,3,6,469,20250915,1,371.69,41.3,0
10283,3,41,103,20250928,1,149.82,7.88,0
10284,3,31,230,20250915,3,1332.09,70.11,0
10285,3,36,338,20250920,1,597.2,0.0,0
10286,3,25,125,20250926,1,448.08,0.0,0
10287,3,18,542,20250902,1,588.62,103.88,0
10288,3,4,296,20250921,1,422.05,0.0,0
10289,4,6,286,20250919,1,371.69,41.3,0
10290,4,10,191,20250920,1,245.64,0.0,0
10291,4,54,7,20250926,1,113.34,28.34,0
10292,4,34,27,20250908,1,292.78,51.67,0
10293,4,56,114,20250908,1,58.26,6.47,0
10294,4,49,516,20250917,1,60.13,0.0,0
10295,4,5,591,20250919,1,268.05,0.0,0
10296,4,1,295,20250926,1,209.74,37.01,0
10297,4,25,299,20250903,1,358.46,89.62,0
10298,4,1,339,20250922,1,246.75,0.0,0
10299,4,26,347,20250913,1,491.98,0.0,0
10300,4,44,138,20250908,1,273.1,0.0,0
10301,4,35,412,20250929,1,375.42,0.0,0
10302,4,24,171,20250908,1,694.39,0.0,0
10303,4,24,586,20250924,1,659.67,34.72,0
10304,4,27,204,20250904,1,251.74,62.94,0
10305,4,27,294,20250901,1,267.48,47.2,0
10306,4,33,364,20250917,1,432.0,48.0,0
10307,4,53,391,20250927,1,156.93,17.44,0
10308,4,55,512,20250922,1,105.95,0.0,0
10309,4,36,393,20250930,1,597.2,0.0,0
10310,4,39,5,20250911,1,639.86,0.0,0
10311,4,6,261,20250901,1,412.99,0.0,0
10312,4,11,317,20250901,1,204.14,22.68,0
10313,4,29,46,20250907,1,512.1,0.0,1
10314,4,30,278,20250913,1,219.78,54.94,0
10315,4,55,378,20250901,1,105.95,0.0,0
10316,4,18,52,20250903,1,657.88,34.62,0
10317,4,52,130,20250901,2,166.92,0.0,0
10318,4,29,487,20250930,1,460.89,51.21,0
10319,4,43,558,20250910,1,264.04,29.34,0
10320,4,16,54,20250901,2,669.98,74.44,0
10321,4,6,496,20250901,1,289.09,123.9,0
10322,4,28,386,20250916,2,534.67,59.41,0
10323,4,19,417,20250910,1,426.26,0.0,0
10324,4,35,465,20250927,1,375.42,0.0,0
10325,4,29,193,20250927,1,409.68,102.42,0
10326,4,19,87,20250928,1,341.01,85.25,0
10327,4,7,293,20250911,1,276.61,30.73,0
10328,4,8,80,20250918,1,489.92,0.0,1
10329,4,21,381,20250924,1,553.88,0.0,0
10330,4,13,5,20250916,1,441.14,0.0,0
10331,4,35,53,20250926,1,356.65,18.77,0
10332,4,55,241,20250915,1,100.65,5.3,0
10333,4,11,378,20250926,1,226.82,0.0,0
10334,4,48,249,20250924,1,146.89,0.0,0
10335,4,1,403,20250923,1,197.4,49.35,0
10336,4,52,82,20250920,1,66.77,16.69,0
10337,4,20,39,20250905,1,330.57,0.0,0
10338,4,29,148,20250924,1,512.1,0.0,0
10339,4,32,216,20250915,1,468.04,0.0,0
10340,4,37,276,20250922,1,567.09,29.85,0
10341,4,28,158,20250913,1,267.34,29.7,1
10342,4,16,498,20250904,1,353.6,18.61,0
10343,4,4,490,20250909,2,844.1,0.0,0
10344,4,21,370,20250926,1,526.19,27.69,0
10345,4,31,381,20250928,1,420.66,46.74,0
10346,4,17,349,20250903,1,265.2,13.96,0
10347,4,26,419,20250920,1,491.98,0.0,0
10348,4,55,359,20250925,1,95.35,10.6,1
10349,4,52,228,20250910,2,166.92,0.0,0
10350,4,22,333,20250912,1,527.02,0.0,1
10351,4,25,144,20250927,1,403.27,44.81,0
10352,4,27,425,20250901,1,298.95,15.73,0
10353,4,48,399,20250915,1,124.86,22.03,0
10354,5,34,140,20250904,1,310.0,34.45,1
10355,5,11,506,20250906,1,204.14,22.68,0
10356,5,54,409,20250924,1,141.68,0.0,0
10357,5,47,177,20250902,1,121.37,0.0,0
10358,5,44,392,20250903,2,546.2,0.0,0
10359,5,12,551,20250930,2,815.85,90.65,0
10360,5,23,390,20250927,1,297.81,33.09,1
10361,5,8,359,20250923,1,465.42,24.5,0
10362,5,17,544,20250904,1,279.16,0.0,0
10363,5,6,546,20250927,1,351.04,61.95,0
10364,5,34,159,20250912,1,310.0,34.45,0
10365,5,35,155,20250902,1,337.88,37.54,0
10366,5,22,175,20250921,1,527.02,0.0,0
10367,5,33,540,20250923,1,408.0,72.0,0
10368,5,30,217,20250930,1,260.98,13.74,0
10369,5,43,273,20250929,1,264.04,29.34,0
10370,5,47,592,20250920,1,115.3,6.07,0
10371,5,26,198,20250914,1,491.98,0.0,0
10372,5,6,173,20250927,1,412.99,0.0,0
10373,5,21,554,20250924,1,498.49,55.39,0
10374,5,52,385,20250903,1,83.46,0.0,0
10375,5,42,161,20250913,1,94.67,4.98,0
10376,5,27,571,20250920,1,314.68,0.0,0
10377,5,27,421,20250913,3,896.84,47.2,0
10378,5,42,11,20250912,1,99.65,0.0,0
10379,5,37,5,20250924,3,1790.82,0.0,0
10380,5,40,222,20250922,1,546.64,136.66,0
10381,5,17,156,20250917,1,237.29,41.87,0
10382,5,39,544,20250902,1,575.87,63.99,0
10383,5,13,153,20250914,1,397.03,44.11,0
10384,5,29,203,20250905,1,512.1,0.0,0
10385,5,25,563,20250904,1,403.27,44.81,0
10386,5,11,384,20250927,1,226.82,0.0,0
10387,5,28,534,20250930,1,297.04,0.0,1
10388,5,49,544,20250927,2,114.25,6.01,0
10389,5,18,150,20250908,1,588.62,103.88,0
10390,5,35,27,20250911,1,375.42,0.0,0
10391,5,28,21,20250905,1,297.04,0.0,0
10392,5,11,421,20250928,1,215.48,11.34,0
10393,5,17,525,20250926,1,223.33,55.83,0
10394,5,42,242,20250912,1,94.67,4.98,0
10395,5,1,9,20250928,1,172.73,74.02,0
10396,5,25,324,20250920,1,448.08,0.0,0
10397,5,28,346,20250901,2,594.08,0.0,0
10398,5,32,264,20250929,1,468.04,0.0,0
10399,5,6,198,20250921,3,1115.07,123.9,0
10400,5,13,202,20250930,1,397.03,44.11,0
10401,5,33,312,20250928,1,432.0,48.0,0
10402,5,9,92,20250908,1,326.75,81.69,0
10403,5,56,387,20250922,2,129.46,0.0,0
10404,5,38,561,20250909,3,1882.9,470.72,0
10405,5,51,324,20250923,1,52.55,13.14,0
10406,5,9,432,20250904,1,408.44,0.0,0
10407,5,28,13,20250902,1,252.48,44.56,0
10408,5,38,107,20250926,1,784.54,0.0,0
10409,5,18,552,20250911,1,692.5,0.0,0
10410,5,5,569,20250914,1,254.65,13.4,0
10411,5,14,87,20250906,1,359.87,0.0,0
10412,5,2,310,20250921,1,292.79,15.41,0
10413,5,19,325,20250924,1,426.26,0.0,0
10414,5,33,407,20250917,1,456.0,24.0,1
10415,5,14,409,20250923,1,341.88,17.99,0
10416,5,21,163,20250907,1,553.88,0.0,0
10417,5,27,260,20250910,1,267.48,47.2,0
10418,5,27,88,20250912,1,314.68,0.0,0
10419,5,3,488,20250913,1,448.78,0.0,0
10420,6,47,593,20250915,1,115.3,6.07,1
10421,6,28,454,20250927,1,297.04,0.0,0
10422,6,44,393,20250920,1,245.79,27.31,0
10423,6,26,344,20250913,1,491.98,0.0,0
10424,6,4,589,20250906,2,801.89,42.21,0
10425,6,8,479,20250921,1,489.92,0.0,0
10426,6,28,363,20250911,3,846.56,44.56,0
10427,6,14,484,20250904,1,359.87,0.0,0
10428,6,53,345,20250903,1,165.65,8.72,0
10429,6,25,218,20250910,1,448.08,0.0,0
10430,6,3,417,20250909,2,762.93,134.63,0
10431,6,14,160,20250923,1,341.88,17.99,0
10432,6,47,6,20250924,2,206.33,36.41,0
10433,6,17,420,20250923,1,279.16,0.0,0
10434,6,24,457,20250901,1,694.39,0.0,0
10435,6,3,481,20250922,1,403.9,44.88,0
10436,6,16,260,20250923,1,316.38,55.83,0
10437,6,30,63,20250905,1,247.25,27.47,0
10438,6,24,99,20250920,1,624.95,69.44,0
10439,6,32,404,20250914,1,468.04,0.0,0
10440,6,38,18,20250904,1,706.09,78.45,0
10441,6,5,352,20250918,2,536.1,0.0,0
10442,6,50,35,20250924,1,176.14,0.0,0
10443,6,56,272,20250926,1,64.73,0.0,0
10444,6,52,194,20250925,1,75.11,8.35,0
10445,6,3,88,20250909,1,403.9,44.88,0
10446,6,28,247,20250905,1,297.04,0.0,0
10447,6,49,504,20250926,1,57.12,3.01,1
10448,6,36,179,20250928,1,597.2,0.0,0
10449,6,25,450,20250924,2,716.93,179.23,0
10450,6,23,264,20250909,1,314.36,16.54,0
10451,6,39,468,20250905,1,543.88,95.98,0
10452,6,1,200,20250917,1,222.07,24.68,0
10453,6,38,194,20250925,1,784.54,0.0,1
10454,6,25,353,20250926,1,448.08,0.0,0
10455,6,39,305,20250915,1,575.87,63.99,0
10456,6,28,312,20250914,1,267.34,29.7,0
10457,6,25,515,20250904,1,380.87,67.21,0
10458,6,46,473,20250907,1,218.79,0.0,0
10459,6,21,331,20250913,1,498.49,55.39,0
10460,6,24,237,20250929,1,694.39,0.0,0
10461,6,37,218,20250923,1,507.4,89.54,0
10462,6,3,124,20250915,1,426.34,22.44,0
10463,6,44,86,20250916,1,273.1,0.0,0
10464,6,11,521,20250916,1,226.82,0.0,0
10465,6,3,96,20250911,1,426.34,22.44,1
10466,6,49,41,20250901,1,60.13,0.0,0
10467,6,34,582,20250901,1,344.45,0.0,0
10468,6,28,434,20250909,1,252.48,44.56,0
10469,6,8,473,20250922,1,416.43,73.49,0
10470,6,48,382,20250906,1,146.89,0.0,1
10471,6,51,410,20250918,1,65.69,0.0,0
10472,6,37,483,20250922,1,507.4,89.54,0
10473,6,14,227,20250910,1,341.88,17.99,0
10474,6,19,202,20250901,1,426.26,0.0,0
10475,6,12,224,20250908,1,453.25,0.0,0
10476,6,35,352,20250918,1,356.65,18.77,0
10477,6,5,336,20250914,1,268.05,0.0,0
10478,6,8,215,20250913,1,489.92,0.0,0
10479,6,53,44,20250903,1,174.37,0.0,0
10480,6,28,102,20250910,1,297.04,0.0,0
10481,6,49,60,20250927,1,51.11,9.02,0
10482,6,39,28,20250918,1,639.86,0.0,0
10483,6,6,35,20250902,1,412.99,0.0,0
10484,6,29,326,20250916,1,512.1,0.0,0
10485,6,10,268,20250910,1,245.64,0.0,0
10486,6,56,105,20250929,1,61.49,3.24,0
10487,6,33,520,20250902,1,456.0,24.0,0
10488,6,50,153,20250925,1,176.14,0.0,0
10489,6,40,440,20250904,1,580.81,102.49,0
10490,6,4,538,20250926,2,717.49,126.61,0
10491,6,13,340,20250914,1,441.14,0.0,0
10492,6,34,335,20250921,1,344.45,0.0,1
10493,6,41,71,20250902,2,299.63,15.77,0
10494,6,5,237,20250928,1,254.65,13.4,0
10495,7,3,420,20250901,1,448.78,0.0,0
10496,7,19,459,20250926,1,298.38,127.88,1
10497,7,27,249,20250909,1,298.95,15.73,0
10498,7,28,77,20250924,1,297.04,0.0,0
10499,7,29,132,20250913,1,512.1,0.0,0
10500,7,26,26,20250912,1,491.98,0.0,0
10501,7,11,415,20250928,1,215.48,11.34,0
10502,7,10,394,20250915,1,221.08,24.56,0
10503,7,3,425,20250913,1,448.78,0.0,0
10504,7,17,376,20250903,2,530.4,27.92,0
10505,7,26,573,20250913,1,467.38,24.6,0
10506,7,4,588,20250904,1,379.84,42.21,0
10507,7,8,371,20250907,1,489.92,0.0,0
10508,7,26,579,20250919,1,442.78,49.2,0
10509,7,4,535,20250925,1,379.84,42.21,0
10510,7,28,554,20250921,1,252.48,44.56,0
10511,7,28,268,20250902,1,297.04,0.0,0
10512,7,3,336,20250917,1,448.78,0.0,0
10513,7,27,286,20250924,1,298.95,15.73,0
10514,7,10,188,20250922,2,491.28,0.0,0
10515,7,27,480,20250918,1,314.68,0.0,0
10516,7,38,182,20250902,2,1569.08,0.0,0
10517,7,14,283,20250903,1,305.89,53.98,0
10518,7,35,113,20250910,1,262.79,112.63,0
10519,7,1,277,20250927,1,234.41,12.34,0
10520,7,34,220,20250924,1,241.12,103.33,0
10521,7,30,526,20250913,1,219.78,54.94,0
10522,7,4,293,20250912,1,422.05,0.0,0
10523,7,17,284,20250903,2,558.32,0.0,0
10524,7,20,533,20250912,1,314.04,16.53,1
10525,7,54,406,20250916,1,120.43,21.25,1
10526,7,23,588,20250907,1,330.9,0.0,0
10527,7,19,397,20250906,1,362.32,63.94,0
10528,7,26,295,20250904,1,467.38,24.6,0
10529,7,8,577,20250930,1,465.42,24.5,1
10530,7,5,10,20250923,1,268.05,0.0,0
10531,7,12,108,20250925,1,453.25,0.0,0
10532,7,9,167,20250906,1,367.6,40.84,0
10533,7,20,519,20250926,1,314.04,16.53,0
10534,7,51,380,20250930,1,55.84,9.85,0
10535,7,1,51,20250903,1,234.41,12.34,0
10536,7,30,406,20250913,1,247.25,27.47,0
10537,7,5,309,20250927,2,536.1,0.0,0
10538,7,23,90,20250922,1,314.36,16.54,0
10539,7,37,341,20250916,1,596.94,0.0,0
10540,7,5,409,20250906,1,241.24,26.81,0
10541,7,10,296,20250929,1,245.64,0.0,0
10542,7,38,75,20250903,1,745.31,39.23,0
10543,7,6,345,20250912,1,351.04,61.95,0
10544,7,7,27,20250910,1,215.14,92.2,0
10545,7,23,593,20250909,1,281.27,49.63,0
10546,7,50,140,20250917,1,167.33,8.81,0
10547,7,20,362,20250921,3,991.71,0.0,0
10548,7,43,103,20250903,2,586.76,0.0,0
10549,7,6,424,20250913,1,330.39,82.6,0
10550,7,20,474,20250901,1,231.4,99.17,1
10551,7,22,152,20250925,2,1054.04,0.0,0
10552,7,25,94,20250912,1,425.68,22.4,0
10553,7,40,227,20250926,2,1366.6,0.0,0
10554,7,26,319,20250917,1,442.78,49.2,0
10555,7,12,44,20250902,1,453.25,0.0,0
10556,7,36,570,20250924,1,597.2,0.0,0
10557,7,43,20,20250929,1,293.38,0.0,0
10558,7,55,300,20250917,1,90.06,15.89,0
10559,7,31,238,20250927,1,467.4,0.0,0
10560,7,42,55,20250916,1,89.68,9.97,0
10561,8,27,380,20250922,1,314.68,0.0,0
10562,8,48,570,20250912,1,139.55,7.34,0
10563,8,17,537,20250930,1,279.16,0.0,0
10564,8,3,7,20250914,1,448.78,0.0,0
10565,8,23,447,20250913,1,297.81,33.09,0
10566,8,3,473,20250916,1,448.78,0.0,0
10567,8,39,552,20250917,1,639.86,0.0,0
10568,8,27,451,20250916,1,298.95,15.73,0
10569,8,13,127,20250923,1,419.08,22.06,0
10570,8,18,474,20250921,1,692.5,0.0,0
10571,8,11,341,20250927,1,226.82,0.0,0
10572,8,18,518,20250928,1,554.0,138.5,0
10573,8,4,354,20250908,3,1202.84,63.31,0
10574,8,12,255,20250908,1,407.92,45.33,0
10575,8,23,237,20250902,1,330.9,0.0,0
10576,8,25,292,20250922,1,448.08,0.0,0
10577,8,18,337,20250906,1,623.25,69.25,0
10578,8,32,374,20250922,1,397.83,70.21,0
10579,8,37,360,20250928,1,537.25,59.69,0
10580,8,20,236,20250917,1,297.51,33.06,0
10581,8,53,44,20250909,1,165.65,8.72,0
10582,8,18,440,20250902,1,692.5,0.0,1
10583,8,16,315,20250902,2,669.98,74.44,0
10584,8,36,439,20250908,1,567.34,29.86,0
10585,8,32,32,20250911,1,397.83,70.21,0
10586,8,31,271,20250929,1,420.66,46.74,0
10587,8,16,195,20250903,1,353.6,18.61,1
10588,8,2,397,20250927,1,308.2,0.0,0
10589,8,1,83,20250921,1,234.41,12.34,0
10590,8,31,21,20250916,1,373.92,93.48,0
10591,8,56,34,20250925,1,51.78,12.95,1
10592,8,1,156,20250921,2,394.8,98.7,1
10593,8,55,9,20250914,1,84.76,21.19,0
10594,8,32,597,20250926,2,842.47,93.61,0
10595,8,43,424,20250902,1,234.7,58.68,0
10596,8,38,272,20250908,1,784.54,0.0,0
10597,8,8,360,20250925,1,489.92,0.0,0
10598,8,27,335,20250928,1,314.68,0.0,0
10599,8,8,255,20250926,1,391.94,97.98,0
10600,8,27,522,20250911,1,251.74,62.94,0
10601,8,44,351,20250926,1,259.44,13.66,0
10602,8,48,434,20250915,1,146.89,0.0,0
10603,8,6,530,20250905,1,392.34,20.65,0
10604,8,37,587,20250927,1,596.94,0.0,0
10605,8,10,175,20250923,1,245.64,0.0,0
10606,8,47,265,20250922,1,109.23,12.14,0
10607,8,6,303,20250922,1,412.99,0.0,0
10608,8,41,497,20250911,1,141.93,15.77,0
10609,8,32,175,20250907,1,374.43,93.61,0
10610,8,26,216,20250917,1,442.78,49.2,0
10611,8,24,89,20250920,1,694.39,0.0,0
10612,8,30,256,20250922,1,274.72,0.0,0
10613,8,38,30,20250911,1,784.54,0.0,0
10614,8,38,288,20250927,1,745.31,39.23,0
10615,8,1,160,20250909,1,234.41,12.34,0
10616,8,35,594,20250921,1,337.88,37.54,0
10617,8,55,491,20250925,1,105.95,0.0,0
10618,8,6,199,20250916,1,392.34,20.65,0
10619,8,54,35,20250918,1,120.43,21.25,0
10620,8,44,225,20250906,1,245.79,27.31,0
10621,8,24,371,20250912,1,694.39,0.0,0
10622,8,27,579,20250907,1,283.21,31.47,0
10623,8,30,218,20250904,2,521.97,27.47,0
10624,1,27,464,20251016,1,298.95,15.73,0
10625,1,25,365,20251013,1,425.68,22.4,0
10626,1,34,225,20251004,1,327.23,17.22,0
10627,1,55,498,20251007,1,105.95,0.0,0
10628,1,12,515,20251006,1,453.25,0.0,0
10629,1,42,499,20251010,1,89.68,9.97,0
10630,1,32,559,20251012,1,444.64,23.4,0
10631,1,1,342,20251017,1,246.75,0.0,0
10632,1,18,20,20251006,2,1246.5,138.5,0
10633,1,4,137,20251021,1,422.05,0.0,0
10634,1,38,403,20251028,2,1490.63,78.45,0
10635,1,5,517,20251008,1,254.65,13.4,0
10636,1,9,518,20251029,1,408.44,0.0,0
10637,1,38,517,20251010,1,706.09,78.45,0
10638,1,23,172,20251003,1,314.36,16.54,0
10639,1,41,572,20251027,1,149.82,7.88,0
10640,1,35,252,20251016,1,337.88,37.54,0
10641,1,7,280,20251013,1,291.97,15.37,0
10642,1,16,199,20251025,1,353.6,18.61,0
10643,1,51,567,20251007,1,55.84,9.85,0
10644,1,27,523,20251001,2,629.36,0.0,0
10645,1,20,501,20251022,1,297.51,33.06,0
10646,1,53,297,20251024,2,348.74,0.0,0
10647,1,41,57,20251005,2,315.4,0.0,0
10648,1,25,292,20251027,1,425.68,22.4,0
10649,1,8,394,20251012,1,489.92,0.0,0
10650,1,35,166,20251030,1,300.34,75.08,0
10651,1,6,558,20251014,1,351.04,61.95,0
10652,1,3,147,20251021,2,852.68,44.88,1
10653,1,47,582,20251003,1,121.37,0.0,0
10654,1,11,455,20251026,2,430.96,22.68,0
10655,1,37,150,20251027,1,477.55,119.39,0
10656,1,25,430,20251015,2,761.74,134.42,0
10657,1,8,131,20251014,2,979.84,0.0,0
10658,1,8,380,20251025,1,465.42,24.5,0
10659,1,27,561,20251022,1,251.74,62.94,0
10660,1,30,3,20251020,1,260.98,13.74,0
10661,1,20,387,20251012,3,842.95,148.76,0
10662,1,8,288,20251030,1,465.42,24.5,0
10663,1,32,372,20251013,1,421.24,46.8,0
10664,1,18,284,20251015,1,692.5,0.0,0
10665,1,6,65,20251017,1,330.39,82.6,0
10666,1,21,9,20251003,1,470.8,83.08,0
10667,1,22,157,20251022,1,447.97,79.05,0
10668,1,33,175,20251005,1,432.0,48.0,0
10669,1,29,435,20251019,1,512.1,0.0,0
10670,1,48,353,20251023,1,146.89,0.0,0
10671,1,8,458,20251006,1,489.92,0.0,1
10672,1,28,433,20251027,3,891.12,0.0,0
10673,1,46,79,20251014,1,153.15,65.64,0
10674,1,46,110,20251018,1,175.03,43.76,0
10675,1,26,242,20251022,1,491.98,0.0,0
10676,1,38,599,20251018,1,706.09,78.45,0
10677,1,47,554,20251008,1,121.37,0.0,0
10678,1,1,132,20251031,1,246.75,0.0,0
10679,1,29,92,20251028,1,512.1,0.0,0
10680,1,31,67,20251012,1,420.66,46.74,0
10681,1,37,197,20251001,1,596.94,0.0,0
10682,1,28,257,20251028,1,282.19,14.85,0
10683,1,5,283,20251001,1,268.05,0.0,0
10684,1,18,307,20251018,1,657.88,34.62,1
10685,1,16,9,20251011,1,372.21,0.0,0
10686,1,10,456,20251009,2,417.59,73.69,0
10687,1,20,108,20251029,1,330.57,0.0,0
10688,1,14,490,20251016,1,341.88,17.99,0
10689,1,26,81,20251016,1,344.39,147.59,1
10690,1,27,369,20251026,1,314.68,0.0,0
10691,1,32,514,20251009,1,374.43,93.61,0
10692,1,28,440,20251027,1,297.04,0.0,0
10693,1,28,314,20251004,1,267.34,29.7,1
10694,1,49,245,20251018,2,120.26,0.0,1
10695,1,47,45,20251013,1,109.23,12.14,0
10696,1,56,354,20251012,1,58.26,6.47,0
10697,1,54,58,20251010,1,134.6,7.08,0
10698,1,23,395,20251004,1,330.9,0.0,0
10699,1,36,497,20251019,1,477.76,119.44,0
10700,1,29,414,20251024,1,512.1,0.0,0
10701,1,30,362,20251029,1,274.72,0.0,0
10702,1,44,523,20251001,1,273.1,0.0,0
10703,1,42,132,20251021,1,84.7,14.95,0
10704,1,34,339,20251029,1,327.23,17.22,0
10705,1,35,189,20251029,1,300.34,75.08,0
10706,1,23,274,20251001,1,314.36,16.54,0
10707,1,22,61,20251006,2,1054.04,0.0,0
10708,1,31,409,20251001,1,397.29,70.11,0
10709,1,19,54,20251005,1,341.01,85.25,0
10710,1,35,572,20251001,1,375.42,0.0,0
10711,1,27,410,20251029,1,298.95,15.73,0
10712,1,26,78,20251022,1,491.98,0.0,0
10713,1,24,247,20251026,1,694.39,0.0,0
10714,1,32,226,20251026,1,468.04,0.0,0
10715,1,5,164,20251013,1,241.24,26.81,0
10716,1,28,345,20251026,2,594.08,0.0,0
10717,1,4,377,20251015,1,379.84,42.21,1
10718,1,18,497,20251013,1,657.88,34.62,0
10719,1,19,550,20251028,1,404.95,21.31,0
10720,2,12,250,20251024,3,1359.75,0.0,0
10721,2,27,246,20251022,2,629.36,0.0,0
10722,2,27,421,20251027,2,629.36,0.0,0
10723,2,7,296,20251030,1,307.34,0.0,0
10724,2,10,132,20251016,2,417.59,73.69,0
10725,2,42,177,20251002,1,99.65,0.0,0
10726,2,30,557,20251018,1,247.25,27.47,0
10727,2,47,444,20251024,1,115.3,6.07,0
10728,2,9,431,20251021,1,347.17,61.27,0
10729,2,28,215,20251020,1,267.34,29.7,0
10730,2,39,70,20251019,1,639.86,0.0,1
10731,2,29,74,20251007,1,512.1,0.0,0
10732,2,31,547,20251022,1,420.66,46.74,0
10733,2,1,226,20251006,1,246.75,0.0,0
10734,2,3,287,20251001,1,403.9,44.88,0
10735,2,27,222,20251031,1,267.48,47.2,0
10736,2,27,19,20251012,1,283.21,31.47,0
10737,2,24,479,20251004,1,694.39,0.0,0
10738,2,51,11,20251006,1,62.41,3.28,0
10739,2,2,291,20251020,1,246.56,61.64,0
10740,2,31,430,20251022,1,467.4,0.0,0
10741,2,13,382,20251016,1,419.08,22.06,0
10742,2,11,139,20251006,3,476.32,204.14,1
10743,2,25,378,20251028,1,448.08,0.0,0
10744,2,2,164,20251029,1,292.79,15.41,0
10745,2,36,290,20251008,3,1791.6,0.0,0
10746,2,29,8,20251015,1,409.68,102.42,0
10747,2,9,105,20251007,1,388.02,20.42,0
10748,2,40,403,20251011,1,683.3,0.0,1
10749,2,16,352,20251002,1,372.21,0.0,0
10750,2,28,425,20251014,1,267.34,29.7,0
10751,2,11,126,20251029,1,226.82,0.0,0
10752,2,22,262,20251020,1,421.62,105.4,0
10753,2,48,39,20251007,1,146.89,0.0,0
10754,2,4,479,20251014,2,844.1,0.0,0
10755,2,55,548,20251021,1,100.65,5.3,0
10756,2,2,394,20251024,1,261.97,46.23,0
10757,2,28,349,20251021,1,297.04,0.0,0
10758,2,27,135,20251013,1,220.28,94.4,0
10759,2,56,303,20251002,2,103.57,25.89,0
10760,2,26,450,20251006,1,393.58,98.4,1
10761,2,23,452,20251028,1,314.36,16.54,0
10762,2,37,589,20251024,1,596.94,0.0,0
10763,2,15,12,20251029,1,346.38,18.23,0
10764,2,32,160,20251029,1,374.43,93.61,1
10765,2,3,172,20251012,1,381.46,67.32,0
10766,2,20,118,20251025,1,330.57,0.0,0
10767,2,3,422,20251031,1,448.78,0.0,0
10768,2,27,194,20251001,1,298.95,15.73,0
10769,2,8,153,20251015,2,783.87,195.97,0
10770,2,12,157,20251019,1,453.25,0.0,0
10771,2,14,399,20251026,1,359.87,0.0,1
10772,2,5,415,20251027,1,214.44,53.61,0
10773,2,5,162,20251002,1,254.65,13.4,0
10774,2,31,16,20251009,1,420.66,46.74,0
10775,2,40,275,20251028,1,614.97,68.33,0
10776,2,19,444,20251029,1,383.63,42.63,0
10777,2,43,503,20251024,1,293.38,0.0,0
10778,2,46,502,20251006,1,207.85,10.94,0
10779,2,24,556,20251010,1,694.39,0.0,0
10780,2,33,427,20251009,2,816.0,144.0,0
10781,2,9,233,20251010,1,326.75,81.69,0
10782,2,5,182,20251004,1,241.24,26.81,0
10783,2,31,312,20251015,1,467.4,0.0,0
10784,2,29,223,20251011,1,460.89,51.21,0
10785,2,44,188,20251027,1,218.48,54.62,0
10786,2,20,566,20251027,1,297.51,33.06,0
10787,2,32,269,20251003,1,421.24,46.8,0
10788,2,19,287,20251020,1,426.26,0.0,0
10789,2,33,531,20251005,1,480.0,0.0,0
10790,2,33,255,20251021,1,432.0,48.0,0
10791,2,32,347,20251004,1,468.04,0.0,0
10792,2,33,9,20251010,1,384.0,96.0,0
10793,2,15,429,20251023,1,346.38,18.23,0
10794,2,19,322,20251019,1,341.01,85.25,1
10795,2,3,239,20251016,1,403.9,44.88,0
10796,2,41,13,20251017,1,141.93,15.77,0
10797,3,3,4,20251018,1,381.46,67.32,0
10798,3,48,108,20251007,1,146.89,0.0,0
10799,3,27,81,20251015,1,314.68,0.0,0
10800,3,47,364,20251028,1,121.37,0.0,0
10801,3,38,585,20251030,1,784.54,0.0,0
10802,3,50,180,20251016,1,176.14,0.0,0
10803,3,33,533,20251030,1,432.0,48.0,0
10804,3,30,261,20251008,2,439.55,109.89,0
10805,3,28,402,20251026,1,252.48,44.56,0
10806,3,8,189,20251013,1,489.92,0.0,0
10807,3,1,101,20251029,1,222.07,24.68,0
10808,3,2,27,20251031,1,308.2,0.0,0
10809,3,25,112,20251024,1,448.08,0.0,0
10810,3,52,14,20251031,2,166.92,0.0,0
10811,3,19,77,20251012,1,383.63,42.63,0
10812,3,2,182,20251012,1,246.56,61.64,0
10813,3,26,247,20251022,1,442.78,49.2,0
10814,3,33,593,20251019,1,456.0,24.0,0
10815,3,6,566,20251019,1,412.99,0.0,0
10816,3,29,434,20251023,1,512.1,0.0,0
10817,3,35,404,20251005,1,319.11,56.31,0
10818,3,21,204,20251005,1,526.19,27.69,0
10819,3,38,313,20251023,1,784.54,0.0,0
10820,3,33,396,20251009,1,480.0,0.0,0
10821,3,34,401,20251008,1,344.45,0.0,1
10822,3,43,44,20251025,1,249.37,44.01,0
10823,3,53,501,20251018,1,165.65,8.72,0
10824,3,31,299,20251016,1,467.4,0.0,0
10825,3,14,570,20251007,1,323.88,35.99,0
10826,3,7,330,20251017,1,307.34,0.0,0
10827,3,28,344,20251029,1,267.34,29.7,0
10828,3,12,310,20251026,1,453.25,0.0,0
10829,3,32,66,20251024,2,936.08,0.0,0
10830,3,47,253,20251020,1,97.1,24.27,0
10831,3,24,332,20251004,1,624.95,69.44,0
10832,3,31,270,20251030,1,467.4,0.0,0
10833,3,50,19,20251013,1,176.14,0.0,0
10834,3,22,559,20251016,2,1054.04,0.0,0
10835,3,50,338,20251031,1,149.72,26.42,0
10836,3,54,551,20251002,1,141.68,0.0,0
10837,3,4,490,20251030,1,379.84,42.21,0
10838,3,6,254,20251003,1,392.34,20.65,0
10839,3,28,317,20251021,1,297.04,0.0,0
10840,3,8,395,20251021,1,489.92,0.0,0
10841,3,49,484,20251014,1,60.13,0.0,0
10842,3,26,345,20251020,1,467.38,24.6,0
10843,3,49,332,20251014,1,54.12,6.01,0
10844,3,50,486,20251021,1,158.53,17.61,0
10845,3,17,107,20251023,1,279.16,0.0,0
10846,3,15,391,20251011,1,328.15,36.46,0
10847,3,9,360,20251006,1,408.44,0.0,0
10848,3,33,388,20251025,1,480.0,0.0,0
10849,3,28,522,20251017,1,297.04,0.0,0
10850,3,29,154,20251014,2,1024.2,0.0,0
10851,3,42,148,20251004,1,99.65,0.0,0
10852,3,5,202,20251021,1,241.24,26.81,0
10853,3,4,117,20251005,1,422.05,0.0,0
10854,3,22,600,20251011,1,474.32,52.7,0
10855,3,26,14,20251023,1,491.98,0.0,0
10856,3,51,203,20251029,1,59.12,6.57,0
10857,3,3,184,20251013,1,426.34,22.44,0
10858,3,10,54,20251023,1,245.64,0.0,0
10859,3,54,200,20251029,1,120.43,21.25,1
10860,3,15,427,20251009,1,328.15,36.46,0
10861,3,1,407,20251019,1,246.75,0.0,0
10862,3,25,254,20251022,1,403.27,44.81,0
10863,3,38,461,20251017,1,784.54,0.0,0
10864,3,44,281,20251013,1,259.44,13.66,0
10865,3,52,316,20251028,1,75.11,8.35,0
10866,3,25,366,20251006,1,403.27,44.81,0
10867,3,45,121,20251010,1,129.57,0.0,0
10868,3,34,422,20251021,1,344.45,0.0,0
10869,4,7,413,20251021,1,245.87,61.47,0
10870,4,27,147,20251024,1,267.48,47.2,0
10871,4,25,526,20251016,1,448.08,0.0,1
10872,4,36,420,20251010,1,597.2,0.0,0
10873,4,17,515,20251020,2,558.32,0.0,0
10874,4,35,416,20251027,1,319.11,56.31,0
10875,4,3,1,20251017,1,426.34,22.44,0
10876,4,35,91,20251029,1,319.11,56.31,0
10877,4,41,312,20251031,1,157.7,0.0,0
10878,4,6,433,20251010,1,412.99,0.0,0
10879,4,24,511,20251024,2,1388.78,0.0,0
10880,4,36,574,20251012,3,1522.86,268.74,0
10881,4,4,316,20251025,3,1076.23,189.92,0
10882,4,32,133,20251027,1,421.24,46.8,0
10883,4,22,186,20251004,1,474.32,52.7,0
10884,4,1,184,20251015,1,234.41,12.34,0
10885,4,27,487,20251006,1,298.95,15.73,0
10886,4,25,438,20251030,1,448.08,0.0,0
10887,4,30,275,20251027,1,274.72,0.0,1
10888,4,10,58,20251026,1,233.36,12.28,0
10889,4,14,43,20251013,1,359.87,0.0,0
10890,4,29,500,20251020,1,435.29,76.81,0
10891,4,18,595,20251007,1,623.25,69.25,1
10892,4,34,597,20251007,1,310.0,34.45,0
10893,4,34,403,20251017,2,620.01,68.89,0
10894,4,55,52,20251013,1,105.95,0.0,0
10895,4,25,97,20251002,2,896.16,0.0,0
10896,4,30,502,20251017,1,247.25,27.47,0
10897,4,15,499,20251023,1,328.15,36.46,0
10898,4,17,406,20251011,1,251.24,27.92,0
10899,4,33,587,20251017,1,456.0,24.0,0
10900,4,33,546,20251002,1,384.0,96.0,0
10901,4,32,93,20251012,2,889.28,46.8,0
10902,4,26,595,20251008,1,467.38,24.6,0
10903,4,23,486,20251027,1,330.9,0.0,0
10904,4,44,274,20251019,2,518.89,27.31,0
10905,4,4,364,20251017,1,337.64,84.41,0
10906,4,45,298,20251024,1,116.61,12.96,1
10907,4,13,247,20251011,1,441.14,0.0,0
10908,4,7,261,20251027,1,307.34,0.0,0
10909,4,13,444,20251001,1,419.08,22.06,0
10910,4,28,24,20251017,1,297.04,0.0,0
10911,4,38,123,20251008,1,784.54,0.0,0
10912,4,18,200,20251027,1,692.5,0.0,0
10913,4,36,474,20251014,2,1194.4,0.0,0
10914,4,33,283,20251005,2,912.0,48.0,0
10915,4,53,140,20251005,1,174.37,0.0,0
10916,4,33,583,20251028,1,480.0,0.0,0
10917,4,29,57,20251020,1,486.49,25.61,0
10918,4,50,179,20251026,1,167.33,8.81,0
10919,4,28,461,20251013,1,267.34,29.7,0
10920,4,7,169,20251009,1,215.14,92.2,1
10921,4,38,229,20251028,1,627.63,156.91,0
10922,4,28,487,20251010,1,297.04,0.0,0
10923,4,8,429,20251013,1,465.42,24.5,0
10924,4,26,543,20251024,2,983.96,0.0,1
10925,4,20,108,20251010,2,628.08,33.06,0
10926,4,47,305,20251012,2,230.6,12.14,0
10927,4,33,594,20251030,1,456.0,24.0,0
10928,4,21,455,20251003,2,1107.76,0.0,1
10929,5,24,176,20251011,1,694.39,0.0,0
10930,5,43,381,20251015,1,278.71,14.67,1
10931,5,39,534,20251002,1,607.87,31.99,0
10932,5,49,204,20251017,1,51.11,9.02,0
10933,5,8,82,20251017,1,465.42,24.5,0
10934,5,56,187,20251022,1,51.78,12.95,0
10935,5,34,174,20251018,1,292.78,51.67,0
10936,5,25,483,20251017,1,448.08,0.0,0
10937,5,25,380,20251028,1,448.08,0.0,0
10938,5,28,118,20251003,1,282.19,14.85,0
10939,5,22,119,20251002,1,500.67,26.35,0
10940,5,33,10,20251003,1,480.0,0.0,0
10941,5,34,496,20251024,1,344.45,0.0,0
10942,5,21,348,20251004,2,1107.76,0.0,0
10943,5,25,207,20251027,2,716.93,179.23,0
10944,5,55,471,20251007,1,105.95,0.0,0
10945,5,20,504,20251002,1,330.57,0.0,0
10946,5,55,61,20251015,1,105.95,0.0,0
10947,5,31,150,20251004,1,467.4,0.0,0
10948,5,40,381,20251029,1,683.3,0.0,0
10949,5,39,60,20251025,1,639.86,0.0,0
10950,5,27,461,20251023,1,283.21,31.47,0
10951,5,28,221,20251020,1,297.04,0.0,1
10952,5,25,336,20251015,1,380.87,67.21,0
10953,5,13,430,20251002,1,397.03,44.11,0
10954,5,40,442,20251017,1,683.3,0.0,0
10955,5,43,124,20251015,1,293.38,0.0,0
10956,5,5,364,20251023,2,455.68,80.42,0
10957,5,1,24,20251022,1,246.75,0.0,0
10958,5,31,22,20251027,1,467.4,0.0,0
10959,5,19,339,20251025,1,383.63,42.63,0
10960,5,32,326,20251021,2,936.08,0.0,0
10961,5,36,509,20251018,2,1194.4,0.0,0
10962,5,54,306,20251007,1,127.51,14.17,0
10963,5,43,522,20251017,1,249.37,44.01,0
10964,5,27,590,20251011,1,314.68,0.0,0
10965,5,26,3,20251003,1,344.39,147.59,0
10966,5,22,181,20251005,2,843.23,210.81,0
10967,5,56,549,20251011,2,110.04,19.42,1
10968,5,28,146,20251002,1,252.48,44.56,0
10969,5,27,480,20251026,1,314.68,0.0,0
10970,5,43,450,20251030,3,880.14,0.0,0
10971,5,29,562,20251003,1,486.49,25.61,0
10972,5,7,438,20251030,1,307.34,0.0,0
10973,5,41,149,20251002,2,283.86,31.54,0
10974,5,3,503,20251028,1,314.15,134.63,0
10975,5,16,519,20251025,1,353.6,18.61,0
10976,5,52,16,20251019,1,83.46,0.0,0
10977,5,6,479,20251023,2,784.68,41.3,0
10978,5,34,109,20251023,1,310.0,34.45,0
10979,5,38,136,20251010,1,784.54,0.0,0
10980,5,5,580,20251028,1,268.05,0.0,0
10981,5,26,498,20251006,1,491.98,0.0,0
10982,5,34,205,20251024,1,344.45,0.0,0
10983,5,1,426,20251010,1,209.74,37.01,0
10984,5,29,466,20251030,1,460.89,51.21,0
10985,5,21,380,20251026,1,553.88,0.0,0
10986,5,32,359,20251025,1,397.83,70.21,0
10987,5,19,90,20251027,1,426.26,0.0,0
10988,5,19,297,20251011,1,341.01,85.25,0
10989,5,32,230,20251014,1,421.24,46.8,0
10990,5,22,442,20251012,1,500.67,26.35,0
10991,5,22,50,20251007,1,447.97,79.05,0
10992,6,9,388,20251005,1,367.6,40.84,0
10993,6,27,141,20251022,1,314.68,0.0,0
10994,6,25,314,20251029,1,448.08,0.0,1
10995,6,13,18,20251028,1,352.91,88.23,0
10996,6,36,143,20251004,1,597.2,0.0,1
10997,6,52,418,20251013,1,79.29,4.17,0
10998,6,31,525,20251014,1,373.92,93.48,0
10999,6,44,188,20251004,2,382.34,163.86,0
11000,6,50,411,20251006,1,176.14,0.0,0
11001,6,55,311,20251002,1,105.95,0.0,0
11002,6,37,267,20251023,1,477.55,119.39,0
11003,6,2,46,20251010,1,308.2,0.0,0
11004,6,17,92,20251031,1,279.16,0.0,0
11005,6,24,313,20251028,1,694.39,0.0,0
11006,6,53,235,20251009,1,122.06,52.31,0
11007,6,27,316,20251018,1,314.68,0.0,0
11008,6,24,347,20251024,1,624.95,69.44,0
11009,6,28,276,20251021,1,297.04,0.0,0
11010,6,26,455,20251004,1,442.78,49.2,0
11011,6,17,163,20251030,1,251.24,27.92,0
11012,6,17,25,20251004,1,279.16,0.0,0
11013,6,32,127,20251023,1,327.63,140.41,0
11014,6,56,57,20251025,1,58.26,6.47,0
11015,6,36,241,20251007,2,1015.24,179.16,0
11016,6,18,140,20251016,1,623.25,69.25,0
11017,6,29,552,20251003,1,512.1,0.0,0
11018,6,10,121,20251003,1,208.79,36.85,1
11019,6,26,341,20251029,1,467.38,24.6,0
11020,6,26,406,20251007,1,467.38,24.6,0
11021,6,32,126,20251028,3,1404.12,0.0,0
11022,6,2,408,20251028,1,308.2,0.0,0
11023,6,40,353,20251018,1,580.81,102.49,1
11024,6,5,435,20251024,1,227.84,40.21,0
11025,6,14,388,20251026,1,323.88,35.99,0
11026,6,32,308,20251023,1,374.43,93.61,0
11027,6,42,96,20251030,1,89.68,9.97,0
11028,6,52,325,20251003,1,66.77,16.69,0
11029,6,35,422,20251005,1,319.11,56.31,0
11030,6,55,438,20251022,1,84.76,21.19,0
11031,6,33,122,20251020,1,456.0,24.0,0
11032,6,41,435,20251013,1,141.93,15.77,0
11033,6,37,44,20251009,2,955.1,238.78,0
11034,6,29,75,20251007,1,512.1,0.0,0
11035,6,24,484,20251012,1,659.67,34.72,1
11036,6,17,387,20251017,1,251.24,27.92,0
11037,6,37,202,20251001,2,955.1,238.78,1
11038,6,11,356,20251002,1,204.14,22.68,0
11039,6,6,574,20251009,1,412.99,0.0,0
11040,6,53,134,20251009,1,165.65,8.72,0
11041,6,7,492,20251026,2,553.21,61.47,0
11042,6,42,390,20251008,1,79.72,19.93,0
11043,6,39,273,20251002,1,575.87,63.99,0
11044,6,5,576,20251016,1,241.24,26.81,0
11045,6,22,337,20251008,1,500.67,26.35,0
11046,6,25,433,20251027,1,380.87,67.21,0
11047,6,28,61,20251021,1,297.04,0.0,0
11048,6,27,345,20251003,1,314.68,0.0,1
11049,6,12,547,20251020,2,815.85,90.65,0
11050,6,31,120,20251011,1,467.4,0.0,0
11051,6,26,94,20251003,1,344.39,147.59,0
11052,6,36,426,20251011,1,477.76,119.44,0
11053,6,28,282,20251005,1,297.04,0.0,0
11054,6,47,310,20251024,1,121.37,0.0,0
11055,6,30,79,20251018,1,233.51,41.21,0
11056,6,14,39,20251024,1,341.88,17.99,0
11057,6,24,83,20251020,2,1319.34,69.44,0
11058,6,25,102,20251021,2,851.35,44.81,0
11059,6,22,438,20251030,1,474.32,52.7,0
11060,6,56,424,20251004,1,45.31,19.42,0
11061,6,3,404,20251011,1,448.78,0.0,0
11062,6,7,340,20251020,1,307.34,0.0,0
11063,6,30,176,20251019,1,274.72,0.0,0
11064,6,30,105,20251005,1,274.72,0.0,0
11065,6,10,406,20251009,1,208.79,36.85,0
11066,6,44,110,20251029,1,218.48,54.62,0
11067,6,9,556,20251012,2,816.88,0.0,0
11068,6,20,47,20251001,1,297.51,33.06,0
11069,7,47,354,20251023,1,115.3,6.07,0
11070,7,21,485,20251019,2,941.6,166.16,0
11071,7,32,156,20251005,1,468.04,0.0,0
11072,7,13,552,20251016,1,374.97,66.17,0
11073,7,12,462,20251027,1,453.25,0.0,0
11074,7,28,158,20251025,1,297.04,0.0,0
11075,7,8,29,20251030,1,489.92,0.0,0
11076,7,3,351,20251002,1,426.34,22.44,0
11077,7,3,564,20251023,1,448.78,0.0,0
11078,7,10,252,20251008,1,233.36,12.28,0
11079,7,22,261,20251012,1,527.02,0.0,0
11080,7,39,214,20251001,1,639.86,0.0,0
11081,7,1,11,20251030,1,234.41,12.34,0
11082,7,30,4,20251026,1,274.72,0.0,0
11083,7,36,550,20251025,2,1194.4,0.0,0
11084,7,11,328,20251029,1,226.82,0.0,0
11085,7,11,272,20251028,1,215.48,11.34,0
11086,7,53,442,20251005,1,174.37,0.0,0
11087,7,33,512,20251023,1,408.0,72.0,0
11088,7,48,249,20251021,1,146.89,0.0,0
11089,7,35,35,20251029,1,375.42,0.0,0
11090,7,51,37,20251017,1,65.69,0.0,0
11091,7,22,47,20251015,1,474.32,52.7,0
11092,7,50,325,20251008,1,176.14,0.0,0
11093,7,24,50,20251029,1,694.39,0.0,0
11094,7,56,497,20251015,1,58.26,6.47,0
11095,7,30,241,20251024,2,494.5,54.94,0
11096,7,17,37,20251005,1,265.2,13.96,0
11097,7,3,11,20251012,1,448.78,0.0,0
11098,7,36,67,20251024,1,567.34,29.86,0
11099,7,35,362,20251015,1,337.88,37.54,0
11100,7,38,465,20251021,1,666.86,117.68,0
11101,7,20,135,20251030,2,462.8,198.34,0
11102,7,32,9,20251006,1,397.83,70.21,0
11103,7,36,561,20251006,1,537.48,59.72,0
11104,7,1,281,20251010,1,246.75,0.0,0
11105,7,43,137,20251013,1,278.71,14.67,0
11106,7,3,269,20251017,1,448.78,0.0,0
11107,7,25,270,20251015,1,358.46,89.62,0
11108,7,16,566,20251010,3,893.3,223.33,0
11109,7,14,573,20251027,1,359.87,0.0,0
11110,7,40,565,20251006,1,683.3,0.0,0
11111,7,29,4,20251016,2,819.36,204.84,0
11112,7,48,113,20251017,1,146.89,0.0,0
11113,7,26,284,20251013,1,442.78,49.2,0
11114,7,39,409,20251027,1,607.87,31.99,0
11115,7,38,29,20251029,1,784.54,0.0,0
11116,7,27,244,20251016,1,283.21,31.47,0
11117,7,7,232,20251024,1,276.61,30.73,0
11118,7,38,317,20251010,1,666.86,117.68,0
11119,7,21,284,20251020,1,553.88,0.0,0
11120,7,28,360,20251019,1,297.04,0.0,0
11121,7,26,126,20251009,1,467.38,24.6,0
11122,7,35,558,20251011,1,337.88,37.54,0
11123,7,24,324,20251024,2,1319.34,69.44,1
11124,7,2,433,20251012,1,308.2,0.0,0
11125,7,30,62,20251020,1,260.98,13.74,0
11126,7,39,14,20251010,2,1023.78,255.94,1
11127,7,39,262,20251028,1,575.87,63.99,0
11128,7,4,461,20251019,1,379.84,42.21,0
11129,7,22,346,20251017,1,500.67,26.35,1
11130,7,19,502,20251003,1,426.26,0.0,0
11131,7,30,139,20251005,1,247.25,27.47,0
11132,7,17,425,20251002,1,279.16,0.0,0
11133,8,16,492,20251028,1,353.6,18.61,0
11134,8,37,350,20251023,1,567.09,29.85,0
11135,8,25,330,20251015,1,403.27,44.81,0
11136,8,24,168,20251016,1,694.39,0.0,0
11137,8,26,110,20251027,1,442.78,49.2,0
11138,8,22,367,20251020,1,368.91,158.11,0
11139,8,10,370,20251030,1,233.36,12.28,0
11140,8,4,2,20251017,1,422.05,0.0,0
11141,8,19,129,20251029,1,426.26,0.0,0
11142,8,8,395,20251023,1,440.93,48.99,0
11143,8,37,316,20251005,1,507.4,89.54,0
11144,8,24,143,20251018,1,694.39,0.0,0
11145,8,14,26,20251026,1,323.88,35.99,0
11146,8,26,442,20251012,2,836.37,147.59,0
11147,8,1,53,20251005,1,246.75,0.0,0
11148,8,6,46,20251009,1,330.39,82.6,0
11149,8,31,172,20251010,1,420.66,46.74,0
11150,8,34,168,20251031,1,327.23,17.22,0
11151,8,3,131,20251013,1,403.9,44.88,0
11152,8,18,595,20251023,1,657.88,34.62,0
11153,8,41,217,20251016,1,157.7,0.0,0
11154,8,2,598,20251025,1,292.79,15.41,0
11155,8,22,217,20251027,2,1054.04,0.0,1
11156,8,34,218,20251012,1,310.0,34.45,0
11157,8,40,454,20251009,1,580.81,102.49,0
11158,8,40,594,20251017,1,683.3,0.0,0
11159,8,7,265,20251021,1,276.61,30.73,0
11160,8,28,83,20251013,1,297.04,0.0,0
11161,8,32,392,20251017,1,421.24,46.8,0
11162,8,35,327,20251018,1,356.65,18.77,0
11163,8,27,332,20251003,2,629.36,0.0,0
11164,8,37,273,20251010,1,596.94,0.0,0
11165,8,4,118,20251026,1,422.05,0.0,0
11166,8,37,34,20251022,1,537.25,59.69,0
11167,8,16,9,20251028,1,372.21,0.0,0
11168,8,29,178,20251006,2,1024.2,0.0,0
11169,8,9,164,20251009,2,735.19,81.69,0
11170,8,40,154,20251001,1,683.3,0.0,0
11171,8,55,479,20251013,1,95.35,10.6,0
11172,8,53,551,20251014,1,165.65,8.72,0
11173,8,35,213,20251011,1,375.42,0.0,0
11174,8,35,495,20251023,1,375.42,0.0,0
11175,8,30,161,20251024,1,260.98,13.74,0
11176,8,40,18,20251003,2,1161.61,204.99,0
11177,8,10,218,20251001,2,491.28,0.0,0
11178,8,4,386,20251020,1,422.05,0.0,0
11179,8,33,57,20251016,1,480.0,0.0,0
11180,8,28,137,20251026,1,297.04,0.0,0
11181,8,35,347,20251012,1,375.42,0.0,0
11182,8,15,521,20251019,1,309.92,54.69,0
11183,8,10,279,20251021,1,196.51,49.13,0
11184,8,2,479,20251028,1,246.56,61.64,0
11185,8,12,72,20251009,1,453.25,0.0,0
11186,8,28,390,20251007,1,297.04,0.0,0
11187,8,30,78,20251021,1,219.78,54.94,0
11188,8,49,506,20251024,2,114.25,6.01,0
11189,8,10,114,20251013,1,245.64,0.0,0
11190,1,12,377,20251121,1,407.92,45.33,0
11191,1,56,570,20251123,2,103.57,25.89,0
11192,1,4,266,20251114,1,358.74,63.31,0
11193,1,20,506,20251105,2,595.03,66.11,0
11194,1,51,469,20251115,1,52.55,13.14,0
11195,1,32,159,20251122,1,397.83,70.21,0
11196,1,25,214,20251125,1,403.27,44.81,0
11197,1,44,503,20251112,1,245.79,27.31,0
11198,1,28,6,20251104,2,475.26,118.82,0
11199,1,6,240,20251105,1,371.69,41.3,0
11200,1,18,344,20251104,2,1246.5,138.5,0
11201,1,40,572,20251102,1,614.97,68.33,1
11202,1,8,43,20251119,1,391.94,97.98,0
11203,1,2,238,20251130,1,215.74,92.46,0
11204,1,7,411,20251113,1,261.24,46.1,0
11205,1,3,515,20251128,1,381.46,67.32,0
11206,1,52,3,20251102,1,70.94,12.52,0
11207,1,25,517,20251121,1,403.27,44.81,0
11208,1,45,589,20251130,1,116.61,12.96,0
11209,1,5,164,20251129,1,214.44,53.61,0
11210,1,12,592,20251102,2,770.53,135.97,0
11211,1,25,285,20251125,1,403.27,44.81,0
11212,1,2,354,20251108,2,523.94,92.46,0
11213,1,2,301,20251129,1,261.97,46.23,0
11214,1,44,546,20251122,1,232.13,40.97,0
11215,1,27,582,20251109,1,267.48,47.2,0
11216,1,22,416,20251103,1,421.62,105.4,0
11217,1,38,565,20251111,1,706.09,78.45,0
11218,1,25,146,20251130,1,403.27,44.81,0
11219,1,11,21,20251110,2,385.59,68.05,0
11220,1,3,115,20251115,2,807.8,89.76,0
11221,1,24,323,20251103,2,1249.9,138.88,0
11222,1,30,23,20251125,1,247.25,27.47,0
11223,1,39,524,20251105,1,511.89,127.97,0
11224,1,21,231,20251105,1,443.1,110.78,0
11225,1,17,521,20251105,1,251.24,27.92,1
11226,1,51,486,20251126,1,52.55,13.14,0
11227,1,23,208,20251113,1,297.81,33.09,0
11228,1,19,319,20251106,1,362.32,63.94,0
11229,1,38,480,20251101,1,627.63,156.91,0
11230,1,51,431,20251115,1,52.55,13.14,0
11231,1,13,406,20251119,1,374.97,66.17,0
11232,1,27,154,20251109,1,251.74,62.94,0
11233,1,32,207,20251102,1,397.83,70.21,0
11234,1,48,428,20251129,1,132.2,14.69,0
11235,1,40,419,20251107,2,1093.28,273.32,0
11236,1,10,185,20251115,1,171.95,73.69,0
11237,1,15,196,20251115,1,255.23,109.38,0
11238,1,5,257,20251121,3,683.53,120.62,0
11239,1,46,339,20251115,1,175.03,43.76,0
11240,1,38,123,20251115,1,666.86,117.68,0
11241,1,19,561,20251122,1,362.32,63.94,0
11242,1,8,255,20251106,1,440.93,48.99,0
11243,1,20,160,20251122,1,297.51,33.06,0
11244,1,32,336,20251123,1,397.83,70.21,0
11245,1,55,289,20251119,1,84.76,21.19,0
11246,1,22,245,20251116,1,421.62,105.4,0
11247,1,33,15,20251105,1,384.0,96.0,0
11248,1,18,77,20251120,1,554.0,138.5,0
11249,1,37,395,20251112,1,537.25,59.69,0
11250,1,55,444,20251105,1,90.06,15.89,0
11251,1,25,257,20251108,1,380.87,67.21,0
11252,1,19,296,20251114,1,362.32,63.94,0
11253,1,31,220,20251118,1,397.29,70.11,0
11254,1,56,5,20251120,1,51.78,12.95,0
11255,1,7,168,20251128,1,245.87,61.47,0
11256,1,39,497,20251105,1,543.88,95.98,0
11257,1,9,577,20251104,1,347.17,61.27,0
11258,1,26,15,20251103,1,393.58,98.4,0
11259,1,28,24,20251113,1,207.93,89.11,0
11260,1,10,89,20251128,1,221.08,24.56,0
11261,1,18,600,20251111,1,554.0,138.5,0
11262,1,29,243,20251129,1,435.29,76.81,0
11263,1,25,517,20251106,1,358.46,89.62,0
11264,1,48,558,20251117,1,124.86,22.03,0
11265,1,27,504,20251127,1,251.74,62.94,0
11266,1,22,122,20251124,1,447.97,79.05,0
11267,1,30,318,20251114,1,219.78,54.94,0
11268,1,30,217,20251123,1,219.78,54.94,0
11269,1,29,123,20251128,1,409.68,102.42,0
11270,1,5,548,20251125,1,241.24,26.81,0
11271,1,27,315,20251130,1,267.48,47.2,0
11272,1,8,392,20251115,1,416.43,73.49,0
11273,1,54,73,20251114,1,113.34,28.34,0
11274,1,32,227,20251121,1,397.83,70.21,0
11275,1,3,508,20251123,1,381.46,67.32,0
11276,1,26,318,20251102,1,418.18,73.8,0
11277,1,3,31,20251102,1,359.02,89.76,0
11278,1,26,277,20251130,1,418.18,73.8,1
11279,1,51,190,20251129,1,52.55,13.14,0
11280,1,27,463,20251129,1,251.74,62.94,0
11281,1,51,511,20251124,1,59.12,6.57,0
11282,1,48,417,20251126,1,102.82,44.07,0
11283,1,4,372,20251122,2,717.49,126.61,0
11284,1,29,367,20251121,2,870.57,153.63,0
11285,1,1,223,20251102,1,197.4,49.35,0
11286,1,23,354,20251113,1,281.27,49.63,0
11287,1,35,257,20251109,1,319.11,56.31,1
11288,1,40,225,20251107,1,546.64,136.66,0
11289,1,54,406,20251106,1,120.43,21.25,0
11290,1,40,275,20251103,1,546.64,136.66,0
11291,1,34,15,20251118,1,292.78,51.67,0
11292,1,37,306,20251130,1,507.4,89.54,0
11293,1,9,293,20251114,1,326.75,81.69,0
11294,1,5,447,20251127,1,227.84,40.21,0
11295,1,29,485,20251128,1,435.29,76.81,0
11296,1,47,48,20251104,1,97.1,24.27,0
11297,1,32,515,20251114,1,421.24,46.8,1
11298,1,48,274,20251101,1,117.51,29.38,0
11299,1,55,76,20251110,1,90.06,15.89,0
11300,1,2,254,20251116,2,554.76,61.64,0
11301,1,28,558,20251104,1,267.34,29.7,0
11302,1,1,307,20251127,1,197.4,49.35,0
11303,1,8,423,20251130,1,440.93,48.99,0
11304,1,8,290,20251115,2,783.87,195.97,0
11305,2,51,279,20251102,1,59.12,6.57,0
11306,2,47,523,20251117,1,109.23,12.14,0
11307,2,45,76,20251105,1,116.61,12.96,0
11308,2,10,321,20251117,1,221.08,24.56,0
11309,2,16,415,20251121,1,260.55,111.66,0
11310,2,42,129,20251126,1,84.7,14.95,0
11311,2,27,244,20251125,1,251.74,62.94,0
11312,2,5,430,20251106,1,227.84,40.21,0
11313,2,47,500,20251128,2,206.33,36.41,0
11314,2,2,598,20251125,1,261.97,46.23,0
11315,2,19,139,20251111,1,341.01,85.25,0
11316,2,45,552,20251110,1,103.66,25.91,1
11317,2,25,592,20251128,1,380.87,67.21,0
11318,2,51,7,20251118,2,105.1,26.28,0
11319,2,6,313,20251105,2,660.78,165.2,0
11320,2,2,93,20251129,1,277.38,30.82,0
11321,2,26,466,20251115,1,418.18,73.8,0
11322,2,27,120,20251123,1,267.48,47.2,0
11323,2,24,285,20251127,1,555.51,138.88,0
11324,2,31,122,20251112,1,373.92,93.48,0
11325,2,20,215,20251124,1,297.51,33.06,0
11326,2,12,43,20251106,1,362.6,90.65,0
11327,2,23,216,20251102,1,281.27,49.63,0
11328,2,30,37,20251113,1,247.25,27.47,0
11329,2,32,49,20251119,1,374.43,93.61,0
11330,2,22,204,20251109,1,447.97,79.05,0
11331,2,19,209,20251102,1,362.32,63.94,0
11332,2,2,529,20251116,2,493.12,123.28,0
11333,2,52,398,20251109,1,70.94,12.52,1
11334,2,49,507,20251125,1,54.12,6.01,0
11335,2,15,56,20251115,1,291.69,72.92,0
11336,2,20,543,20251130,1,264.46,66.11,0
11337,2,45,64,20251105,2,207.31,51.83,0
11338,2,40,600,20251105,1,546.64,136.66,0
11339,2,32,432,20251107,1,421.24,46.8,0
11340,2,24,379,20251114,1,555.51,138.88,0
11341,2,6,284,20251129,1,351.04,61.95,0
11342,2,14,82,20251112,1,323.88,35.99,0
11343,2,54,288,20251102,1,113.34,28.34,0
11344,2,12,424,20251106,1,407.92,45.33,0
11345,2,52,284,20251123,1,70.94,12.52,0
11346,2,39,505,20251112,2,1087.76,191.96,0
11347,2,31,405,20251107,1,397.29,70.11,0
11348,2,30,272,20251122,1,233.51,41.21,0
11349,2,1,386,20251119,1,197.4,49.35,0
11350,2,27,29,20251107,1,251.74,62.94,0
11351,2,3,113,20251119,3,1144.39,201.95,0
11352,2,52,99,20251130,1,70.94,12.52,0
11353,2,41,73,20251107,1,126.16,31.54,0
11354,2,20,41,20251122,2,528.91,132.23,0
11355,2,28,494,20251103,1,252.48,44.56,0
11356,2,17,114,20251125,1,251.24,27.92,0
11357,2,13,278,20251130,1,352.91,88.23,0
11358,2,31,247,20251121,2,794.58,140.22,0
11359,2,10,517,20251105,1,196.51,49.13,0
11360,2,34,307,20251116,1,292.78,51.67,0
11361,2,21,389,20251115,1,387.72,166.16,1
11362,2,56,435,20251103,1,58.26,6.47,0
11363,2,18,543,20251120,1,588.62,103.88,0
11364,2,29,435,20251112,1,460.89,51.21,0
11365,2,38,182,20251111,1,666.86,117.68,0
11366,2,11,234,20251107,1,181.46,45.36,0
11367,2,25,187,20251123,1,313.66,134.42,0
11368,2,6,337,20251120,1,371.69,41.3,0
11369,2,1,162,20251120,2,419.48,74.02,0
11370,2,23,481,20251128,1,281.27,49.63,1
11371,2,34,97,20251130,1,275.56,68.89,0
11372,2,2,472,20251127,1,261.97,46.23,0
11373,2,29,240,20251120,1,409.68,102.42,0
11374,2,39,598,20251109,1,511.89,127.97,0
11375,2,41,326,20251130,1,141.93,15.77,0
11376,2,17,46,20251126,2,474.57,83.75,0
11377,2,52,466,20251116,1,66.77,16.69,0
11378,2,30,358,20251130,1,219.78,54.94,0
11379,2,15,564,20251127,1,309.92,54.69,0
11380,2,34,458,20251105,1,310.0,34.45,1
11381,2,41,228,20251103,1,134.05,23.65,0
11382,2,1,391,20251119,1,197.4,49.35,0
11383,2,20,193,20251121,1,264.46,66.11,0
11384,2,40,251,20251102,1,614.97,68.33,0
11385,2,33,430,20251103,1,384.0,96.0,0
11386,2,17,217,20251119,1,237.29,41.87,0
11387,2,26,186,20251114,1,393.58,98.4,0
11388,2,28,98,20251109,1,252.48,44.56,0
11389,2,26,92,20251114,1,393.58,98.4,0
11390,2,10,40,20251108,1,196.51,49.13,0
11391,3,26,307,20251111,1,418.18,73.8,0
11392,3,43,397,20251125,1,264.04,29.34,0
11393,3,14,17,20251104,2,611.78,107.96,0
11394,3,16,578,20251115,1,316.38,55.83,0
11395,3,43,6,20251103,3,704.11,176.03,0
11396,3,34,506,20251110,1,292.78,51.67,0
11397,3,8,312,20251112,1,416.43,73.49,0
11398,3,30,462,20251120,1,219.78,54.94,0
11399,3,28,464,20251122,1,237.63,59.41,0
11400,3,16,206,20251129,1,316.38,55.83,0
11401,3,9,366,20251115,1,347.17,61.27,0
11402,3,50,150,20251127,1,140.91,35.23,0
11403,3,14,138,20251115,1,323.88,35.99,0
11404,3,27,136,20251103,1,267.48,47.2,0
11405,3,5,450,20251117,1,214.44,53.61,0
11406,3,11,220,20251104,2,408.28,45.36,0
11407,3,1,151,20251122,1,222.07,24.68,0
11408,3,45,104,20251110,1,116.61,12.96,0
11409,3,40,367,20251107,2,1093.28,273.32,0
11410,3,17,158,20251111,1,251.24,27.92,0
11411,3,29,532,20251127,1,409.68,102.42,0
11412,3,12,90,20251123,1,317.28,135.97,0
11413,3,11,50,20251112,1,192.8,34.02,0
11414,3,26,294,20251103,3,1254.55,221.39,0
11415,3,49,91,20251112,1,48.1,12.03,0
11416,3,13,172,20251103,1,374.97,66.17,1
11417,3,20,235,20251116,1,280.98,49.59,0
11418,3,38,356,20251117,2,1255.26,313.82,0
11419,3,48,570,20251124,1,132.2,14.69,0
11420,3,32,210,20251123,1,397.83,70.21,1
11421,3,15,578,20251107,1,328.15,36.46,0
11422,3,25,104,20251121,1,403.27,44.81,0
11423,3,30,339,20251129,1,247.25,27.47,0
11424,3,47,418,20251105,3,291.29,72.82,0
11425,3,3,429,20251112,1,359.02,89.76,0
11426,3,40,112,20251110,1,478.31,204.99,1
11427,3,31,186,20251106,1,373.92,93.48,0
11428,3,47,99,20251111,1,109.23,12.14,0
11429,3,45,482,20251130,1,110.13,19.44,0
11430,3,1,204,20251115,2,394.8,98.7,0
11431,3,35,185,20251121,1,300.34,75.08,0
11432,3,44,155,20251112,1,232.13,40.97,0
11433,3,18,155,20251118,2,969.5,415.5,0
11434,3,2,336,20251126,1,261.97,46.23,0
11435,3,3,462,20251118,2,762.93,134.63,0
11436,3,36,195,20251125,1,477.76,119.44,0
11437,3,21,554,20251113,1,470.8,83.08,0
11438,3,28,236,20251129,1,252.48,44.56,0
11439,3,32,106,20251108,1,421.24,46.8,0
11440,3,20,112,20251125,3,793.37,198.34,0
11441,3,31,429,20251103,1,373.92,93.48,0
11442,3,42,289,20251106,2,169.41,29.89,0
11443,3,27,205,20251117,1,267.48,47.2,0
11444,3,18,374,20251118,1,554.0,138.5,0
11445,3,17,231,20251122,1,195.41,83.75,0
11446,3,25,264,20251130,1,358.46,89.62,0
11447,3,55,234,20251121,1,95.35,10.6,0
11448,3,30,313,20251127,1,247.25,27.47,0
11449,3,52,540,20251102,1,75.11,8.35,0
11450,3,41,41,20251107,1,126.16,31.54,0
11451,3,34,243,20251102,1,310.0,34.45,0
11452,3,13,69,20251101,1,397.03,44.11,0
11453,3,44,556,20251107,1,232.13,40.97,0
11454,3,26,379,20251119,1,418.18,73.8,0
11455,3,47,302,20251130,1,103.16,18.21,0
11456,3,37,8,20251114,1,507.4,89.54,0
11457,3,55,350,20251107,1,95.35,10.6,0
11458,3,21,252,20251116,1,470.8,83.08,0
11459,3,28,57,20251105,1,237.63,59.41,0
11460,3,43,466,20251109,1,264.04,29.34,0
11461,3,4,572,20251124,1,358.74,63.31,1
11462,3,16,463,20251110,2,669.98,74.44,0
11463,3,32,493,20251110,1,374.43,93.61,0
11464,3,55,498,20251122,1,84.76,21.19,0
11465,3,56,487,20251109,1,55.02,9.71,0
11466,3,29,573,20251116,2,921.78,102.42,1
11467,3,32,489,20251103,1,374.43,93.61,0
11468,3,40,479,20251109,1,614.97,68.33,0
11469,3,31,379,20251120,1,373.92,93.48,0
11470,3,5,153,20251112,1,227.84,40.21,0
11471,3,29,416,20251129,1,435.29,76.81,0
11472,3,33,295,20251118,1,384.0,96.0,0
11473,3,21,499,20251126,1,498.49,55.39,0
11474,3,22,156,20251125,1,368.91,158.11,0
11475,3,56,392,20251103,1,51.78,12.95,0
11476,3,6,519,20251129,2,743.38,82.6,0
11477,3,21,598,20251111,1,470.8,83.08,0
11478,3,32,440,20251108,1,374.43,93.61,0
11479,3,28,596,20251118,1,237.63,59.41,0
11480,3,32,148,20251104,1,374.43,93.61,0
11481,3,29,345,20251129,1,460.89,51.21,0
11482,3,50,415,20251124,1,149.72,26.42,0
11483,3,24,211,20251126,1,555.51,138.88,0
11484,3,47,179,20251123,1,109.23,12.14,0
11485,3,25,47,20251102,1,403.27,44.81,0
11486,3,2,444,20251106,1,261.97,46.23,1
11487,3,21,234,20251105,1,498.49,55.39,0
11488,3,3,230,20251115,1,403.9,44.88,0
11489,3,23,552,20251102,2,595.62,66.18,0
11490,3,28,177,20251102,2,504.97,89.11,0
11491,3,31,260,20251122,1,373.92,93.48,0
11492,3,15,459,20251127,1,291.69,72.92,0
11493,3,24,587,20251126,1,555.51,138.88,0
11494,3,29,45,20251101,2,870.57,153.63,0
11495,3,6,382,20251112,1,330.39,82.6,0
11496,3,42,192,20251117,2,179.37,19.93,0
11497,4,10,349,20251115,1,208.79,36.85,0
11498,4,39,236,20251102,1,575.87,63.99,0
11499,4,26,135,20251106,1,418.18,73.8,0
11500,4,32,193,20251117,1,421.24,46.8,0
11501,4,47,64,20251128,1,97.1,24.27,0
11502,4,40,56,20251118,1,580.81,102.49,0
11503,4,51,35,20251111,1,55.84,9.85,0
11504,4,27,576,20251118,1,251.74,62.94,0
11505,4,44,556,20251109,1,218.48,54.62,1
11506,4,41,578,20251124,1,134.05,23.65,0
11507,4,29,257,20251111,1,460.89,51.21,0
11508,4,15,447,20251105,2,583.38,145.84,0
11509,4,39,559,20251108,1,575.87,63.99,0
11510,4,31,556,20251127,1,397.29,70.11,0
11511,4,5,157,20251126,1,214.44,53.61,0
11512,4,27,243,20251128,1,251.74,62.94,0
11513,4,34,294,20251116,1,310.0,34.45,0
11514,4,44,462,20251102,2,436.96,109.24,0
11515,4,8,533,20251108,1,416.43,73.49,0
11516,4,20,411,20251108,2,561.97,99.17,0
11517,4,20,336,20251110,1,231.4,99.17,0
11518,4,27,348,20251114,2,566.42,62.94,0
11519,4,47,294,20251120,2,206.33,36.41,0
11520,4,41,141,20251117,1,134.05,23.65,0
11521,4,43,195,20251130,1,234.7,58.68,0
11522,4,11,339,20251105,2,362.91,90.73,0
11523,4,18,280,20251121,2,1246.5,138.5,0
11524,4,41,479,20251125,1,134.05,23.65,0
11525,4,50,111,20251123,1,158.53,17.61,1
11526,4,39,192,20251103,1,575.87,63.99,0
11527,4,38,598,20251128,1,706.09,78.45,0
11528,4,4,10,20251121,1,337.64,84.41,0
11529,4,40,145,20251124,1,580.81,102.49,0
11530,4,6,577,20251106,1,371.69,41.3,0
11531,4,30,63,20251119,2,467.02,82.42,0
11532,4,28,297,20251115,1,237.63,59.41,0
11533,4,30,21,20251109,1,247.25,27.47,0
11534,4,54,491,20251118,1,113.34,28.34,0
11535,4,5,87,20251102,1,214.44,53.61,0
11536,4,13,100,20251113,1,397.03,44.11,0
11537,4,37,192,20251126,1,537.25,59.69,0
11538,4,35,47,20251116,1,337.88,37.54,0
11539,4,53,331,20251106,1,156.93,17.44,0
11540,4,32,97,20251125,1,397.83,70.21,0
11541,4,7,441,20251102,1,276.61,30.73,0
11542,4,52,136,20251116,1,70.94,12.52,0
11543,4,20,481,20251127,1,297.51,33.06,0
11544,4,23,385,20251102,1,264.72,66.18,0
11545,4,20,200,20251102,1,297.51,33.06,0
11546,4,53,528,20251108,1,139.5,34.87,0
11547,4,27,455,20251126,1,267.48,47.2,0
11548,4,45,504,20251105,1,90.7,38.87,0
11549,4,31,343,20251119,1,420.66,46.74,0
11550,4,19,346,20251101,1,383.63,42.63,0
11551,4,12,529,20251106,1,362.6,90.65,0
11552,4,32,508,20251129,1,421.24,46.8,0
11553,4,51,82,20251109,1,59.12,6.57,0
11554,4,48,64,20251122,2,264.4,29.38,0
11555,4,30,307,20251114,2,494.5,54.94,0
11556,4,21,108,20251119,1,443.1,110.78,0
11557,4,32,382,20251124,2,842.47,93.61,0
11558,4,39,5,20251103,1,511.89,127.97,0
11559,4,13,232,20251111,1,397.03,44.11,0
11560,4,52,326,20251108,1,75.11,8.35,0
11561,4,55,382,20251114,1,95.35,10.6,0
11562,4,28,67,20251123,1,237.63,59.41,0
11563,4,7,350,20251113,1,261.24,46.1,1
11564,4,5,175,20251128,1,214.44,53.61,0
11565,4,13,85,20251113,1,374.97,66.17,0
11566,4,36,553,20251124,1,507.62,89.58,0
11567,4,37,597,20251121,1,507.4,89.54,0
11568,4,34,268,20251114,1,310.0,34.45,0
11569,4,7,116,20251114,1,276.61,30.73,0
11570,4,24,16,20251130,1,590.23,104.16,0
11571,4,25,87,20251114,1,358.46,89.62,0
11572,4,2,469,20251107,1,246.56,61.64,0
11573,4,31,82,20251109,1,420.66,46.74,0
11574,4,36,589,20251105,1,477.76,119.44,0
11575,4,28,444,20251105,1,237.63,59.41,1
11576,4,35,276,20251129,1,337.88,37.54,1
11577,4,10,433,20251113,1,196.51,49.13,0
11578,4,47,83,20251130,1,97.1,24.27,0
11579,4,33,130,20251109,1,384.0,96.0,0
11580,4,9,471,20251103,1,326.75,81.69,0
11581,4,39,483,20251107,1,543.88,95.98,0
11582,4,23,335,20251121,1,297.81,33.09,0
11583,4,43,311,20251118,1,249.37,44.01,1
11584,4,30,428,20251110,1,219.78,54.94,1
11585,4,6,367,20251125,2,660.78,165.2,0
11586,5,29,186,20251110,1,435.29,76.81,1
11587,5,44,347,20251112,1,218.48,54.62,0
11588,5,12,595,20251101,1,385.26,67.99,0
11589,5,49,263,20251124,1,51.11,9.02,0
11590,5,13,5,20251106,1,308.8,132.34,0
11591,5,24,8,20251116,1,590.23,104.16,0
11592,5,8,382,20251104,1,440.93,48.99,0
11593,5,30,310,20251129,1,219.78,54.94,0
11594,5,32,138,20251129,1,374.43,93.61,0
11595,5,5,189,20251112,1,214.44,53.61,0
11596,5,33,161,20251116,2,768.0,192.0,0
11597,5,14,411,20251126,1,287.9,71.97,1
11598,5,30,33,20251114,1,233.51,41.21,0
11599,5,23,55,20251108,1,297.81,33.09,0
11600,5,33,447,20251130,1,408.0,72.0,0
11601,5,11,504,20251116,1,181.46,45.36,0
11602,5,3,113,20251113,1,359.02,89.76,0
11603,5,4,444,20251110,1,379.84,42.21,0
11604,5,8,500,20251120,1,342.94,146.98,0
11605,5,53,179,20251107,1,156.93,17.44,0
11606,5,36,50,20251117,1,507.62,89.58,0
11607,5,46,390,20251114,1,175.03,43.76,0
11608,5,17,596,20251111,1,195.41,83.75,0
11609,5,47,329,20251126,2,194.19,48.55,0
11610,5,36,374,20251114,2,1015.24,179.16,0
11611,5,8,390,20251119,2,783.87,195.97,0
11612,5,25,213,20251128,1,403.27,44.81,0
11613,5,34,73,20251125,1,292.78,51.67,0
11614,5,54,383,20251105,1,113.34,28.34,0
11615,5,5,62,20251130,2,428.88,107.22,0
11616,5,23,292,20251113,1,281.27,49.63,0
11617,5,48,45,20251109,1,117.51,29.38,0
11618,5,20,387,20251128,1,280.98,49.59,0
11619,5,35,491,20251119,1,300.34,75.08,0
11620,5,40,590,20251123,1,580.81,102.49,0
11621,5,48,131,20251125,1,117.51,29.38,0
11622,5,11,482,20251118,2,362.91,90.73,0
11623,5,30,590,20251117,1,219.78,54.94,0
11624,5,25,453,20251101,1,403.27,44.81,0
11625,5,26,96,20251126,2,787.17,196.79,0
11626,5,8,125,20251113,2,783.87,195.97,0
11627,5,8,527,20251104,1,440.93,48.99,0
11628,5,18,224,20251109,1,623.25,69.25,1
11629,5,28,476,20251122,1,237.63,59.41,0
11630,5,37,455,20251118,1,417.86,179.08,0
11631,6,33,348,20251122,1,408.0,72.0,0
11632,6,39,396,20251123,1,575.87,63.99,0
11633,6,40,58,20251128,1,580.81,102.49,0
11634,6,35,128,20251128,1,319.11,56.31,0
11635,6,29,205,20251118,1,435.29,76.81,0
11636,6,29,571,20251117,1,409.68,102.42,0
11637,6,24,69,20251106,1,590.23,104.16,0
11638,6,50,338,20251128,1,149.72,26.42,0
11639,6,42,416,20251127,1,79.72,19.93,0
11640,6,3,121,20251121,1,314.15,134.63,0
11641,6,29,531,20251122,1,409.68,102.42,0
11642,6,52,85,20251119,1,66.77,16.69,0
11643,6,26,523,20251124,1,393.58,98.4,0
11644,6,5,55,20251115,2,455.68,80.42,0
11645,6,39,119,20251128,1,543.88,95.98,0
11646,6,10,511,20251105,2,393.02,98.26,0
11647,6,32,202,20251120,1,421.24,46.8,0
11648,6,29,478,20251127,1,409.68,102.42,0
11649,6,20,479,20251130,1,280.98,49.59,0
11650,6,8,77,20251104,1,391.94,97.98,0
11651,6,9,384,20251126,1,347.17,61.27,0
11652,6,12,134,20251127,1,385.26,67.99,0
11653,6,48,499,20251127,1,124.86,22.03,0
11654,6,53,297,20251127,1,139.5,34.87,0
11655,6,12,267,20251104,1,407.92,45.33,0
11656,6,27,232,20251114,2,534.96,94.4,0
11657,6,34,95,20251115,1,241.12,103.33,0
11658,6,52,460,20251102,1,75.11,8.35,0
11659,6,29,439,20251129,1,435.29,76.81,0
11660,6,31,181,20251122,1,397.29,70.11,0
11661,6,31,229,20251107,1,373.92,93.48,0
11662,6,47,500,20251102,1,97.1,24.27,0
11663,6,29,439,20251118,2,870.57,153.63,0
11664,6,37,557,20251124,1,507.4,89.54,0
11665,6,30,408,20251105,1,219.78,54.94,0
11666,6,24,167,20251104,1,555.51,138.88,0
11667,6,27,275,20251124,1,267.48,47.2,0
11668,6,14,346,20251116,1,305.89,53.98,0
11669,6,22,296,20251105,1,474.32,52.7,0
11670,6,4,257,20251102,1,337.64,84.41,0
11671,6,41,111,20251120,1,141.93,15.77,0
11672,6,38,394,20251122,3,1882.9,470.72,0
11673,6,37,300,20251108,1,507.4,89.54,0
11674,6,30,473,20251112,2,439.55,109.89,0
11675,6,30,542,20251106,1,219.78,54.94,0
11676,6,37,442,20251123,1,507.4,89.54,0
11677,6,3,83,20251109,1,403.9,44.88,0
11678,6,3,85,20251101,1,381.46,67.32,0
11679,6,31,2,20251101,1,397.29,70.11,0
11680,6,2,542,20251105,1,215.74,92.46,0
11681,6,11,27,20251126,1,192.8,34.02,0
11682,6,34,256,20251130,1,310.0,34.45,0
11683,6,27,498,20251108,1,251.74,62.94,0
11684,6,48,236,20251118,1,117.51,29.38,1
11685,6,47,404,20251127,1,109.23,12.14,0
11686,6,30,57,20251130,2,494.5,54.94,0
11687,6,27,207,20251115,1,251.74,62.94,0
11688,6,26,534,20251111,1,442.78,49.2,0
11689,6,39,459,20251129,1,575.87,63.99,0
11690,6,3,435,20251130,1,359.02,89.76,0
11691,6,39,308,20251121,1,511.89,127.97,0
11692,6,32,465,20251129,1,421.24,46.8,0
11693,6,35,355,20251118,1,337.88,37.54,0
11694,6,25,133,20251118,1,358.46,89.62,0
11695,6,31,406,20251128,1,420.66,46.74,0
11696,6,2,157,20251104,1,261.97,46.23,0
11697,6,42,526,20251117,1,84.7,14.95,0
11698,6,38,275,20251107,1,666.86,117.68,0
11699,6,37,541,20251104,1,507.4,89.54,0
11700,6,44,80,20251124,1,218.48,54.62,0
11701,6,19,371,20251103,1,362.32,63.94,0
11702,6,27,219,20251106,1,283.21,31.47,0
11703,6,2,73,20251106,1,277.38,30.82,0
11704,6,44,18,20251116,2,436.96,109.24,0
11705,6,34,445,20251129,1,310.0,34.45,0
11706,6,14,48,20251105,1,323.88,35.99,0
11707,6,29,107,20251103,2,716.94,307.26,0
11708,6,1,463,20251125,1,222.07,24.68,0
11709,6,14,251,20251129,2,503.82,215.92,0
11710,6,15,399,20251130,1,291.69,72.92,0
11711,6,14,169,20251114,1,323.88,35.99,0
11712,6,12,303,20251117,1,407.92,45.33,0
11713,7,52,485,20251128,1,70.94,12.52,0
11714,7,38,561,20251121,1,627.63,156.91,0
11715,7,31,568,20251102,1,397.29,70.11,0
11716,7,17,402,20251124,1,237.29,41.87,0
11717,7,12,74,20251124,1,407.92,45.33,0
11718,7,30,379,20251115,1,219.78,54.94,0
11719,7,33,564,20251114,1,432.0,48.0,0
11720,7,14,293,20251101,1,287.9,71.97,0
11721,7,27,468,20251129,1,267.48,47.2,0
11722,7,25,412,20251110,1,313.66,134.42,0
11723,7,34,268,20251129,1,292.78,51.67,0
11724,7,39,93,20251121,1,447.9,191.96,0
11725,7,48,367,20251114,1,117.51,29.38,0
11726,7,36,207,20251126,1,507.62,89.58,0
11727,7,34,560,20251126,1,275.56,68.89,0
11728,7,6,600,20251127,1,330.39,82.6,0
11729,7,13,538,20251114,1,352.91,88.23,0
11730,7,16,169,20251118,1,316.38,55.83,0
11731,7,44,86,20251120,1,218.48,54.62,0
11732,7,51,600,20251115,1,59.12,6.57,0
11733,7,25,166,20251118,1,380.87,67.21,0
11734,7,32,216,20251116,1,374.43,93.61,0
11735,7,26,316,20251130,1,393.58,98.4,0
11736,7,39,206,20251129,1,511.89,127.97,1
11737,7,40,57,20251109,1,580.81,102.49,0
11738,7,30,343,20251104,1,233.51,41.21,0
11739,7,43,282,20251130,1,249.37,44.01,0
11740,7,49,354,20251123,1,51.11,9.02,0
11741,7,31,484,20251124,1,420.66,46.74,0
11742,7,11,368,20251125,1,158.77,68.05,0
11743,7,21,271,20251129,1,498.49,55.39,0
11744,7,20,507,20251105,2,528.91,132.23,0
11745,7,15,290,20251106,1,291.69,72.92,0
11746,7,54,484,20251109,2,240.86,42.5,0
11747,7,11,159,20251105,1,158.77,68.05,0
11748,7,29,203,20251111,1,409.68,102.42,0
11749,7,35,323,20251116,1,300.34,75.08,0
11750,7,28,120,20251130,1,252.48,44.56,0
11751,7,30,261,20251128,3,741.74,82.42,0
11752,7,37,231,20251119,1,477.55,119.39,0
11753,7,29,152,20251118,1,435.29,76.81,0
11754,7,7,369,20251106,1,276.61,30.73,0
11755,7,52,402,20251122,1,75.11,8.35,0
11756,7,38,158,20251120,1,627.63,156.91,0
11757,7,2,174,20251110,1,246.56,61.64,0
11758,7,14,565,20251128,1,251.91,107.96,0
11759,7,28,410,20251127,3,712.9,178.22,0
11760,7,19,92,20251123,1,341.01,85.25,0
11761,7,13,406,20251115,1,352.91,88.23,0
11762,7,11,69,20251116,1,204.14,22.68,0
11763,7,25,113,20251117,1,358.46,89.62,0
11764,7,1,353,20251118,1,209.74,37.01,0
11765,7,54,74,20251101,1,120.43,21.25,0
11766,7,3,507,20251123,1,403.9,44.88,0
11767,7,47,443,20251107,1,103.16,18.21,0
11768,7,55,474,20251103,1,95.35,10.6,0
11769,7,55,569,20251113,1,95.35,10.6,1
11770,7,28,196,20251125,1,252.48,44.56,0
11771,7,24,47,20251119,1,590.23,104.16,0
11772,7,22,141,20251123,1,447.97,79.05,0
11773,7,45,245,20251127,1,110.13,19.44,0
11774,7,1,325,20251119,2,394.8,98.7,0
11775,7,42,108,20251125,1,79.72,19.93,0
11776,7,14,287,20251117,1,251.91,107.96,0
11777,7,49,161,20251115,1,48.1,12.03,0
11778,7,14,337,20251127,1,323.88,35.99,0
11779,7,22,189,20251123,1,447.97,79.05,0
11780,7,35,531,20251123,2,638.21,112.63,0
11781,7,35,102,20251120,1,337.88,37.54,0
11782,7,45,183,20251121,1,103.66,25.91,0
11783,7,54,459,20251114,1,113.34,28.34,0
11784,7,54,560,20251121,1,113.34,28.34,0
11785,7,31,115,20251104,1,373.92,93.48,0
11786,7,54,319,20251117,1,113.34,28.34,0
11787,7,14,373,20251114,1,287.9,71.97,0
11788,7,26,560,20251121,1,393.58,98.4,0
11789,7,26,545,20251106,1,418.18,73.8,0
11790,7,34,200,20251101,1,275.56,68.89,0
11791,7,31,389,20251124,1,420.66,46.74,0
11792,8,38,136,20251113,1,627.63,156.91,0
11793,8,26,424,20251107,1,418.18,73.8,0
11794,8,51,132,20251108,1,55.84,9.85,1
11795,8,16,60,20251105,1,297.77,74.44,0
11796,8,46,588,20251112,1,185.97,32.82,0
11797,8,47,145,20251118,2,194.19,48.55,0
11798,8,22,358,20251101,3,1264.85,316.21,0
11799,8,34,497,20251129,1,275.56,68.89,0
11800,8,16,307,20251108,1,334.99,37.22,0
11801,8,35,408,20251102,1,300.34,75.08,0
11802,8,36,440,20251124,2,1074.96,119.44,0
11803,8,54,248,20251130,1,120.43,21.25,0
11804,8,40,124,20251125,2,1161.61,204.99,0
11805,8,52,171,20251125,1,66.77,16.69,0
11806,8,15,218,20251128,2,619.84,109.38,0
11807,8,39,160,20251106,1,543.88,95.98,0
11808,8,36,209,20251102,1,507.62,89.58,0
11809,8,5,493,20251115,1,227.84,40.21,0
11810,8,48,260,20251127,3,396.6,44.07,0
11811,8,27,115,20251121,1,251.74,62.94,0
11812,8,35,472,20251122,1,300.34,75.08,0
11813,8,38,502,20251111,1,627.63,156.91,0
11814,8,28,1,20251114,3,802.01,89.11,0
11815,8,22,30,20251118,1,474.32,52.7,0
11816,8,39,284,20251117,1,575.87,63.99,0
11817,8,11,192,20251125,1,181.46,45.36,0
11818,8,13,105,20251111,1,374.97,66.17,0
11819,8,47,341,20251116,1,97.1,24.27,0
11820,8,26,267,20251114,1,442.78,49.2,0
11821,8,45,310,20251117,1,103.66,25.91,0
11822,8,52,501,20251130,1,66.77,16.69,0
11823,8,26,201,20251123,1,393.58,98.4,0
11824,8,40,592,20251122,1,546.64,136.66,0
11825,8,42,332,20251122,2,179.37,19.93,0
11826,8,40,51,20251107,1,478.31,204.99,0
11827,8,32,418,20251109,1,421.24,46.8,0
11828,8,9,25,20251119,1,326.75,81.69,0
11829,8,25,548,20251101,1,380.87,67.21,0
11830,8,6,526,20251106,1,330.39,82.6,0
11831,8,7,352,20251129,1,245.87,61.47,0
11832,8,44,62,20251124,1,232.13,40.97,0
11833,8,40,344,20251105,1,580.81,102.49,0
11834,8,37,493,20251116,1,477.55,119.39,0
11835,8,4,573,20251103,1,358.74,63.31,0
11836,8,18,206,20251102,1,588.62,103.88,0
11837,8,55,561,20251118,1,84.76,21.19,0
11838,1,38,351,20251204,1,745.31,39.23,0
11839,1,43,393,20251229,2,469.41,117.35,0
11840,1,33,293,20251207,1,480.0,0.0,0
11841,1,26,305,20251231,3,1402.14,73.8,0
11842,1,22,80,20251219,1,447.97,79.05,0
11843,1,20,34,20251211,1,330.57,0.0,0
11844,1,11,580,20251212,1,204.14,22.68,0
11845,1,40,316,20251223,1,649.14,34.16,0
11846,1,12,23,20251221,1,362.6,90.65,0
11847,1,13,128,20251208,2,838.17,44.11,0
11848,1,36,489,20251216,1,597.2,0.0,0
11849,1,45,507,20251203,1,123.09,6.48,0
11850,1,29,532,20251215,1,512.1,0.0,0
11851,1,36,101,20251228,1,597.2,0.0,1
11852,1,34,573,20251222,2,688.9,0.0,1
11853,1,32,390,20251203,1,397.83,70.21,0
11854,1,36,127,20251202,1,597.2,0.0,0
11855,1,25,435,20251215,1,448.08,0.0,0
11856,1,23,38,20251226,1,297.81,33.09,0
11857,1,8,544,20251201,1,489.92,0.0,0
11858,1,10,522,20251208,1,208.79,36.85,1
11859,1,23,587,20251205,2,661.8,0.0,0
11860,1,2,128,20251202,1,246.56,61.64,0
11861,1,1,72,20251221,3,740.25,0.0,0
11862,1,33,449,20251206,1,480.0,0.0,0
11863,1,38,407,20251226,1,706.09,78.45,0
11864,1,38,172,20251223,1,784.54,0.0,0
11865,1,1,348,20251225,1,209.74,37.01,0
11866,1,39,228,20251210,1,607.87,31.99,1
11867,1,33,110,20251206,1,480.0,0.0,0
11868,1,33,334,20251229,2,912.0,48.0,0
11869,1,40,555,20251206,1,649.14,34.16,0
11870,1,33,495,20251223,1,408.0,72.0,0
11871,1,10,275,20251209,1,208.79,36.85,0
11872,1,33,299,20251207,1,456.0,24.0,0
11873,1,31,174,20251218,2,934.8,0.0,0
11874,1,36,135,20251209,1,597.2,0.0,0
11875,1,40,383,20251211,1,683.3,0.0,0
11876,1,39,59,20251212,1,607.87,31.99,1
11877,1,21,481,20251213,1,553.88,0.0,0
11878,1,11,136,20251215,1,204.14,22.68,0
11879,1,40,94,20251219,1,546.64,136.66,0
11880,1,13,455,20251218,1,352.91,88.23,0
11881,1,19,424,20251206,1,426.26,0.0,0
11882,1,38,495,20251221,1,784.54,0.0,0
11883,1,40,323,20251224,1,649.14,34.16,0
11884,1,35,371,20251218,1,356.65,18.77,0
11885,1,14,317,20251213,1,359.87,0.0,0
11886,1,23,503,20251207,1,330.9,0.0,0
11887,1,28,155,20251208,1,297.04,0.0,0
11888,1,26,89,20251226,1,467.38,24.6,1
11889,1,33,349,20251208,1,480.0,0.0,0
11890,1,13,550,20251216,1,441.14,0.0,0
11891,1,2,469,20251219,1,277.38,30.82,0
11892,1,40,486,20251210,1,614.97,68.33,0
11893,1,36,575,20251214,1,597.2,0.0,0
11894,1,40,138,20251208,1,649.14,34.16,0
11895,1,40,356,20251227,1,580.81,102.49,0
11896,1,16,385,20251220,1,353.6,18.61,0
11897,1,39,76,20251204,2,1023.78,255.94,0
11898,1,32,122,20251224,1,397.83,70.21,0
11899,1,32,587,20251203,1,444.64,23.4,0
11900,1,24,495,20251227,1,694.39,0.0,0
11901,1,1,252,20251226,1,197.4,49.35,0
11902,1,33,368,20251229,1,432.0,48.0,0
11903,1,17,103,20251216,1,279.16,0.0,0
11904,1,20,496,20251207,1,330.57,0.0,0
11905,1,32,308,20251210,1,468.04,0.0,0
11906,1,7,62,20251205,1,261.24,46.1,0
11907,1,4,275,20251215,1,400.95,21.1,0
11908,1,42,39,20251224,1,89.68,9.97,0
11909,1,8,92,20251221,1,416.43,73.49,0
11910,1,20,14,20251220,1,314.04,16.53,0
11911,1,28,208,20251214,1,237.63,59.41,0
11912,1,35,279,20251211,1,375.42,0.0,0
11913,1,49,460,20251215,1,54.12,6.01,0
11914,1,12,438,20251202,1,407.92,45.33,0
11915,1,40,18,20251227,1,649.14,34.16,0
11916,1,35,10,20251220,1,300.34,75.08,0
11917,1,38,373,20251218,1,706.09,78.45,0
11918,1,29,585,20251203,1,512.1,0.0,0
11919,1,38,555,20251226,1,784.54,0.0,1
11920,1,42,422,20251224,1,94.67,4.98,0
11921,1,24,85,20251204,1,694.39,0.0,0
11922,1,36,434,20251205,1,567.34,29.86,0
11923,1,20,224,20251222,1,330.57,0.0,0
11924,1,33,64,20251219,1,456.0,24.0,0
11925,1,38,331,20251217,1,784.54,0.0,0
11926,1,29,374,20251204,1,460.89,51.21,0
11927,1,20,434,20251223,1,330.57,0.0,0
11928,1,34,541,20251211,1,344.45,0.0,1
11929,1,7,33,20251209,1,307.34,0.0,0
11930,1,33,225,20251210,1,384.0,96.0,0
11931,1,26,205,20251207,2,983.96,0.0,0
11932,1,51,392,20251202,1,55.84,9.85,0
11933,1,27,215,20251226,1,314.68,0.0,0
11934,1,28,68,20251224,1,267.34,29.7,0
11935,1,30,583,20251204,1,219.78,54.94,0
11936,1,48,91,20251217,1,146.89,0.0,0
11937,1,13,24,20251223,1,441.14,0.0,1
11938,1,28,126,20251201,1,297.04,0.0,0
11939,1,34,151,20251210,1,310.0,34.45,0
11940,1,6,245,20251211,1,412.99,0.0,0
11941,1,3,157,20251211,1,448.78,0.0,0
11942,1,11,398,20251227,2,430.96,22.68,0
11943,1,32,407,20251225,1,444.64,23.4,0
11944,1,56,494,20251210,1,55.02,9.71,0
11945,1,36,385,20251223,1,507.62,89.58,0
11946,1,56,139,20251212,1,51.78,12.95,1
11947,1,35,168,20251209,2,750.84,0.0,0
11948,1,39,10,20251212,1,639.86,0.0,0
11949,1,25,225,20251203,2,806.54,89.62,0
11950,1,40,202,20251201,1,649.14,34.16,0
11951,1,39,89,20251206,1,575.87,63.99,0
11952,1,32,96,20251210,1,468.04,0.0,0
11953,1,26,507,20251205,1,442.78,49.2,0
11954,1,27,232,20251224,3,944.04,0.0,0
11955,1,28,172,20251223,1,297.04,0.0,0
11956,1,8,50,20251231,2,881.86,97.98,0
11957,1,40,578,20251215,1,683.3,0.0,0
11958,1,37,571,20251221,1,537.25,59.69,0
11959,1,32,431,20251228,1,421.24,46.8,0
11960,1,31,529,20251225,1,444.03,23.37,0
11961,1,34,389,20251230,1,310.0,34.45,0
11962,1,11,81,20251227,1,204.14,22.68,0
11963,2,38,206,20251204,1,706.09,78.45,0
11964,2,32,331,20251201,2,842.47,93.61,0
11965,2,24,141,20251229,1,694.39,0.0,0
11966,2,29,128,20251229,1,460.89,51.21,0
11967,2,46,479,20251229,1,218.79,0.0,0
11968,2,2,441,20251216,1,308.2,0.0,0
11969,2,33,119,20251210,1,480.0,0.0,0
11970,2,29,319,20251203,2,1024.2,0.0,0
11971,2,11,118,20251206,1,226.82,0.0,0
11972,2,32,53,20251222,1,468.04,0.0,0
11973,2,33,79,20251220,1,480.0,0.0,0
11974,2,10,102,20251218,1,233.36,12.28,0
11975,2,24,158,20251222,1,659.67,34.72,0
11976,2,33,264,20251209,1,480.0,0.0,0
11977,2,33,256,20251201,1,480.0,0.0,0
11978,2,26,586,20251226,1,491.98,0.0,0
11979,2,35,71,20251215,2,600.67,150.17,0
11980,2,27,325,20251229,2,566.42,62.94,0
11981,2,30,130,20251209,1,274.72,0.0,1
11982,2,34,42,20251203,1,310.0,34.45,0
11983,2,29,407,20251215,2,1024.2,0.0,0
11984,2,16,526,20251208,1,372.21,0.0,0
11985,2,20,508,20251216,2,595.03,66.11,0
11986,2,39,448,20251218,1,511.89,127.97,0
11987,2,35,160,20251214,1,356.65,18.77,0
11988,2,13,359,20251231,1,374.97,66.17,0
11989,2,39,142,20251207,1,607.87,31.99,0
11990,2,9,344,20251228,1,326.75,81.69,0
11991,2,33,301,20251218,1,432.0,48.0,1
11992,2,39,481,20251216,1,543.88,95.98,0
11993,2,33,266,20251228,1,480.0,0.0,0
11994,2,30,567,20251225,1,219.78,54.94,0
11995,2,36,578,20251221,1,537.48,59.72,0
11996,2,13,290,20251208,2,794.05,88.23,0
11997,2,1,396,20251207,2,468.82,24.68,0
11998,2,39,533,20251216,2,1151.75,127.97,0
11999,2,56,530,20251229,1,58.26,6.47,0
12000,2,17,227,20251213,1,279.16,0.0,0
12001,2,33,456,20251221,1,480.0,0.0,1
12002,2,37,169,20251223,1,507.4,89.54,0
12003,2,7,415,20251209,1,307.34,0.0,0
12004,2,7,436,20251209,1,307.34,0.0,0
12005,2,9,483,20251214,1,408.44,0.0,0
12006,2,32,451,20251212,1,444.64,23.4,0
12007,2,28,95,20251222,2,594.08,0.0,0
12008,2,38,271,20251205,2,1569.08,0.0,0
12009,2,36,418,20251217,1,567.34,29.86,0
12010,2,34,236,20251204,2,654.45,34.45,0
12011,2,5,190,20251210,2,482.49,53.61,0
12012,2,38,74,20251211,1,784.54,0.0,0
12013,2,31,561,20251225,1,444.03,23.37,0
12014,2,48,79,20251218,1,146.89,0.0,0
12015,2,38,336,20251201,3,2353.62,0.0,0
12016,2,17,444,20251205,1,223.33,55.83,0
12017,2,1,414,20251207,1,246.75,0.0,0
12018,2,10,231,20251208,2,491.28,0.0,0
12019,2,14,43,20251215,1,359.87,0.0,0
12020,2,30,128,20251201,1,247.25,27.47,0
12021,2,13,572,20251220,1,374.97,66.17,0
12022,2,13,473,20251220,1,441.14,0.0,0
12023,2,30,163,20251203,1,274.72,0.0,0
12024,2,37,536,20251217,1,567.09,29.85,0
12025,2,34,32,20251215,1,275.56,68.89,0
12026,2,12,72,20251205,1,430.59,22.66,0
12027,2,34,240,20251221,2,620.01,68.89,0
12028,2,24,103,20251219,1,694.39,0.0,0
12029,2,33,180,20251205,1,480.0,0.0,0
12030,2,18,305,20251216,1,692.5,0.0,0
12031,2,16,33,20251208,1,353.6,18.61,1
12032,2,10,103,20251213,2,491.28,0.0,1
12033,2,37,223,20251201,2,955.1,238.78,0
12034,2,23,107,20251204,1,330.9,0.0,0
12035,2,23,77,20251213,1,314.36,16.54,0
12036,2,30,477,20251211,1,274.72,0.0,0
12037,2,26,160,20251209,1,442.78,49.2,0
12038,2,36,10,20251227,1,597.2,0.0,0
12039,2,34,521,20251207,1,275.56,68.89,0
12040,2,19,429,20251210,1,426.26,0.0,0
12041,2,23,399,20251206,3,992.7,0.0,0
12042,2,15,213,20251227,1,364.61,0.0,0
12043,2,35,39,20251211,1,356.65,18.77,0
12044,2,31,580,20251216,2,841.32,93.48,1
12045,2,30,587,20251225,2,549.44,0.0,0
12046,2,38,71,20251206,1,745.31,39.23,0
12047,2,53,188,20251215,1,174.37,0.0,0
12048,2,21,430,20251216,1,443.1,110.78,0
12049,2,1,551,20251203,1,246.75,0.0,0
12050,2,16,40,20251227,2,669.98,74.44,0
12051,2,26,160,20251229,2,983.96,0.0,0
12052,2,46,1,20251230,1,218.79,0.0,0
12053,2,15,133,20251217,1,291.69,72.92,0
12054,2,36,39,20251217,1,597.2,0.0,0
12055,2,1,546,20251224,1,234.41,12.34,0
12056,2,26,428,20251230,1,467.38,24.6,0
12057,2,25,215,20251216,1,448.08,0.0,0
12058,2,8,525,20251223,1,489.92,0.0,0
12059,2,35,231,20251202,1,375.42,0.0,0
12060,2,30,400,20251219,1,260.98,13.74,0
12061,2,13,74,20251220,2,794.05,88.23,0
12062,2,36,526,20251202,1,507.62,89.58,0
12063,2,6,544,20251214,2,825.98,0.0,0
12064,2,25,483,20251217,1,448.08,0.0,1
12065,2,28,23,20251217,1,207.93,89.11,0
12066,2,34,542,20251224,1,344.45,0.0,0
12067,2,38,362,20251229,2,1333.72,235.36,0
12068,2,40,460,20251205,1,478.31,204.99,0
12069,2,8,50,20251208,1,465.42,24.5,0
12070,3,8,10,20251208,1,416.43,73.49,0
12071,3,7,210,20251207,3,922.02,0.0,0
12072,3,10,258,20251219,1,245.64,0.0,0
12073,3,13,157,20251207,2,705.82,176.46,0
12074,3,37,240,20251217,2,1193.88,0.0,0
12075,3,22,269,20251218,1,527.02,0.0,0
12076,3,36,185,20251204,1,597.2,0.0,0
12077,3,28,105,20251230,1,297.04,0.0,0
12078,3,34,544,20251231,1,241.12,103.33,0
12079,3,32,395,20251230,1,468.04,0.0,0
12080,3,49,275,20251216,1,60.13,0.0,0
12081,3,23,26,20251207,1,330.9,0.0,1
12082,3,11,342,20251218,1,226.82,0.0,0
12083,3,27,523,20251201,1,267.48,47.2,0
12084,3,34,353,20251214,1,344.45,0.0,0
12085,3,29,468,20251216,2,1024.2,0.0,0
12086,3,30,328,20251210,1,219.78,54.94,0
12087,3,26,311,20251216,1,418.18,73.8,0
12088,3,40,85,20251229,1,649.14,34.16,0
12089,3,40,378,20251225,2,1093.28,273.32,0
12090,3,5,511,20251208,1,268.05,0.0,0
12091,3,40,223,20251209,2,1366.6,0.0,0
12092,3,35,539,20251230,1,375.42,0.0,0
12093,3,40,39,20251230,1,580.81,102.49,0
12094,3,33,579,20251215,1,480.0,0.0,0
12095,3,26,333,20251221,1,491.98,0.0,0
12096,3,2,254,20251201,1,308.2,0.0,0
12097,3,38,455,20251203,1,706.09,78.45,1
12098,3,39,335,20251211,1,575.87,63.99,0
12099,3,37,388,20251228,1,477.55,119.39,0
12100,3,33,500,20251206,1,408.0,72.0,0
12101,3,22,172,20251229,3,1264.85,316.21,0
12102,3,29,123,20251202,2,870.57,153.63,0
12103,3,38,456,20251208,1,745.31,39.23,0
12104,3,32,396,20251204,1,444.64,23.4,0
12105,3,28,365,20251206,1,297.04,0.0,0
12106,3,21,474,20251203,1,553.88,0.0,0
12107,3,15,276,20251204,1,364.61,0.0,0
12108,3,30,409,20251204,1,233.51,41.21,0
12109,3,32,390,20251209,1,444.64,23.4,0
12110,3,4,143,20251211,2,759.69,84.41,0
12111,3,16,288,20251212,1,334.99,37.22,1
12112,3,32,452,20251225,1,444.64,23.4,0
12113,3,26,454,20251231,1,467.38,24.6,0
12114,3,36,585,20251206,1,597.2,0.0,0
12115,3,26,518,20251223,1,491.98,0.0,0
12116,3,36,238,20251206,1,597.2,0.0,0
12117,3,38,509,20251206,1,627.63,156.91,0
12118,3,35,272,20251201,1,375.42,0.0,0
12119,3,23,106,20251226,1,297.81,33.09,0
12120,3,26,275,20251224,1,491.98,0.0,0
12121,3,36,221,20251211,1,597.2,0.0,0
12122,3,34,133,20251219,1,310.0,34.45,0
12123,3,56,158,20251205,1,58.26,6.47,0
12124,3,26,244,20251219,2,885.56,98.4,0
12125,3,28,439,20251220,2,564.38,29.7,0
12126,3,11,285,20251224,1,204.14,22.68,0
12127,3,47,521,20251203,1,97.1,24.27,0
12128,3,39,9,20251230,1,639.86,0.0,0
12129,3,26,438,20251231,1,393.58,98.4,0
12130,3,52,253,20251220,1,79.29,4.17,0
12131,3,15,510,20251203,1,255.23,109.38,0
12132,3,40,21,20251224,1,649.14,34.16,0
12133,3,5,575,20251226,1,268.05,0.0,0
12134,3,15,216,20251212,1,309.92,54.69,0
12135,3,10,170,20251228,1,233.36,12.28,0
12136,3,28,286,20251219,1,297.04,0.0,0
12137,3,33,339,20251208,1,384.0,96.0,0
12138,3,35,226,20251225,1,356.65,18.77,0
12139,3,21,58,20251225,1,553.88,0.0,0
12140,3,36,173,20251210,1,537.48,59.72,0
12141,3,25,366,20251214,1,448.08,0.0,0
12142,3,34,444,20251206,1,344.45,0.0,0
12143,3,25,64,20251231,2,896.16,0.0,0
12144,3,23,357,20251219,1,314.36,16.54,0
12145,3,8,374,20251202,1,416.43,73.49,0
12146,4,32,150,20251215,1,421.24,46.8,0
12147,4,26,69,20251219,2,787.17,196.79,0
12148,4,26,119,20251201,1,491.98,0.0,0
12149,4,30,176,20251231,1,274.72,0.0,1
12150,4,29,117,20251230,1,512.1,0.0,0
12151,4,4,443,20251224,1,422.05,0.0,0
12152,4,39,488,20251206,1,511.89,127.97,0
12153,4,37,552,20251231,2,1074.49,119.39,0
12154,4,5,369,20251216,1,227.84,40.21,0
12155,4,37,485,20251218,1,567.09,29.85,0
12156,4,30,447,20251231,1,274.72,0.0,0
12157,4,18,16,20251213,1,554.0,138.5,0
12158,4,34,575,20251226,1,292.78,51.67,0
12159,4,18,536,20251225,1,554.0,138.5,0
12160,4,33,339,20251218,1,480.0,0.0,1
12161,4,37,162,20251213,1,537.25,59.69,0
12162,4,8,349,20251226,1,465.42,24.5,0
12163,4,39,501,20251203,1,543.88,95.98,0
12164,4,55,211,20251227,2,169.52,42.38,0
12165,4,36,190,20251214,1,567.34,29.86,0
12166,4,8,237,20251231,1,489.92,0.0,0
12167,4,27,291,20251205,1,283.21,31.47,0
12168,4,34,66,20251224,1,344.45,0.0,0
12169,4,47,404,20251214,1,121.37,0.0,1
12170,4,7,75,20251206,1,261.24,46.1,0
12171,4,1,580,20251215,1,234.41,12.34,0
12172,4,22,519,20251230,1,500.67,26.35,0
12173,4,33,403,20251228,1,408.0,72.0,0
12174,4,15,439,20251202,1,346.38,18.23,0
12175,4,37,509,20251202,1,537.25,59.69,0
12176,4,40,574,20251212,2,1366.6,0.0,0
12177,4,7,464,20251212,1,307.34,0.0,0
12178,4,26,303,20251217,1,418.18,73.8,0
12179,4,43,371,20251203,2,528.08,58.68,0
12180,4,31,204,20251215,1,467.4,0.0,0
12181,4,37,263,20251219,1,507.4,89.54,0
12182,4,29,69,20251217,1,435.29,76.81,0
12183,4,38,267,20251215,1,706.09,78.45,0
12184,4,12,191,20251213,1,453.25,0.0,0
12185,4,33,568,20251212,1,480.0,0.0,0
12186,4,31,85,20251205,2,794.58,140.22,0
12187,4,27,409,20251228,1,314.68,0.0,0
12188,4,34,138,20251225,1,292.78,51.67,1
12189,4,21,499,20251217,1,526.19,27.69,0
12190,4,18,21,20251221,2,1315.75,69.25,0
12191,4,33,591,20251231,1,480.0,0.0,0
12192,4,26,553,20251223,1,491.98,0.0,0
12193,4,21,501,20251210,2,1107.76,0.0,0
12194,4,32,60,20251229,2,795.67,140.41,0
12195,4,12,593,20251207,2,861.17,45.33,0
12196,4,33,583,20251211,1,432.0,48.0,0
12197,4,36,586,20251224,1,597.2,0.0,0
12198,4,9,254,20251207,2,776.04,40.84,0
12199,4,38,417,20251214,1,784.54,0.0,0
12200,4,20,76,20251223,1,297.51,33.06,0
12201,4,48,509,20251211,1,139.55,7.34,0
12202,4,8,478,20251223,1,489.92,0.0,0
12203,4,27,77,20251217,1,314.68,0.0,0
12204,4,37,320,20251226,1,596.94,0.0,0
12205,4,44,388,20251215,1,273.1,0.0,0
12206,4,21,361,20251202,1,470.8,83.08,0
12207,4,11,36,20251222,1,226.82,0.0,0
12208,4,25,148,20251219,1,403.27,44.81,0
12209,4,53,267,20251208,1,156.93,17.44,0
12210,4,40,181,20251210,1,649.14,34.16,0
12211,4,31,15,20251214,1,397.29,70.11,0
12212,4,27,303,20251231,1,314.68,0.0,1
12213,4,37,163,20251208,1,596.94,0.0,0
12214,4,5,255,20251206,1,214.44,53.61,0
12215,4,34,249,20251226,1,310.0,34.45,0
12216,4,27,579,20251226,1,314.68,0.0,0
12217,4,36,342,20251210,1,507.62,89.58,0
12218,4,13,342,20251228,1,419.08,22.06,0
12219,4,40,291,20251216,1,546.64,136.66,0
12220,4,2,50,20251210,1,277.38,30.82,0
12221,4,37,489,20251211,1,596.94,0.0,0
12222,4,42,573,20251206,1,94.67,4.98,0
12223,4,22,142,20251210,1,527.02,0.0,0
12224,4,47,487,20251218,2,194.19,48.55,0
12225,4,27,342,20251209,1,314.68,0.0,0
12226,4,12,190,20251210,1,453.25,0.0,0
12227,4,33,376,20251231,1,480.0,0.0,0
12228,4,27,318,20251222,1,298.95,15.73,0
12229,4,31,106,20251206,1,467.4,0.0,0
12230,5,35,120,20251204,2,750.84,0.0,0
12231,5,28,508,20251204,1,237.63,59.41,0
12232,5,35,98,20251214,1,337.88,37.54,1
12233,5,21,274,20251211,1,526.19,27.69,0
12234,5,29,500,20251222,1,486.49,25.61,1
12235,5,33,145,20251221,1,480.0,0.0,0
12236,5,26,368,20251206,1,467.38,24.6,0
12237,5,36,112,20251205,1,597.2,0.0,0
12238,5,21,39,20251223,1,553.88,0.0,0
12239,5,39,374,20251219,1,639.86,0.0,0
12240,5,34,144,20251213,1,344.45,0.0,0
12241,5,8,277,20251219,1,489.92,0.0,0
12242,5,34,434,20251204,1,344.45,0.0,0
12243,5,1,507,20251213,1,246.75,0.0,0
12244,5,32,214,20251204,1,468.04,0.0,0
12245,5,5,586,20251226,1,268.05,0.0,0
12246,5,19,116,20251202,1,383.63,42.63,0
12247,5,34,483,20251216,1,344.45,0.0,0
12248,5,18,33,20251204,1,554.0,138.5,0
12249,5,8,366,20251223,1,440.93,48.99,0
12250,5,10,88,20251217,2,491.28,0.0,0
12251,5,26,585,20251206,1,467.38,24.6,1
12252,5,23,513,20251213,1,297.81,33.09,0
12253,5,9,10,20251227,1,285.91,122.53,0
12254,5,33,396,20251229,1,480.0,0.0,0
12255,5,25,259,20251214,1,448.08,0.0,0
12256,5,46,53,20251211,1,185.97,32.82,0
12257,5,3,563,20251220,1,426.34,22.44,0
12258,5,4,497,20251212,2,590.87,253.23,0
12259,5,14,83,20251226,1,305.89,53.98,0
12260,5,19,294,20251210,1,298.38,127.88,0
12261,5,35,433,20251212,1,337.88,37.54,0
12262,5,39,363,20251206,1,607.87,31.99,0
12263,5,39,119,20251211,1,607.87,31.99,0
12264,5,25,528,20251215,1,448.08,0.0,1
12265,5,5,39,20251205,3,804.15,0.0,0
12266,5,22,439,20251213,1,447.97,79.05,0
12267,5,8,542,20251208,1,465.42,24.5,0
12268,5,51,21,20251217,1,65.69,0.0,0
12269,5,39,342,20251226,2,1279.72,0.0,0
12270,5,29,160,20251212,1,486.49,25.61,0
12271,5,30,599,20251206,1,274.72,0.0,1
12272,5,54,136,20251204,1,134.6,7.08,0
12273,5,34,112,20251217,1,344.45,0.0,0
12274,5,33,175,20251231,1,456.0,24.0,0
12275,5,15,33,20251219,2,729.22,0.0,0
12276,5,20,179,20251223,1,280.98,49.59,0
12277,5,1,207,20251213,1,234.41,12.34,0
12278,5,31,430,20251218,1,420.66,46.74,0
12279,5,23,389,20251212,1,330.9,0.0,0
12280,5,39,13,20251207,1,639.86,0.0,1
12281,5,34,317,20251221,1,292.78,51.67,0
12282,5,38,444,20251203,2,1412.17,156.91,0
12283,5,36,476,20251230,1,567.34,29.86,0
12284,5,36,412,20251208,1,537.48,59.72,0
12285,5,40,192,20251217,1,614.97,68.33,0
12286,5,34,244,20251212,1,344.45,0.0,0
12287,5,30,506,20251201,1,274.72,0.0,0
12288,5,34,224,20251210,1,241.12,103.33,0
12289,5,30,245,20251213,2,521.97,27.47,0
12290,5,27,252,20251210,1,251.74,62.94,0
12291,5,35,513,20251210,1,375.42,0.0,0
12292,5,17,332,20251229,1,265.2,13.96,0
12293,5,37,76,20251208,1,596.94,0.0,0
12294,5,30,182,20251215,1,233.51,41.21,0
12295,5,38,114,20251228,1,784.54,0.0,0
12296,5,23,437,20251214,2,661.8,0.0,0
12297,5,8,556,20251228,1,489.92,0.0,0
12298,5,33,244,20251219,1,456.0,24.0,1
12299,5,22,564,20251224,1,421.62,105.4,0
12300,5,40,69,20251230,1,683.3,0.0,0
12301,5,36,225,20251211,1,597.2,0.0,0
12302,5,10,8,20251202,3,663.23,73.69,0
12303,5,26,253,20251231,1,491.98,0.0,0
12304,5,40,117,20251211,1,546.64,136.66,0
12305,5,35,89,20251219,1,300.34,75.08,0
12306,5,32,536,20251223,1,397.83,70.21,0
12307,5,31,467,20251224,1,467.4,0.0,0
12308,5,39,329,20251215,1,639.86,0.0,1
12309,5,25,342,20251230,1,448.08,0.0,0
12310,5,32,558,20251216,1,421.24,46.8,0
12311,5,40,41,20251216,2,1366.6,0.0,0
12312,5,22,226,20251206,1,500.67,26.35,0
12313,5,33,32,20251223,1,480.0,0.0,0
12314,5,42,518,20251205,1,94.67,4.98,0
12315,5,35,400,20251211,2,713.3,37.54,0
12316,5,40,81,20251218,1,683.3,0.0,0
12317,5,31,373,20251229,1,420.66,46.74,1
12318,5,38,547,20251221,1,627.63,156.91,0
12319,5,19,323,20251225,1,426.26,0.0,0
12320,6,6,486,20251227,1,412.99,0.0,0
12321,6,35,53,20251212,2,750.84,0.0,0
12322,6,30,456,20251220,2,494.5,54.94,0
12323,6,31,134,20251227,1,420.66,46.74,1
12324,6,11,552,20251201,1,226.82,0.0,0
12325,6,40,527,20251228,2,1366.6,0.0,0
12326,6,40,362,20251211,1,683.3,0.0,0
12327,6,5,559,20251212,1,254.65,13.4,0
12328,6,38,111,20251215,1,666.86,117.68,0
12329,6,35,451,20251213,1,356.65,18.77,0
12330,6,8,34,20251216,1,391.94,97.98,0
12331,6,39,288,20251227,1,607.87,31.99,0
12332,6,18,38,20251210,1,588.62,103.88,0
12333,6,7,251,20251208,1,291.97,15.37,0
12334,6,34,45,20251227,1,310.0,34.45,0
12335,6,18,293,20251204,1,484.75,207.75,0
12336,6,56,221,20251206,1,61.49,3.24,0
12337,6,10,20,20251211,1,233.36,12.28,0
12338,6,1,115,20251204,1,246.75,0.0,0
12339,6,16,515,20251220,1,372.21,0.0,0
12340,6,11,306,20251213,1,226.82,0.0,0
12341,6,18,598,20251205,1,692.5,0.0,0
12342,6,34,62,20251229,1,275.56,68.89,1
12343,6,39,518,20251209,1,607.87,31.99,0
12344,6,30,388,20251210,1,274.72,0.0,0
12345,6,20,415,20251204,1,330.57,0.0,0
12346,6,6,482,20251228,3,1238.97,0.0,0
12347,6,23,8,20251227,2,628.71,33.09,0
12348,6,36,449,20251214,1,567.34,29.86,0
12349,6,28,456,20251229,1,297.04,0.0,0
12350,6,28,459,20251202,1,282.19,14.85,0
12351,6,3,400,20251204,1,403.9,44.88,0
12352,6,28,201,20251211,1,297.04,0.0,0
12353,6,24,10,20251231,1,624.95,69.44,0
12354,6,7,388,20251212,1,291.97,15.37,0
12355,6,34,111,20251205,1,344.45,0.0,0
12356,6,35,232,20251208,1,375.42,0.0,0
12357,6,32,371,20251229,1,468.04,0.0,0
12358,6,22,189,20251206,1,474.32,52.7,0
12359,6,32,201,20251202,1,468.04,0.0,0
12360,6,37,577,20251221,1,537.25,59.69,0
12361,6,14,209,20251231,1,341.88,17.99,0
12362,6,39,138,20251221,1,639.86,0.0,1
12363,6,9,196,20251230,1,388.02,20.42,0
12364,6,36,419,20251204,2,955.52,238.88,0
12365,6,2,558,20251213,1,277.38,30.82,0
12366,6,24,170,20251218,2,1249.9,138.88,0
12367,6,38,8,20251221,1,666.86,117.68,0
12368,6,34,30,20251225,1,327.23,17.22,0
12369,6,14,45,20251212,2,575.79,143.95,0
12370,6,9,490,20251218,1,408.44,0.0,1
12371,6,25,250,20251229,1,425.68,22.4,0
12372,6,28,63,20251209,1,267.34,29.7,0
12373,6,33,107,20251202,1,480.0,0.0,0
12374,6,3,91,20251214,1,403.9,44.88,0
12375,6,27,59,20251216,1,314.68,0.0,0
12376,6,25,237,20251225,1,448.08,0.0,0
12377,6,30,559,20251206,1,274.72,0.0,0
12378,6,44,293,20251207,1,232.13,40.97,0
12379,6,15,35,20251214,2,729.22,0.0,1
12380,6,40,289,20251225,1,683.3,0.0,0
12381,6,24,218,20251223,1,694.39,0.0,0
12382,6,25,530,20251213,1,448.08,0.0,0
12383,6,38,317,20251201,1,784.54,0.0,0
12384,6,33,454,20251231,1,480.0,0.0,0
12385,6,34,508,20251231,1,344.45,0.0,0
12386,6,39,123,20251218,2,1215.73,63.99,0
12387,6,13,555,20251231,1,441.14,0.0,0
12388,6,39,484,20251207,2,1279.72,0.0,0
12389,6,47,464,20251230,1,121.37,0.0,0
12390,6,30,571,20251205,1,247.25,27.47,0
12391,6,10,256,20251228,2,491.28,0.0,0
12392,6,25,291,20251218,1,448.08,0.0,0
12393,6,27,277,20251231,1,220.28,94.4,0
12394,6,28,140,20251210,1,252.48,44.56,0
12395,6,26,202,20251213,1,491.98,0.0,0
12396,6,11,575,20251231,1,158.77,68.05,0
12397,6,39,319,20251209,1,607.87,31.99,0
12398,6,7,294,20251215,1,276.61,30.73,0
12399,6,31,20,20251225,1,327.18,140.22,0
12400,6,33,389,20251220,1,480.0,0.0,1
12401,6,20,393,20251224,1,297.51,33.06,0
12402,6,13,584,20251222,1,441.14,0.0,0
12403,6,46,466,20251211,1,196.91,21.88,0
12404,6,51,333,20251205,1,65.69,0.0,1
12405,6,33,427,20251220,1,480.0,0.0,1
12406,6,26,226,20251219,1,491.98,0.0,0
12407,6,18,382,20251204,1,623.25,69.25,0
12408,6,33,48,20251229,1,408.0,72.0,0
12409,6,34,185,20251213,1,275.56,68.89,0
12410,6,34,360,20251209,1,310.0,34.45,0
12411,6,31,334,20251207,1,420.66,46.74,0
12412,6,25,424,20251224,1,448.08,0.0,0
12413,6,29,56,20251222,1,512.1,0.0,0
12414,6,34,129,20251204,1,310.0,34.45,0
12415,6,2,445,20251222,2,616.4,0.0,0
12416,7,22,457,20251205,1,474.32,52.7,1
12417,7,38,140,20251222,1,745.31,39.23,0
12418,7,40,595,20251221,1,478.31,204.99,0
12419,7,7,147,20251201,1,307.34,0.0,0
12420,7,28,209,20251221,1,297.04,0.0,0
12421,7,4,403,20251219,2,717.49,126.61,1
12422,7,24,287,20251224,1,659.67,34.72,0
12423,7,40,211,20251204,1,683.3,0.0,0
12424,7,7,188,20251205,1,276.61,30.73,0
12425,7,25,246,20251225,1,358.46,89.62,0
12426,7,25,429,20251229,3,1344.24,0.0,0
12427,7,29,58,20251216,3,1382.67,153.63,0
12428,7,40,459,20251223,1,649.14,34.16,0
12429,7,32,196,20251226,2,842.47,93.61,0
12430,7,7,235,20251224,1,307.34,0.0,0
12431,7,37,114,20251210,1,537.25,59.69,0
12432,7,8,58,20251221,1,489.92,0.0,0
12433,7,35,96,20251206,2,713.3,37.54,0
12434,7,35,366,20251207,1,337.88,37.54,0
12435,7,27,544,20251216,1,314.68,0.0,0
12436,7,11,113,20251208,1,215.48,11.34,1
12437,7,31,358,20251204,1,467.4,0.0,0
12438,7,6,297,20251227,1,371.69,41.3,0
12439,7,31,348,20251224,1,467.4,0.0,0
12440,7,26,106,20251230,1,467.38,24.6,1
12441,7,11,414,20251210,1,204.14,22.68,0
12442,7,22,54,20251207,1,474.32,52.7,0
12443,7,27,501,20251204,1,298.95,15.73,0
12444,7,35,221,20251216,3,1069.95,56.31,0
12445,7,39,313,20251226,1,639.86,0.0,0
12446,7,3,267,20251213,1,426.34,22.44,0
12447,7,15,232,20251211,1,309.92,54.69,0
12448,7,40,491,20251217,1,546.64,136.66,0
12449,7,27,497,20251202,1,298.95,15.73,1
12450,7,12,489,20251208,1,453.25,0.0,0
12451,7,32,354,20251222,1,421.24,46.8,0
12452,7,26,414,20251230,1,418.18,73.8,0
12453,7,27,230,20251221,1,298.95,15.73,0
12454,7,23,168,20251223,1,330.9,0.0,1
12455,7,39,450,20251229,1,543.88,95.98,0
12456,7,32,588,20251223,1,468.04,0.0,0
12457,7,36,278,20251218,2,836.08,358.32,0
12458,7,6,558,20251231,1,330.39,82.6,0
12459,7,13,131,20251221,2,882.28,0.0,0
12460,7,38,580,20251218,1,784.54,0.0,0
12461,7,16,414,20251227,1,372.21,0.0,0
12462,7,26,325,20251217,1,491.98,0.0,0
12463,7,38,168,20251218,1,784.54,0.0,0
12464,7,40,356,20251227,1,546.64,136.66,0
12465,7,6,218,20251227,1,412.99,0.0,0
12466,7,33,561,20251202,1,480.0,0.0,0
12467,7,8,50,20251204,1,489.92,0.0,0
12468,7,34,457,20251201,1,344.45,0.0,0
12469,7,37,261,20251222,1,537.25,59.69,0
12470,7,35,397,20251213,2,750.84,0.0,0
12471,7,7,90,20251210,1,291.97,15.37,0
12472,7,28,311,20251217,1,267.34,29.7,0
12473,7,31,375,20251226,2,841.32,93.48,0
12474,7,2,499,20251210,2,585.58,30.82,0
12475,7,2,344,20251219,1,308.2,0.0,0
12476,7,32,238,20251231,1,468.04,0.0,0
12477,7,22,332,20251224,1,368.91,158.11,0
12478,7,35,510,20251207,1,337.88,37.54,0
12479,7,37,54,20251230,1,596.94,0.0,1
12480,7,2,56,20251231,2,616.4,0.0,0
12481,7,8,267,20251225,1,489.92,0.0,0
12482,7,40,375,20251213,1,614.97,68.33,0
12483,7,33,414,20251206,1,408.0,72.0,0
12484,7,34,556,20251227,1,344.45,0.0,0
12485,7,39,287,20251206,1,607.87,31.99,1
12486,7,34,4,20251219,1,310.0,34.45,1
12487,7,6,459,20251221,1,330.39,82.6,0
12488,7,37,266,20251201,1,596.94,0.0,0
12489,7,35,222,20251216,1,300.34,75.08,0
12490,7,34,318,20251218,1,344.45,0.0,0
12491,7,35,159,20251221,1,375.42,0.0,0
12492,7,38,170,20251217,1,784.54,0.0,0
12493,7,35,54,20251230,2,750.84,0.0,0
12494,7,33,299,20251226,1,432.0,48.0,0
12495,7,10,569,20251208,1,196.51,49.13,0
12496,7,27,287,20251202,1,314.68,0.0,0
12497,7,28,290,20251225,1,207.93,89.11,0
12498,7,36,568,20251211,1,597.2,0.0,0
12499,7,30,280,20251216,1,274.72,0.0,0
12500,7,38,21,20251226,1,745.31,39.23,0
12501,7,39,117,20251225,1,639.86,0.0,0
12502,7,37,464,20251227,1,596.94,0.0,0
12503,7,5,46,20251201,1,227.84,40.21,0
12504,7,26,528,20251225,3,1402.14,73.8,0
12505,7,27,513,20251227,1,314.68,0.0,0
12506,7,39,599,20251231,1,639.86,0.0,1
12507,7,7,163,20251203,1,307.34,0.0,0
12508,7,15,216,20251212,1,309.92,54.69,0
12509,7,34,571,20251225,1,310.0,34.45,0
12510,7,48,138,20251218,1,124.86,22.03,0
12511,7,5,588,20251208,1,268.05,0.0,0
12512,7,40,57,20251203,1,649.14,34.16,1
12513,7,37,356,20251216,2,1193.88,0.0,0
12514,7,29,249,20251217,1,460.89,51.21,0
12515,7,36,80,20251231,1,507.62,89.58,0
12516,7,2,319,20251226,1,308.2,0.0,0
12517,7,34,270,20251224,1,275.56,68.89,0
12518,7,35,268,20251208,1,375.42,0.0,0
12519,7,35,192,20251208,1,375.42,0.0,0
12520,7,34,98,20251219,2,688.9,0.0,0
12521,7,35,405,20251202,1,356.65,18.77,0
12522,8,39,222,20251201,2,1151.75,127.97,0
12523,8,36,245,20251204,1,537.48,59.72,0
12524,8,25,85,20251215,1,425.68,22.4,0
12525,8,35,38,20251220,2,713.3,37.54,0
12526,8,36,178,20251210,1,537.48,59.72,0
12527,8,6,143,20251208,1,412.99,0.0,0
12528,8,28,206,20251231,1,297.04,0.0,0
12529,8,39,320,20251224,1,639.86,0.0,0
12530,8,36,128,20251220,2,1194.4,0.0,0
12531,8,28,170,20251215,1,297.04,0.0,1
12532,8,40,289,20251212,1,683.3,0.0,0
12533,8,38,34,20251209,1,784.54,0.0,0
12534,8,33,6,20251217,1,456.0,24.0,0
12535,8,6,593,20251221,1,330.39,82.6,0
12536,8,40,304,20251214,1,683.3,0.0,0
12537,8,26,203,20251211,1,491.98,0.0,0
12538,8,7,214,20251223,2,614.68,0.0,0
12539,8,34,558,20251229,2,654.45,34.45,0
12540,8,14,234,20251217,1,341.88,17.99,0
12541,8,40,21,20251224,1,614.97,68.33,0
12542,8,7,133,20251230,2,614.68,0.0,0
12543,8,3,11,20251231,2,897.56,0.0,0
12544,8,37,133,20251209,1,596.94,0.0,0
12545,8,2,328,20251225,1,277.38,30.82,0
12546,8,31,362,20251219,2,794.58,140.22,0
12547,8,4,73,20251214,1,379.84,42.21,0
12548,8,15,499,20251219,2,729.22,0.0,0
12549,8,40,505,20251231,1,649.14,34.16,0
12550,8,34,369,20251223,1,292.78,51.67,0
12551,8,37,111,20251204,1,596.94,0.0,0
12552,8,7,525,20251201,1,307.34,0.0,0
12553,8,36,396,20251203,1,507.62,89.58,1
12554,8,25,462,20251227,1,403.27,44.81,0
12555,8,28,109,20251209,1,282.19,14.85,0
12556,8,39,544,20251203,1,639.86,0.0,0
12557,8,36,286,20251211,1,597.2,0.0,0
12558,8,26,131,20251211,1,393.58,98.4,0
12559,8,39,554,20251206,1,543.88,95.98,1
12560,8,9,303,20251201,1,367.6,40.84,0
12561,8,33,565,20251220,1,480.0,0.0,0
12562,8,29,48,20251209,1,512.1,0.0,0
12563,8,38,561,20251209,1,784.54,0.0,0
12564,8,23,562,20251210,1,264.72,66.18,0
12565,8,56,31,20251225,1,64.73,0.0,0
12566,8,26,448,20251205,1,442.78,49.2,0
12567,8,38,275,20251204,1,784.54,0.0,0
12568,8,13,552,20251217,1,397.03,44.11,0
12569,8,38,174,20251205,1,784.54,0.0,0
12570,8,23,78,20251203,1,314.36,16.54,0
12571,8,29,378,20251229,1,486.49,25.61,0
12572,8,37,305,20251227,1,507.4,89.54,1
12573,8,29,252,20251216,1,460.89,51.21,0
12574,8,39,507,20251230,1,639.86,0.0,0
12575,8,37,488,20251224,1,477.55,119.39,0
12576,8,22,450,20251222,1,500.67,26.35,0
12577,8,28,203,20251212,1,282.19,14.85,0
12578,8,11,495,20251217,1,204.14,22.68,0
12579,8,45,496,20251222,1,103.66,25.91,0
12580,8,27,302,20251221,1,314.68,0.0,0
12581,8,35,157,20251205,1,375.42,0.0,0
12582,8,35,527,20251228,1,319.11,56.31,0
12583,8,4,82,20251224,1,422.05,0.0,1
12584,8,37,438,20251223,2,1074.49,119.39,0
12585,8,9,455,20251202,1,388.02,20.42,0
12586,8,29,164,20251223,1,486.49,25.61,0
12587,8,33,232,20251217,1,432.0,48.0,0
12588,8,36,247,20251217,1,597.2,0.0,0
12589,8,47,240,20251228,1,115.3,6.07,0
12590,8,25,569,20251227,2,627.31,268.85,0
12591,8,34,60,20251213,1,344.45,0.0,0
12592,1,12,199,20260125,2,725.2,181.3,1
12593,1,14,156,20260107,1,323.88,35.99,0
12594,1,26,531,20260102,1,418.18,73.8,0
12595,1,28,508,20260127,1,237.63,59.41,0
12596,1,34,301,20260127,1,310.0,34.45,0
12597,1,38,385,20260103,1,666.86,117.68,0
12598,1,38,159,20260112,1,666.86,117.68,0
12599,1,53,456,20260127,1,148.21,26.16,0
12600,1,40,557,20260112,1,546.64,136.66,0
12601,1,26,185,20260120,1,442.78,49.2,0
12602,1,9,367,20260117,1,347.17,61.27,0
12603,1,13,135,20260105,1,374.97,66.17,0
12604,1,29,534,20260102,1,409.68,102.42,0
12605,1,11,289,20260114,1,192.8,34.02,0
12606,1,39,33,20260101,2,1087.76,191.96,0
12607,1,31,234,20260128,1,397.29,70.11,0
12608,1,13,524,20260131,1,397.03,44.11,0
12609,1,34,194,20260112,1,275.56,68.89,0
12610,1,45,245,20260118,1,110.13,19.44,0
12611,1,20,441,20260117,1,297.51,33.06,0
12612,1,34,125,20260114,2,551.12,137.78,0
12613,1,31,517,20260127,1,397.29,70.11,0
12614,1,32,125,20260130,3,1123.3,280.82,0
12615,1,56,282,20260101,1,51.78,12.95,0
12616,1,25,65,20260102,2,806.54,89.62,0
12617,1,27,571,20260117,2,503.49,125.87,0
12618,1,1,357,20260121,1,209.74,37.01,0
12619,1,23,25,20260122,1,264.72,66.18,0
12620,1,36,568,20260128,1,418.04,179.16,0
12621,1,38,318,20260117,1,706.09,78.45,0
12622,1,28,243,20260125,1,237.63,59.41,0
12623,1,39,193,20260117,1,543.88,95.98,0
12624,1,39,61,20260123,1,511.89,127.97,0
12625,1,33,597,20260103,1,384.0,96.0,0
12626,1,39,510,20260102,1,575.87,63.99,0
12627,1,7,20,20260112,1,276.61,30.73,0
12628,1,38,247,20260101,1,627.63,156.91,0
12629,1,37,374,20260121,3,1611.74,179.08,0
12630,1,37,368,20260124,1,477.55,119.39,0
12631,1,14,229,20260101,1,287.9,71.97,0
12632,1,2,425,20260124,1,277.38,30.82,0
12633,1,33,457,20260126,1,432.0,48.0,0
12634,1,23,435,20260112,2,562.53,99.27,0
12635,1,17,153,20260125,1,237.29,41.87,0
12636,1,40,98,20260116,1,580.81,102.49,0
12637,1,18,541,20260118,1,554.0,138.5,0
12638,1,34,283,20260110,1,292.78,51.67,0
12639,1,37,296,20260123,1,477.55,119.39,0
12640,1,1,46,20260107,1,209.74,37.01,0
12641,1,35,42,20260105,1,300.34,75.08,0
12642,1,47,523,20260120,1,97.1,24.27,0
12643,1,26,237,20260131,1,393.58,98.4,0
12644,1,29,143,20260106,1,435.29,76.81,0
12645,1,36,265,20260114,2,1074.96,119.44,0
12646,1,2,354,20260126,1,277.38,30.82,0
12647,1,39,306,20260119,1,543.88,95.98,0
12648,1,33,73,20260106,1,384.0,96.0,0
12649,1,26,366,20260120,1,393.58,98.4,1
12650,1,33,281,20260105,1,432.0,48.0,0
12651,1,37,364,20260110,1,507.4,89.54,0
12652,1,33,326,20260112,1,384.0,96.0,0
12653,1,29,25,20260118,1,435.29,76.81,0
12654,1,12,101,20260116,1,385.26,67.99,0
12655,1,29,226,20260121,1,435.29,76.81,0
12656,1,5,52,20260123,1,227.84,40.21,0
12657,1,15,419,20260131,1,291.69,72.92,0
12658,1,36,9,20260103,2,1074.96,119.44,0
12659,1,40,37,20260113,1,580.81,102.49,0
12660,1,34,93,20260101,1,275.56,68.89,0
12661,1,8,555,20260115,1,440.93,48.99,0
12662,1,53,473,20260126,1,139.5,34.87,0
12663,1,30,96,20260117,1,247.25,27.47,0
12664,1,30,221,20260131,1,247.25,27.47,0
12665,1,26,600,20260101,1,393.58,98.4,0
12666,1,45,139,20260125,1,110.13,19.44,0
12667,2,35,314,20260110,1,319.11,56.31,0
12668,2,28,394,20260102,1,267.34,29.7,0
12669,2,33,106,20260119,1,384.0,96.0,0
12670,2,24,73,20260112,1,590.23,104.16,0
12671,2,25,591,20260123,1,313.66,134.42,0
12672,2,10,122,20260131,1,208.79,36.85,1
12673,2,30,528,20260128,1,219.78,54.94,0
12674,2,12,417,20260109,1,385.26,67.99,0
12675,2,34,72,20260121,1,310.0,34.45,0
12676,2,1,515,20260104,1,197.4,49.35,0
12677,2,38,344,20260119,1,627.63,156.91,0
12678,2,37,122,20260117,1,507.4,89.54,0
12679,2,17,215,20260118,1,251.24,27.92,0
12680,2,17,236,20260107,1,251.24,27.92,0
12681,2,16,269,20260120,1,297.77,74.44,0
12682,2,28,540,20260121,1,237.63,59.41,0
12683,2,11,110,20260111,1,181.46,45.36,0
12684,2,39,475,20260126,1,511.89,127.97,0
12685,2,7,56,20260121,1,276.61,30.73,0
12686,2,37,52,20260104,2,1074.49,119.39,0
12687,2,40,397,20260119,2,1161.61,204.99,0
12688,2,22,296,20260127,1,474.32,52.7,0
12689,2,38,246,20260128,1,706.09,78.45,0
12690,2,2,381,20260121,2,493.12,123.28,0
12691,2,15,503,20260129,1,291.69,72.92,0
12692,2,34,52,20260128,1,275.56,68.89,0
12693,2,39,152,20260126,1,543.88,95.98,0
12694,2,33,246,20260117,1,336.0,144.0,0
12695,2,37,479,20260127,1,477.55,119.39,0
12696,2,39,97,20260125,2,1087.76,191.96,0
12697,2,40,93,20260129,1,546.64,136.66,1
12698,2,41,570,20260106,1,141.93,15.77,0
12699,2,1,374,20260127,1,222.07,24.68,0
12700,2,36,294,20260123,1,507.62,89.58,0
12701,2,2,582,20260115,1,277.38,30.82,0
12702,2,32,446,20260124,1,397.83,70.21,0
12703,2,38,531,20260117,1,666.86,117.68,0
12704,2,43,227,20260118,1,234.7,58.68,0
12705,2,15,170,20260128,1,291.69,72.92,0
12706,2,28,150,20260128,1,237.63,59.41,0
12707,2,40,493,20260130,1,614.97,68.33,0
12708,2,31,38,20260110,1,373.92,93.48,0
12709,2,24,76,20260112,1,624.95,69.44,0
12710,2,9,205,20260130,1,285.91,122.53,1
12711,2,26,542,20260121,1,442.78,49.2,0
12712,2,37,537,20260102,1,537.25,59.69,0
12713,2,4,50,20260121,1,337.64,84.41,1
12714,2,29,158,20260110,1,435.29,76.81,0
12715,2,27,334,20260108,1,251.74,62.94,0
12716,2,24,166,20260116,2,1111.02,277.76,0
12717,2,40,187,20260112,2,1161.61,204.99,0
12718,2,20,231,20260101,1,280.98,49.59,0
12719,2,34,475,20260120,1,275.56,68.89,0
12720,2,12,535,20260123,1,362.6,90.65,0
12721,2,20,74,20260112,1,264.46,66.11,0
12722,2,35,185,20260120,1,319.11,56.31,0
12723,2,3,458,20260131,1,359.02,89.76,0
12724,2,28,51,20260118,1,252.48,44.56,1
12725,3,24,150,20260102,1,590.23,104.16,0
12726,3,37,308,20260117,1,477.55,119.39,0
12727,3,33,529,20260108,1,408.0,72.0,0
12728,3,32,396,20260118,1,374.43,93.61,0
12729,3,28,253,20260111,1,267.34,29.7,0
12730,3,38,345,20260104,1,627.63,156.91,0
12731,3,7,239,20260130,1,276.61,30.73,0
12732,3,39,530,20260103,1,511.89,127.97,0
12733,3,29,276,20260103,1,435.29,76.81,0
12734,3,34,259,20260124,1,292.78,51.67,1
12735,3,5,341,20260103,1,214.44,53.61,0
12736,3,19,202,20260125,1,341.01,85.25,0
12737,3,30,313,20260101,1,192.3,82.42,1
12738,3,25,378,20260114,2,761.74,134.42,0
12739,3,14,439,20260126,1,305.89,53.98,0
12740,3,32,190,20260101,2,748.86,187.22,0
12741,3,30,179,20260109,1,219.78,54.94,0
12742,3,38,176,20260119,1,666.86,117.68,0
12743,3,34,374,20260130,1,292.78,51.67,0
12744,3,39,133,20260131,1,511.89,127.97,0
12745,3,40,16,20260131,1,546.64,136.66,0
12746,3,30,131,20260129,1,219.78,54.94,0
12747,3,44,493,20260102,1,232.13,40.97,0
12748,3,31,557,20260125,1,397.29,70.11,0
12749,3,24,391,20260124,1,590.23,104.16,0
12750,3,26,408,20260131,1,393.58,98.4,1
12751,3,30,520,20260123,2,494.5,54.94,0
12752,3,39,427,20260108,1,511.89,127.97,0
12753,3,4,172,20260109,1,337.64,84.41,0
12754,3,48,154,20260129,1,124.86,22.03,0
12755,3,33,391,20260103,1,336.0,144.0,1
12756,3,23,554,20260106,1,264.72,66.18,0
12757,3,38,293,20260104,1,666.86,117.68,0
12758,3,16,226,20260102,1,316.38,55.83,0
12759,3,20,272,20260129,1,264.46,66.11,0
12760,3,3,320,20260130,1,381.46,67.32,0
12761,3,34,477,20260104,1,275.56,68.89,0
12762,3,21,388,20260103,1,470.8,83.08,0
12763,3,27,225,20260103,2,534.96,94.4,0
12764,3,36,258,20260126,1,477.76,119.44,0
12765,3,26,530,20260110,1,393.58,98.4,0
12766,3,35,402,20260104,1,300.34,75.08,0
12767,3,24,1,20260115,1,555.51,138.88,0
12768,4,25,167,20260121,1,403.27,44.81,0
12769,4,39,106,20260124,1,511.89,127.97,0
12770,4,40,486,20260125,1,614.97,68.33,0
12771,4,12,58,20260122,1,362.6,90.65,0
12772,4,19,177,20260117,1,383.63,42.63,0
12773,4,14,545,20260116,1,323.88,35.99,0
12774,4,6,267,20260115,2,743.38,82.6,0
12775,4,35,120,20260109,1,337.88,37.54,0
12776,4,38,49,20260118,1,666.86,117.68,0
12777,4,38,142,20260129,1,666.86,117.68,1
12778,4,36,229,20260125,1,537.48,59.72,0
12779,4,33,272,20260115,1,432.0,48.0,0
12780,4,37,270,20260113,1,507.4,89.54,0
12781,4,23,24,20260127,1,281.27,49.63,1
12782,4,32,111,20260106,2,748.86,187.22,0
12783,4,33,14,20260117,1,432.0,48.0,0
12784,4,40,565,20260128,1,614.97,68.33,0
12785,4,5,269,20260123,1,227.84,40.21,0
12786,4,37,593,20260119,1,507.4,89.54,0
12787,4,33,266,20260122,1,384.0,96.0,0
12788,4,33,249,20260112,1,384.0,96.0,1
12789,4,2,144,20260112,1,261.97,46.23,0
12790,4,34,27,20260119,2,585.57,103.33,0
12791,4,1,182,20260120,1,222.07,24.68,0
12792,4,33,489,20260124,1,432.0,48.0,0
12793,4,2,524,20260117,1,277.38,30.82,0
12794,4,16,435,20260118,1,316.38,55.83,0
12795,4,48,348,20260130,1,117.51,29.38,0
12796,4,27,549,20260130,1,267.48,47.2,0
12797,4,17,372,20260118,1,237.29,41.87,0
12798,4,39,365,20260127,1,543.88,95.98,0
12799,4,20,485,20260126,1,264.46,66.11,0
12800,4,6,6,20260110,1,351.04,61.95,0
12801,4,14,524,20260126,1,287.9,71.97,0
12802,4,5,348,20260101,1,241.24,26.81,0
12803,4,29,369,20260131,1,435.29,76.81,0
12804,4,9,137,20260124,1,347.17,61.27,0
12805,4,29,544,20260123,1,435.29,76.81,0
12806,4,28,140,20260117,1,267.34,29.7,0
12807,4,32,263,20260114,1,397.83,70.21,0
12808,4,33,302,20260109,1,408.0,72.0,0
12809,4,25,478,20260120,2,716.93,179.23,0
12810,4,37,497,20260122,1,537.25,59.69,0
12811,4,38,358,20260120,1,666.86,117.68,0
12812,4,16,263,20260125,1,297.77,74.44,0
12813,4,37,340,20260106,1,507.4,89.54,0
12814,4,31,321,20260116,1,420.66,46.74,0
12815,5,33,590,20260107,2,768.0,192.0,0
12816,5,20,27,20260101,1,264.46,66.11,0
12817,5,39,510,20260131,2,1151.75,127.97,0
12818,5,27,65,20260130,1,267.48,47.2,0
12819,5,31,406,20260102,1,420.66,46.74,0
12820,5,40,300,20260102,1,580.81,102.49,0
12821,5,3,354,20260105,1,381.46,67.32,0
12822,5,30,386,20260126,2,439.55,109.89,0
12823,5,24,30,20260123,1,590.23,104.16,0
12824,5,32,71,20260104,1,374.43,93.61,1
12825,5,33,260,20260131,1,432.0,48.0,0
12826,5,35,436,20260124,1,337.88,37.54,0
12827,5,29,220,20260115,1,435.29,76.81,0
12828,5,34,479,20260109,1,292.78,51.67,0
12829,5,28,519,20260105,1,252.48,44.56,0
12830,5,32,189,20260125,1,397.83,70.21,0
12831,5,36,79,20260126,1,537.48,59.72,0
12832,5,27,478,20260122,2,534.96,94.4,0
12833,5,27,357,20260128,2,566.42,62.94,0
12834,5,30,508,20260113,1,247.25,27.47,0
12835,5,29,363,20260121,1,435.29,76.81,0
12836,5,36,53,20260117,1,507.62,89.58,0
12837,5,10,2,20260110,1,196.51,49.13,0
12838,5,34,52,20260106,1,292.78,51.67,0
12839,5,37,506,20260109,1,537.25,59.69,1
12840,5,37,263,20260103,1,537.25,59.69,0
12841,5,40,56,20260128,1,614.97,68.33,0
12842,5,31,237,20260113,1,420.66,46.74,0
12843,5,35,381,20260114,1,337.88,37.54,1
12844,5,9,563,20260101,1,326.75,81.69,0
12845,5,9,546,20260131,1,347.17,61.27,0
12846,5,17,120,20260120,1,237.29,41.87,0
12847,5,31,443,20260120,1,397.29,70.11,0
12848,5,20,103,20260114,1,264.46,66.11,0
12849,5,11,103,20260128,3,612.41,68.05,0
12850,5,12,216,20260119,1,385.26,67.99,0
12851,5,19,178,20260120,1,383.63,42.63,0
12852,5,26,14,20260106,2,787.17,196.79,0
12853,5,14,36,20260108,1,323.88,35.99,0
12854,5,35,469,20260131,1,337.88,37.54,0
12855,5,40,458,20260129,1,546.64,136.66,0
12856,5,36,415,20260124,1,477.76,119.44,0
12857,5,21,478,20260114,1,443.1,110.78,1
12858,5,18,51,20260122,1,554.0,138.5,0
12859,5,38,525,20260112,1,666.86,117.68,0
12860,5,29,407,20260107,1,409.68,102.42,0
12861,5,26,493,20260127,1,442.78,49.2,1
12862,5,43,253,20260126,1,249.37,44.01,0
12863,5,36,557,20260124,1,477.76,119.44,0
12864,5,55,280,20260131,1,95.35,10.6,0
12865,5,35,336,20260122,1,319.11,56.31,0
12866,5,34,481,20260109,1,292.78,51.67,0
12867,5,40,539,20260124,1,546.64,136.66,0
12868,5,33,210,20260116,1,384.0,96.0,0
12869,6,19,86,20260112,1,383.63,42.63,0
12870,6,40,248,20260115,1,614.97,68.33,0
12871,6,7,38,20260122,1,261.24,46.1,0
12872,6,10,193,20260108,1,221.08,24.56,0
12873,6,31,28,20260101,1,397.29,70.11,1
12874,6,28,19,20260108,2,534.67,59.41,0
12875,6,27,569,20260101,1,283.21,31.47,0
12876,6,33,281,20260121,1,408.0,72.0,0
12877,6,34,105,20260111,1,310.0,34.45,0
12878,6,11,104,20260125,1,181.46,45.36,0
12879,6,28,600,20260113,1,252.48,44.56,0
12880,6,19,331,20260109,2,682.02,170.5,1
12881,6,18,377,20260128,1,623.25,69.25,0
12882,6,38,374,20260131,1,627.63,156.91,0
12883,6,34,327,20260120,1,275.56,68.89,0
12884,6,28,201,20260110,1,267.34,29.7,0
12885,6,27,146,20260113,1,267.48,47.2,0
12886,6,5,211,20260117,1,241.24,26.81,0
12887,6,35,32,20260129,1,300.34,75.08,0
12888,6,2,244,20260102,1,261.97,46.23,0
12889,6,44,137,20260114,1,245.79,27.31,0
12890,6,15,69,20260107,2,583.38,145.84,0
12891,6,39,270,20260117,1,575.87,63.99,0
12892,6,4,75,20260115,1,379.84,42.21,0
12893,6,2,95,20260110,1,246.56,61.64,0
12894,6,8,327,20260109,1,391.94,97.98,0
12895,6,3,258,20260110,1,359.02,89.76,1
12896,6,7,192,20260106,1,276.61,30.73,0
12897,6,32,580,20260114,2,842.47,93.61,0
12898,6,10,88,20260111,1,196.51,49.13,0
12899,6,38,318,20260127,2,1255.26,313.82,0
12900,6,39,427,20260115,1,575.87,63.99,0
12901,6,8,270,20260103,2,783.87,195.97,0
12902,6,17,37,20260115,1,223.33,55.83,0
12903,6,6,526,20260113,2,743.38,82.6,0
12904,6,42,133,20260104,1,84.7,14.95,1
12905,6,33,416,20260131,1,384.0,96.0,0
12906,6,38,250,20260126,1,627.63,156.91,0
12907,6,40,557,20260104,1,580.81,102.49,0
12908,6,23,537,20260118,1,264.72,66.18,1
12909,6,29,166,20260130,1,409.68,102.42,0
12910,6,37,236,20260112,1,477.55,119.39,0
12911,6,17,319,20260104,2,446.66,111.66,0
12912,6,12,190,20260115,1,385.26,67.99,0
12913,6,51,264,20260117,3,167.51,29.56,0
12914,7,34,216,20260108,1,292.78,51.67,0
12915,7,16,489,20260109,1,297.77,74.44,0
12916,7,37,587,20260102,1,507.4,89.54,1
12917,7,29,488,20260123,1,435.29,76.81,0
12918,7,22,10,20260124,1,474.32,52.7,0
12919,7,44,470,20260117,1,232.13,40.97,0
12920,7,31,583,20260106,1,397.29,70.11,0
12921,7,39,463,20260118,2,1151.75,127.97,0
12922,7,35,570,20260119,1,319.11,56.31,0
12923,7,36,360,20260131,1,477.76,119.44,0
12924,7,24,176,20260113,1,590.23,104.16,0
12925,7,30,341,20260114,1,247.25,27.47,0
12926,7,26,200,20260126,1,418.18,73.8,0
12927,7,17,532,20260104,1,237.29,41.87,0
12928,7,9,596,20260104,1,326.75,81.69,0
12929,7,33,52,20260124,2,816.0,144.0,0
12930,7,22,541,20260120,1,447.97,79.05,0
12931,7,23,47,20260104,2,562.53,99.27,0
12932,7,26,56,20260129,1,418.18,73.8,0
12933,7,39,152,20260127,1,575.87,63.99,0
12934,7,37,49,20260117,1,507.4,89.54,0
12935,7,30,433,20260107,1,219.78,54.94,0
12936,7,32,30,20260101,1,397.83,70.21,0
12937,7,9,250,20260108,1,347.17,61.27,0
12938,7,33,144,20260106,1,432.0,48.0,0
12939,7,35,306,20260113,1,300.34,75.08,0
12940,7,37,189,20260125,3,1432.66,358.16,0
12941,7,39,281,20260111,1,511.89,127.97,0
12942,7,14,13,20260102,1,323.88,35.99,0
12943,7,29,96,20260116,1,460.89,51.21,0
12944,7,36,562,20260126,1,507.62,89.58,1
12945,7,32,23,20260102,1,374.43,93.61,0
12946,7,34,251,20260110,1,310.0,34.45,0
12947,7,28,390,20260127,1,267.34,29.7,0
12948,7,17,510,20260124,2,390.82,167.5,0
12949,7,33,535,20260124,1,408.0,72.0,0
12950,7,20,61,20260106,1,280.98,49.59,0
12951,7,34,287,20260109,2,551.12,137.78,0
12952,7,33,384,20260131,1,408.0,72.0,0
12953,7,56,335,20260108,1,55.02,9.71,0
12954,7,39,30,20260103,1,575.87,63.99,0
12955,7,36,120,20260116,2,1074.96,119.44,0
12956,7,11,318,20260126,2,408.28,45.36,0
12957,7,21,323,20260117,1,443.1,110.78,0
12958,7,14,449,20260101,1,287.9,71.97,0
12959,7,12,435,20260128,1,362.6,90.65,0
12960,7,31,479,20260122,1,420.66,46.74,0
12961,7,34,263,20260125,2,551.12,137.78,0
12962,7,30,6,20260126,1,219.78,54.94,0
12963,7,8,442,20260104,1,391.94,97.98,0
12964,7,38,215,20260122,1,666.86,117.68,0
12965,7,30,411,20260130,1,219.78,54.94,0
12966,7,22,63,20260126,1,447.97,79.05,0
12967,7,24,157,20260114,1,624.95,69.44,0
12968,7,39,593,20260131,1,543.88,95.98,1
12969,7,30,455,20260110,1,233.51,41.21,0
12970,8,31,350,20260126,1,373.92,93.48,0
12971,8,1,484,20260108,2,444.15,49.35,0
12972,8,40,240,20260127,1,614.97,68.33,0
12973,8,29,435,20260128,1,358.47,153.63,0
12974,8,40,413,20260109,1,614.97,68.33,0
12975,8,35,426,20260103,1,300.34,75.08,0
12976,8,12,275,20260120,1,385.26,67.99,0
12977,8,14,222,20260126,1,323.88,35.99,0
12978,8,36,540,20260116,1,507.62,89.58,0
12979,8,7,370,20260114,1,276.61,30.73,0
12980,8,29,166,20260110,1,460.89,51.21,0
12981,8,34,386,20260124,1,292.78,51.67,0
12982,8,13,303,20260109,3,1124.91,198.51,0
12983,8,33,85,20260123,2,768.0,192.0,0
12984,8,18,409,20260115,1,554.0,138.5,0
12985,8,19,85,20260124,2,596.76,255.76,0
12986,8,7,266,20260124,1,276.61,30.73,0
12987,8,49,74,20260121,1,42.09,18.04,0
12988,8,3,565,20260104,1,359.02,89.76,0
12989,8,34,389,20260131,1,310.0,34.45,0
12990,8,35,144,20260103,1,337.88,37.54,0
12991,8,14,125,20260102,1,287.9,71.97,0
12992,8,31,147,20260126,1,373.92,93.48,0
12993,8,37,259,20260129,1,537.25,59.69,1
12994,8,39,69,20260112,1,543.88,95.98,0
12995,8,3,65,20260110,1,381.46,67.32,0
12996,8,31,259,20260130,1,397.29,70.11,0
12997,8,39,3,20260108,1,511.89,127.97,1
12998,8,39,68,20260131,1,575.87,63.99,1
12999,8,36,367,20260126,1,477.76,119.44,1
13000,8,26,217,20260116,1,393.58,98.4,0
13001,8,33,325,20260129,2,816.0,144.0,0
13002,8,47,104,20260131,1,103.16,18.21,0
13003,8,28,301,20260119,1,237.63,59.41,0
13004,8,25,229,20260130,1,358.46,89.62,0
13005,8,33,417,20260104,1,384.0,96.0,0
13006,8,37,137,20260106,1,477.55,119.39,0
13007,8,37,131,20260119,2,955.1,238.78,0
13008,8,30,36,20260129,1,247.25,27.47,0
13009,8,33,193,20260106,1,384.0,96.0,0
13010,8,39,470,20260104,1,543.88,95.98,0
13011,8,50,259,20260114,1,149.72,26.42,0
13012,8,33,258,20260123,1,336.0,144.0,0
13013,8,35,394,20260116,1,300.34,75.08,0
13014,8,34,133,20260103,1,275.56,68.89,0
13015,8,34,409,20260110,1,292.78,51.67,0
13016,8,39,117,20260110,1,511.89,127.97,0
13017,8,2,451,20260122,1,246.56,61.64,0
13018,1,26,119,20260219,1,491.98,0.0,0
13019,1,36,568,20260225,1,477.76,119.44,0
13020,1,52,137,20260228,1,79.29,4.17,0
13021,1,30,316,20260224,1,274.72,0.0,0
13022,1,5,262,20260202,1,268.05,0.0,0
13023,1,33,286,20260224,1,432.0,48.0,0
13024,1,27,588,20260221,1,298.95,15.73,0
13025,1,21,341,20260208,1,498.49,55.39,0
13026,1,37,98,20260206,1,537.25,59.69,0
13027,1,39,543,20260220,1,639.86,0.0,0
13028,1,7,154,20260211,1,245.87,61.47,0
13029,1,17,479,20260210,1,279.16,0.0,0
13030,1,13,193,20260221,2,794.05,88.23,0
13031,1,10,191,20260222,1,208.79,36.85,0
13032,1,37,525,20260219,1,477.55,119.39,0
13033,1,31,22,20260225,1,467.4,0.0,0
13034,1,40,333,20260226,1,683.3,0.0,0
13035,1,36,577,20260203,2,836.08,358.32,0
13036,1,40,566,20260223,1,683.3,0.0,0
13037,1,22,264,20260218,2,1054.04,0.0,0
13038,1,21,496,20260208,1,498.49,55.39,0
13039,1,36,573,20260215,1,507.62,89.58,0
13040,1,10,548,20260208,1,245.64,0.0,0
13041,1,29,399,20260228,3,1536.3,0.0,0
13042,1,39,545,20260215,1,639.86,0.0,1
13043,1,33,480,20260205,1,408.0,72.0,0
13044,1,37,156,20260202,1,507.4,89.54,0
13045,1,14,367,20260215,1,359.87,0.0,0
13046,1,28,49,20260224,1,297.04,0.0,1
13047,1,39,266,20260219,1,575.87,63.99,0
13048,1,33,20,20260215,2,912.0,48.0,0
13049,1,37,41,20260223,1,596.94,0.0,0
13050,1,33,347,20260201,3,1368.0,72.0,0
13051,1,3,526,20260219,1,403.9,44.88,0
13052,1,7,536,20260211,1,291.97,15.37,0
13053,1,26,82,20260219,1,467.38,24.6,0
13054,1,23,136,20260214,1,330.9,0.0,0
13055,1,26,591,20260203,2,787.17,196.79,0
13056,1,27,546,20260211,1,283.21,31.47,0
13057,1,1,490,20260224,1,246.75,0.0,0
13058,1,32,172,20260227,2,748.86,187.22,0
13059,1,25,281,20260206,1,448.08,0.0,0
13060,1,19,535,20260209,3,1214.84,63.94,0
13061,1,29,148,20260211,1,486.49,25.61,0
13062,1,40,439,20260216,1,614.97,68.33,0
13063,1,23,381,20260202,1,314.36,16.54,0
13064,1,56,37,20260212,1,61.49,3.24,0
13065,1,34,523,20260225,1,275.56,68.89,0
13066,1,32,182,20260218,1,468.04,0.0,0
13067,1,10,496,20260207,1,245.64,0.0,0
13068,1,2,453,20260208,1,277.38,30.82,0
13069,1,39,492,20260212,1,639.86,0.0,0
13070,1,22,460,20260201,1,527.02,0.0,0
13071,1,29,474,20260228,1,435.29,76.81,0
13072,1,35,534,20260226,1,300.34,75.08,0
13073,1,36,368,20260211,1,477.76,119.44,0
13074,1,25,180,20260214,1,448.08,0.0,0
13075,2,36,59,20260226,1,597.2,0.0,0
13076,2,33,63,20260217,1,456.0,24.0,0
13077,2,21,476,20260207,1,443.1,110.78,0
13078,2,12,228,20260216,1,453.25,0.0,0
13079,2,38,557,20260211,1,706.09,78.45,0
13080,2,38,521,20260227,1,784.54,0.0,0
13081,2,32,8,20260214,1,468.04,0.0,1
13082,2,44,45,20260201,1,259.44,13.66,0
13083,2,47,281,20260224,1,121.37,0.0,0
13084,2,29,253,20260227,1,409.68,102.42,0
13085,2,16,176,20260217,1,353.6,18.61,0
13086,2,30,439,20260226,1,260.98,13.74,0
13087,2,30,128,20260211,1,247.25,27.47,0
13088,2,6,445,20260218,2,702.08,123.9,0
13089,2,25,347,20260208,1,448.08,0.0,0
13090,2,31,509,20260203,1,444.03,23.37,0
13091,2,6,186,20260213,1,412.99,0.0,0
13092,2,39,340,20260221,1,639.86,0.0,0
13093,2,40,134,20260203,1,683.3,0.0,0
13094,2,28,490,20260213,2,594.08,0.0,0
13095,2,26,500,20260201,1,442.78,49.2,0
13096,2,28,144,20260214,1,282.19,14.85,0
13097,2,36,217,20260207,1,597.2,0.0,0
13098,2,2,6,20260216,1,277.38,30.82,0
13099,2,29,521,20260224,1,435.29,76.81,0
13100,2,33,176,20260206,1,480.0,0.0,0
13101,2,30,452,20260214,1,260.98,13.74,0
13102,2,36,589,20260218,2,1134.68,59.72,1
13103,2,29,29,20260211,1,512.1,0.0,0
13104,2,6,172,20260220,1,371.69,41.3,0
13105,2,33,483,20260221,1,480.0,0.0,0
13106,2,28,487,20260205,1,297.04,0.0,0
13107,2,26,537,20260221,2,787.17,196.79,0
13108,2,28,284,20260225,1,267.34,29.7,0
13109,2,40,432,20260225,1,683.3,0.0,0
13110,2,38,112,20260228,1,784.54,0.0,0
13111,2,33,190,20260218,1,480.0,0.0,0
13112,2,40,313,20260212,1,683.3,0.0,0
13113,3,26,321,20260215,1,491.98,0.0,0
13114,3,29,111,20260214,1,512.1,0.0,0
13115,3,21,271,20260206,1,553.88,0.0,0
13116,3,7,264,20260205,2,522.48,92.2,0
13117,3,36,312,20260223,1,597.2,0.0,0
13118,3,34,163,20260206,1,310.0,34.45,0
13119,3,36,544,20260219,1,477.76,119.44,0
13120,3,32,14,20260215,1,327.63,140.41,0
13121,3,32,351,20260208,1,468.04,0.0,0
13122,3,52,416,20260201,2,166.92,0.0,0
13123,3,5,516,20260208,2,509.29,26.81,0
13124,3,31,210,20260217,1,467.4,0.0,0
13125,3,31,54,20260213,1,467.4,0.0,0
13126,3,21,136,20260208,1,498.49,55.39,1
13127,3,40,36,20260226,1,683.3,0.0,0
13128,3,28,14,20260209,1,297.04,0.0,0
13129,3,33,388,20260214,1,480.0,0.0,0
13130,3,39,445,20260209,1,639.86,0.0,0
13131,3,11,219,20260219,2,430.96,22.68,0
13132,3,12,256,20260222,1,453.25,0.0,0
13133,3,25,387,20260226,1,448.08,0.0,0
13134,3,27,183,20260221,1,298.95,15.73,0
13135,3,30,484,20260213,1,274.72,0.0,0
13136,3,14,520,20260221,1,323.88,35.99,0
13137,3,36,245,20260216,1,507.62,89.58,0
13138,3,6,262,20260220,2,825.98,0.0,0
13139,3,30,218,20260228,1,274.72,0.0,0
13140,3,9,378,20260218,1,326.75,81.69,0
13141,3,40,258,20260224,1,649.14,34.16,0
13142,3,10,527,20260226,1,221.08,24.56,0
13143,3,32,301,20260212,2,889.28,46.8,0
13144,3,34,11,20260228,1,327.23,17.22,0
13145,3,34,261,20260205,1,292.78,51.67,0
13146,3,27,210,20260202,1,298.95,15.73,0
13147,3,25,369,20260203,1,380.87,67.21,0
13148,3,40,587,20260222,1,649.14,34.16,0
13149,3,40,405,20260225,1,580.81,102.49,0
13150,3,37,180,20260203,1,537.25,59.69,0
13151,3,3,556,20260228,2,718.05,179.51,0
13152,3,16,448,20260227,1,334.99,37.22,0
13153,3,18,255,20260224,1,692.5,0.0,0
13154,3,38,444,20260214,1,706.09,78.45,0
13155,3,34,234,20260216,1,344.45,0.0,0
13156,3,23,454,20260223,1,330.9,0.0,0
13157,3,11,151,20260213,1,226.82,0.0,0
13158,3,40,302,20260220,1,649.14,34.16,0
13159,3,40,254,20260202,1,649.14,34.16,0
13160,3,33,107,20260206,1,480.0,0.0,0
13161,3,37,275,20260217,2,1134.19,59.69,0
13162,4,15,196,20260216,1,364.61,0.0,0
13163,4,27,78,20260214,1,283.21,31.47,0
13164,4,18,213,20260201,1,692.5,0.0,0
13165,4,36,169,20260203,1,597.2,0.0,0
13166,4,24,53,20260213,1,659.67,34.72,0
13167,4,6,383,20260208,1,371.69,41.3,0
13168,4,40,444,20260211,1,683.3,0.0,0
13169,4,40,134,20260219,1,649.14,34.16,0
13170,4,23,270,20260202,1,330.9,0.0,0
13171,4,16,582,20260203,2,744.42,0.0,0
13172,4,23,473,20260226,1,314.36,16.54,0
13173,4,16,426,20260211,2,669.98,74.44,0
13174,4,2,575,20260207,1,308.2,0.0,0
13175,4,9,151,20260203,1,408.44,0.0,0
13176,4,31,29,20260213,1,397.29,70.11,0
13177,4,37,165,20260207,1,596.94,0.0,0
13178,4,32,38,20260206,1,421.24,46.8,0
13179,4,15,502,20260215,1,309.92,54.69,0
13180,4,23,268,20260206,1,297.81,33.09,0
13181,4,26,246,20260215,1,491.98,0.0,0
13182,4,21,65,20260226,1,553.88,0.0,0
13183,4,8,36,20260217,1,489.92,0.0,0
13184,4,28,456,20260220,1,237.63,59.41,0
13185,4,12,235,20260207,1,385.26,67.99,0
13186,4,38,251,20260224,1,627.63,156.91,0
13187,4,23,561,20260206,1,314.36,16.54,0
13188,4,15,180,20260225,1,291.69,72.92,0
13189,4,39,43,20260216,2,1087.76,191.96,0
13190,4,12,47,20260224,1,430.59,22.66,0
13191,4,34,141,20260218,1,327.23,17.22,0
13192,4,29,554,20260226,1,409.68,102.42,0
13193,4,28,173,20260204,1,282.19,14.85,0
13194,4,14,332,20260214,1,359.87,0.0,0
13195,4,38,24,20260226,1,745.31,39.23,0
13196,4,36,386,20260218,1,567.34,29.86,0
13197,4,29,205,20260220,1,460.89,51.21,0
13198,4,11,592,20260227,1,226.82,0.0,0
13199,4,39,325,20260218,1,639.86,0.0,1
13200,4,39,43,20260221,1,639.86,0.0,0
13201,4,33,392,20260207,1,480.0,0.0,0
13202,4,20,300,20260208,1,297.51,33.06,0
13203,4,33,505,20260206,2,960.0,0.0,0
13204,5,38,27,20260220,1,784.54,0.0,0
13205,5,40,585,20260218,1,580.81,102.49,1
13206,5,38,119,20260202,1,666.86,117.68,0
13207,5,31,355,20260209,2,934.8,0.0,0
13208,5,34,502,20260212,1,310.0,34.45,0
13209,5,31,61,20260216,1,420.66,46.74,0
13210,5,18,439,20260225,1,692.5,0.0,0
13211,5,11,406,20260228,1,226.82,0.0,0
13212,5,40,534,20260208,1,683.3,0.0,0
13213,5,33,187,20260226,1,456.0,24.0,0
13214,5,31,156,20260214,1,467.4,0.0,0
13215,5,34,11,20260223,2,551.12,137.78,0
13216,5,5,376,20260209,1,254.65,13.4,0
13217,5,38,543,20260202,2,1412.17,156.91,0
13218,5,39,526,20260210,1,639.86,0.0,0
13219,5,39,484,20260205,1,607.87,31.99,0
13220,5,39,252,20260220,1,511.89,127.97,0
13221,5,30,235,20260211,2,494.5,54.94,0
13222,5,22,463,20260219,1,527.02,0.0,0
13223,5,40,188,20260215,1,649.14,34.16,0
13224,5,28,439,20260223,3,802.01,89.11,1
13225,5,40,90,20260205,2,1366.6,0.0,0
13226,5,38,498,20260203,1,745.31,39.23,0
13227,5,35,482,20260223,1,375.42,0.0,0
13228,5,12,264,20260224,1,453.25,0.0,1
13229,5,33,447,20260220,1,456.0,24.0,0
13230,5,3,24,20260205,1,403.9,44.88,0
13231,5,7,575,20260219,1,307.34,0.0,0
13232,5,6,375,20260207,1,351.04,61.95,0
13233,5,38,266,20260207,1,784.54,0.0,0
13234,5,39,442,20260203,1,607.87,31.99,0
13235,5,36,62,20260210,1,477.76,119.44,0
13236,5,34,340,20260220,3,826.68,206.67,0
13237,5,21,16,20260227,1,498.49,55.39,0
13238,5,31,446,20260210,1,467.4,0.0,0
13239,5,14,53,20260212,2,719.74,0.0,0
13240,5,13,483,20260209,1,441.14,0.0,0
13241,5,28,6,20260213,1,297.04,0.0,0
13242,5,39,564,20260204,1,639.86,0.0,0
13243,6,11,394,20260209,1,215.48,11.34,0
13244,6,51,384,20260219,2,124.81,6.57,0
13245,6,34,190,20260210,1,310.0,34.45,0
13246,6,17,174,20260219,2,558.32,0.0,0
13247,6,33,330,20260213,1,384.0,96.0,0
13248,6,54,40,20260221,1,120.43,21.25,0
13249,6,52,600,20260227,1,83.46,0.0,0
13250,6,17,421,20260218,1,265.2,13.96,0
13251,6,36,566,20260221,2,1194.4,0.0,0
13252,6,27,204,20260221,1,251.74,62.94,0
13253,6,30,6,20260213,1,247.25,27.47,0
13254,6,33,258,20260204,1,480.0,0.0,0
13255,6,32,476,20260221,1,468.04,0.0,0
13256,6,31,67,20260224,2,841.32,93.48,0
13257,6,6,543,20260217,2,784.68,41.3,0
13258,6,4,462,20260225,1,337.64,84.41,0
13259,6,52,375,20260207,1,75.11,8.35,0
13260,6,10,337,20260226,1,233.36,12.28,0
13261,6,38,146,20260218,1,666.86,117.68,0
13262,6,31,242,20260206,1,420.66,46.74,0
13263,6,34,196,20260222,2,688.9,0.0,0
13264,6,30,58,20260206,1,260.98,13.74,0
13265,6,12,323,20260211,1,385.26,67.99,0
13266,6,11,223,20260221,1,204.14,22.68,0
13267,6,31,444,20260226,1,467.4,0.0,0
13268,6,13,48,20260228,1,374.97,66.17,0
13269,6,23,270,20260226,1,330.9,0.0,0
13270,6,37,406,20260214,1,567.09,29.85,0
13271,6,2,444,20260208,1,277.38,30.82,0
13272,6,36,149,20260215,1,567.34,29.86,0
13273,6,39,492,20260226,1,511.89,127.97,0
13274,6,2,509,20260207,1,292.79,15.41,1
13275,6,26,82,20260202,1,393.58,98.4,0
13276,6,39,452,20260222,1,511.89,127.97,0
13277,6,38,206,20260219,1,745.31,39.23,0
13278,6,34,525,20260222,1,327.23,17.22,0
13279,6,31,10,20260208,1,467.4,0.0,0
13280,6,40,199,20260226,1,649.14,34.16,1
13281,6,2,235,20260206,1,308.2,0.0,0
13282,6,40,291,20260226,1,683.3,0.0,0
13283,6,44,191,20260227,1,273.1,0.0,0
13284,6,18,35,20260208,2,1385.0,0.0,0
13285,6,35,144,20260201,1,337.88,37.54,0
13286,6,32,444,20260207,1,444.64,23.4,0
13287,6,29,63,20260218,1,512.1,0.0,0
13288,6,16,38,20260209,1,334.99,37.22,0
13289,6,23,241,20260204,1,330.9,0.0,0
13290,6,33,449,20260224,1,480.0,0.0,0
13291,6,36,597,20260216,2,1194.4,0.0,0
13292,6,7,299,20260220,1,215.14,92.2,0
13293,6,39,332,20260221,1,639.86,0.0,0
13294,6,33,364,20260218,2,960.0,0.0,0
13295,6,8,266,20260213,1,489.92,0.0,0
13296,6,34,368,20260220,1,344.45,0.0,0
13297,6,34,197,20260207,1,327.23,17.22,0
13298,6,36,481,20260213,1,537.48,59.72,1
13299,6,35,363,20260202,1,356.65,18.77,1
13300,7,39,443,20260214,1,543.88,95.98,0
13301,7,4,356,20260212,1,379.84,42.21,1
13302,7,21,120,20260201,1,443.1,110.78,0
13303,7,7,225,20260205,1,307.34,0.0,0
13304,7,31,183,20260207,1,467.4,0.0,0
13305,7,54,170,20260201,2,283.36,0.0,0
13306,7,20,85,20260208,1,330.57,0.0,0
13307,7,33,566,20260211,1,432.0,48.0,0
13308,7,25,332,20260211,1,425.68,22.4,0
13309,7,34,340,20260201,2,585.57,103.33,0
13310,7,54,209,20260203,1,120.43,21.25,0
13311,7,37,375,20260203,1,596.94,0.0,0
13312,7,35,459,20260217,1,375.42,0.0,0
13313,7,1,377,20260227,2,444.15,49.35,0
13314,7,3,386,20260214,1,448.78,0.0,0
13315,7,26,389,20260205,1,393.58,98.4,0
13316,7,33,159,20260214,1,432.0,48.0,0
13317,7,38,139,20260209,2,1569.08,0.0,0
13318,7,38,268,20260204,1,784.54,0.0,0
13319,7,6,497,20260222,1,392.34,20.65,0
13320,7,23,166,20260215,1,314.36,16.54,0
13321,7,51,494,20260221,1,65.69,0.0,0
13322,7,38,99,20260213,1,784.54,0.0,0
13323,7,2,254,20260203,1,308.2,0.0,0
13324,7,15,120,20260227,1,364.61,0.0,0
13325,7,38,442,20260218,1,706.09,78.45,0
13326,7,25,421,20260201,1,448.08,0.0,0
13327,7,9,393,20260223,1,367.6,40.84,0
13328,7,51,410,20260205,1,52.55,13.14,1
13329,7,27,384,20260209,1,283.21,31.47,0
13330,7,25,93,20260218,1,403.27,44.81,0
13331,7,33,369,20260208,1,456.0,24.0,0
13332,7,38,377,20260204,1,784.54,0.0,0
13333,7,12,462,20260203,1,317.28,135.97,0
13334,7,19,124,20260212,1,404.95,21.31,0
13335,7,28,322,20260205,1,297.04,0.0,0
13336,7,17,155,20260207,1,279.16,0.0,0
13337,7,54,495,20260214,1,134.6,7.08,0
13338,7,41,73,20260207,1,157.7,0.0,0
13339,7,27,194,20260216,1,251.74,62.94,1
13340,7,52,193,20260228,1,83.46,0.0,1
13341,7,37,382,20260220,1,477.55,119.39,0
13342,7,37,304,20260214,2,1074.49,119.39,0
13343,7,34,147,20260216,1,344.45,0.0,0
13344,7,25,440,20260201,1,380.87,67.21,0
13345,7,7,284,20260221,1,276.61,30.73,0
13346,7,26,178,20260223,1,491.98,0.0,0
13347,7,40,87,20260211,1,683.3,0.0,0
13348,7,3,101,20260222,1,426.34,22.44,0
13349,7,9,178,20260205,1,367.6,40.84,0
13350,7,23,524,20260209,1,330.9,0.0,0
13351,7,20,574,20260206,2,628.08,33.06,0
13352,7,36,209,20260215,1,597.2,0.0,0
13353,7,36,389,20260215,1,597.2,0.0,0
13354,7,4,315,20260210,2,844.1,0.0,0
13355,7,2,218,20260223,1,215.74,92.46,0
13356,8,37,14,20260211,1,596.94,0.0,0
13357,8,50,508,20260226,2,352.28,0.0,0
13358,8,34,588,20260214,1,344.45,0.0,0
13359,8,33,464,20260204,1,480.0,0.0,0
13360,8,33,9,20260223,1,480.0,0.0,0
13361,8,47,304,20260219,1,109.23,12.14,0
13362,8,34,516,20260207,1,275.56,68.89,0
13363,8,24,282,20260212,1,694.39,0.0,0
13364,8,15,503,20260218,2,656.3,72.92,0
13365,8,38,184,20260206,1,784.54,0.0,0
13366,8,38,301,20260215,1,745.31,39.23,0
13367,8,37,147,20260202,1,537.25,59.69,1
13368,8,37,280,20260216,1,537.25,59.69,0
13369,8,8,126,20260204,1,489.92,0.0,0
13370,8,18,120,20260227,1,692.5,0.0,0
13371,8,33,148,20260204,1,432.0,48.0,1
13372,8,36,418,20260224,1,597.2,0.0,0
13373,8,4,56,20260206,1,422.05,0.0,0
13374,8,22,70,20260210,1,527.02,0.0,1
13375,8,24,113,20260213,1,694.39,0.0,0
13376,8,12,156,20260205,2,861.17,45.33,0
13377,8,37,122,20260201,1,596.94,0.0,0
13378,8,36,590,20260205,1,597.2,0.0,0
13379,8,8,512,20260216,1,391.94,97.98,0
13380,8,10,289,20260218,1,221.08,24.56,0
13381,8,30,367,20260223,1,219.78,54.94,0
13382,8,31,460,20260217,1,397.29,70.11,0
13383,8,26,561,20260203,1,418.18,73.8,0
13384,1,48,600,20260314,1,124.86,22.03,0
13385,1,16,416,20260325,1,353.6,18.61,0
13386,1,34,200,20260312,1,327.23,17.22,0
13387,1,8,554,20260319,1,440.93,48.99,0
13388,1,29,517,20260317,1,512.1,0.0,0
13389,1,4,169,20260313,1,400.95,21.1,0
13390,1,11,244,20260315,1,204.14,22.68,0
13391,1,21,251,20260316,1,498.49,55.39,0
13392,1,15,586,20260326,3,1039.14,54.69,0
13393,1,3,477,20260309,1,448.78,0.0,0
13394,1,47,197,20260320,1,115.3,6.07,0
13395,1,15,278,20260307,1,364.61,0.0,0
13396,1,27,193,20260305,1,314.68,0.0,0
13397,1,5,67,20260329,2,536.1,0.0,0
13398,1,37,338,20260306,2,1193.88,0.0,0
13399,1,6,361,20260326,1,371.69,41.3,1
13400,1,20,79,20260306,1,330.57,0.0,0
13401,1,19,515,20260308,1,404.95,21.31,0
13402,1,51,576,20260309,1,65.69,0.0,0
13403,1,10,166,20260320,1,208.79,36.85,0
13404,1,26,36,20260317,1,491.98,0.0,0
13405,1,34,480,20260302,1,275.56,68.89,0
13406,1,9,506,20260320,1,408.44,0.0,0
13407,1,2,500,20260324,1,292.79,15.41,1
13408,1,27,304,20260330,1,314.68,0.0,0
13409,1,47,493,20260327,1,121.37,0.0,0
13410,1,41,287,20260311,1,134.05,23.65,0
13411,1,21,54,20260309,3,1661.64,0.0,0
13412,1,21,125,20260316,1,553.88,0.0,0
13413,1,5,38,20260319,1,241.24,26.81,0
13414,1,40,548,20260329,1,683.3,0.0,0
13415,1,10,146,20260324,1,208.79,36.85,0
13416,1,10,100,20260305,2,491.28,0.0,0
13417,1,49,378,20260324,1,48.1,12.03,0
13418,1,11,509,20260308,1,226.82,0.0,0
13419,1,34,29,20260328,1,327.23,17.22,0
13420,1,5,373,20260310,1,268.05,0.0,0
13421,1,8,573,20260309,2,930.85,48.99,0
13422,1,6,95,20260316,1,392.34,20.65,0
13423,1,16,269,20260304,1,353.6,18.61,0
13424,1,36,595,20260318,3,1702.02,89.58,0
13425,1,42,42,20260317,1,89.68,9.97,0
13426,1,10,541,20260310,1,196.51,49.13,0
13427,1,2,581,20260311,1,308.2,0.0,0
13428,1,54,326,20260314,1,127.51,14.17,0
13429,1,21,213,20260319,1,553.88,0.0,0
13430,1,10,372,20260326,1,233.36,12.28,0
13431,1,37,29,20260327,2,1193.88,0.0,0
13432,1,5,154,20260326,1,268.05,0.0,0
13433,1,33,459,20260331,1,456.0,24.0,0
13434,1,37,139,20260310,1,596.94,0.0,0
13435,1,10,574,20260304,2,442.15,49.13,0
13436,1,8,578,20260328,1,489.92,0.0,0
13437,1,30,505,20260318,1,274.72,0.0,0
13438,1,12,203,20260325,1,453.25,0.0,0
13439,1,47,335,20260317,1,121.37,0.0,0
13440,1,21,434,20260303,2,1107.76,0.0,0
13441,1,45,384,20260330,1,129.57,0.0,0
13442,1,6,1,20260306,1,412.99,0.0,0
13443,1,10,500,20260318,1,245.64,0.0,0
13444,1,29,346,20260317,1,512.1,0.0,0
13445,1,4,317,20260323,1,422.05,0.0,0
13446,1,11,481,20260331,1,204.14,22.68,0
13447,1,48,137,20260330,1,132.2,14.69,0
13448,1,41,171,20260318,1,157.7,0.0,0
13449,1,21,486,20260312,2,1107.76,0.0,0
13450,1,7,249,20260311,1,245.87,61.47,0
13451,1,3,311,20260331,1,448.78,0.0,0
13452,1,37,392,20260324,1,596.94,0.0,0
13453,1,40,307,20260303,1,683.3,0.0,0
13454,1,36,405,20260302,1,477.76,119.44,0
13455,1,23,346,20260322,1,330.9,0.0,1
13456,1,12,47,20260323,1,430.59,22.66,0
13457,1,14,509,20260307,1,359.87,0.0,0
13458,1,28,509,20260321,1,282.19,14.85,1
13459,1,51,355,20260303,1,65.69,0.0,0
13460,1,56,146,20260326,2,129.46,0.0,0
13461,1,41,431,20260327,1,110.39,47.31,0
13462,1,41,547,20260317,1,149.82,7.88,0
13463,1,31,201,20260331,1,444.03,23.37,0
13464,1,14,495,20260324,1,323.88,35.99,1
13465,1,48,437,20260304,1,146.89,0.0,0
13466,1,14,332,20260320,1,359.87,0.0,0
13467,1,31,165,20260306,1,467.4,0.0,0
13468,1,46,390,20260310,1,218.79,0.0,0
13469,1,45,526,20260303,1,129.57,0.0,0
13470,1,4,367,20260301,1,400.95,21.1,0
13471,1,41,162,20260307,1,134.05,23.65,0
13472,2,9,163,20260310,1,408.44,0.0,0
13473,2,9,322,20260306,1,408.44,0.0,0
13474,2,4,61,20260303,1,358.74,63.31,0
13475,2,11,474,20260302,1,204.14,22.68,0
13476,2,34,146,20260319,1,344.45,0.0,0
13477,2,9,282,20260329,2,816.88,0.0,0
13478,2,21,365,20260331,2,886.21,221.55,1
13479,2,11,203,20260305,1,226.82,0.0,0
13480,2,5,57,20260303,2,536.1,0.0,0
13481,2,20,257,20260303,1,330.57,0.0,0
13482,2,42,173,20260320,1,94.67,4.98,0
13483,2,48,355,20260325,1,132.2,14.69,0
13484,2,39,37,20260301,1,543.88,95.98,0
13485,2,32,92,20260309,1,468.04,0.0,0
13486,2,1,592,20260326,1,197.4,49.35,0
13487,2,16,74,20260317,2,707.2,37.22,0
13488,2,8,422,20260301,1,465.42,24.5,0
13489,2,10,20,20260309,1,171.95,73.69,0
13490,2,42,453,20260312,1,84.7,14.95,0
13491,2,2,36,20260302,1,308.2,0.0,0
13492,2,8,165,20260314,1,465.42,24.5,0
13493,2,43,186,20260316,2,586.76,0.0,0
13494,2,11,472,20260331,1,226.82,0.0,0
13495,2,26,138,20260330,1,491.98,0.0,0
13496,2,4,230,20260325,1,358.74,63.31,0
13497,2,43,538,20260325,1,293.38,0.0,0
13498,2,1,193,20260329,1,246.75,0.0,0
13499,2,27,194,20260325,2,629.36,0.0,0
13500,2,15,157,20260330,1,346.38,18.23,0
13501,2,22,125,20260306,3,1502.01,79.05,0
13502,2,15,475,20260310,1,328.15,36.46,0
13503,2,20,275,20260320,1,314.04,16.53,0
13504,2,14,248,20260325,1,341.88,17.99,0
13505,2,48,302,20260331,1,117.51,29.38,1
13506,2,19,343,20260312,1,341.01,85.25,0
13507,2,42,124,20260316,1,94.67,4.98,0
13508,2,4,31,20260316,1,422.05,0.0,0
13509,2,55,457,20260301,1,105.95,0.0,0
13510,2,1,278,20260317,1,246.75,0.0,0
13511,2,8,390,20260317,1,440.93,48.99,0
13512,2,42,391,20260318,1,94.67,4.98,0
13513,2,2,125,20260314,1,292.79,15.41,0
13514,2,16,507,20260307,1,372.21,0.0,0
13515,2,12,487,20260316,1,453.25,0.0,0
13516,2,45,229,20260330,1,110.13,19.44,0
13517,2,27,565,20260301,1,314.68,0.0,0
13518,2,46,244,20260301,1,218.79,0.0,0
13519,2,43,484,20260318,1,278.71,14.67,0
13520,2,14,112,20260318,1,359.87,0.0,0
13521,2,16,287,20260325,1,334.99,37.22,1
13522,2,47,184,20260317,1,121.37,0.0,0
13523,2,13,132,20260329,1,397.03,44.11,0
13524,2,3,307,20260307,1,381.46,67.32,0
13525,3,9,591,20260324,1,388.02,20.42,0
13526,3,45,506,20260310,2,259.14,0.0,0
13527,3,16,529,20260327,1,334.99,37.22,0
13528,3,23,199,20260305,1,330.9,0.0,0
13529,3,33,277,20260303,1,432.0,48.0,0
13530,3,1,369,20260316,3,666.22,74.03,0
13531,3,52,441,20260309,1,83.46,0.0,0
13532,3,17,222,20260316,1,251.24,27.92,0
13533,3,46,113,20260325,1,207.85,10.94,1
13534,3,45,164,20260323,1,116.61,12.96,0
13535,3,28,263,20260307,1,282.19,14.85,0
13536,3,42,452,20260322,1,89.68,9.97,0
13537,3,25,495,20260303,1,448.08,0.0,0
13538,3,9,233,20260307,1,408.44,0.0,0
13539,3,21,264,20260324,2,1107.76,0.0,0
13540,3,5,426,20260312,1,268.05,0.0,0
13541,3,22,592,20260328,1,527.02,0.0,0
13542,3,34,165,20260320,1,344.45,0.0,0
13543,3,9,553,20260313,1,408.44,0.0,1
13544,3,43,259,20260313,1,264.04,29.34,1
13545,3,16,453,20260314,2,744.42,0.0,0
13546,3,26,564,20260314,1,418.18,73.8,0
13547,3,52,115,20260328,1,83.46,0.0,0
13548,3,3,522,20260321,1,403.9,44.88,0
13549,3,45,424,20260301,1,123.09,6.48,0
13550,3,25,403,20260324,1,448.08,0.0,0
13551,3,29,290,20260324,1,512.1,0.0,0
13552,3,24,264,20260308,1,486.07,208.32,0
13553,3,50,154,20260330,1,167.33,8.81,0
13554,3,13,543,20260318,1,441.14,0.0,0
13555,3,46,542,20260305,1,207.85,10.94,0
13556,3,37,303,20260321,1,537.25,59.69,0
13557,3,3,435,20260321,1,448.78,0.0,0
13558,3,34,154,20260331,1,344.45,0.0,0
13559,3,55,186,20260320,1,100.65,5.3,0
13560,3,29,112,20260306,1,512.1,0.0,0
13561,3,54,503,20260329,2,283.36,0.0,0
13562,3,2,377,20260317,1,308.2,0.0,0
13563,3,49,69,20260323,1,60.13,0.0,0
13564,3,2,60,20260309,1,277.38,30.82,0
13565,3,20,373,20260312,1,330.57,0.0,1
13566,3,6,58,20260312,2,825.98,0.0,0
13567,3,19,255,20260313,1,404.95,21.31,0
13568,3,33,1,20260310,1,432.0,48.0,0
13569,3,15,206,20260319,1,364.61,0.0,1
13570,3,55,497,20260315,1,84.76,21.19,0
13571,3,26,491,20260317,1,491.98,0.0,1
13572,3,23,5,20260310,1,330.9,0.0,0
13573,3,52,394,20260314,2,158.57,8.35,0
13574,3,2,448,20260313,2,616.4,0.0,0
13575,3,9,453,20260329,1,285.91,122.53,0
13576,3,34,182,20260302,1,344.45,0.0,0
13577,3,46,321,20260328,1,218.79,0.0,0
13578,3,28,182,20260315,1,267.34,29.7,0
13579,3,37,277,20260303,1,537.25,59.69,0
13580,3,46,492,20260311,1,218.79,0.0,0
13581,3,18,259,20260308,1,657.88,34.62,0
13582,3,1,384,20260329,1,209.74,37.01,0
13583,3,11,259,20260323,1,204.14,22.68,0
13584,3,40,107,20260322,2,1366.6,0.0,0
13585,3,53,24,20260330,1,148.21,26.16,0
13586,3,3,514,20260306,1,448.78,0.0,0
13587,3,39,326,20260308,1,543.88,95.98,0
13588,3,24,465,20260329,1,694.39,0.0,0
13589,3,46,332,20260328,2,437.58,0.0,0
13590,3,2,406,20260324,2,616.4,0.0,0
13591,3,44,4,20260319,2,546.2,0.0,0
13592,3,33,405,20260324,1,384.0,96.0,0
13593,3,15,441,20260325,1,364.61,0.0,0
13594,3,33,47,20260331,1,456.0,24.0,0
13595,3,6,95,20260320,1,412.99,0.0,0
13596,3,22,420,20260308,1,527.02,0.0,0
13597,4,20,340,20260313,1,264.46,66.11,1
13598,4,12,514,20260309,1,453.25,0.0,0
13599,4,10,408,20260315,1,221.08,24.56,0
13600,4,49,73,20260309,1,60.13,0.0,0
13601,4,11,294,20260302,1,226.82,0.0,0
13602,4,15,586,20260312,1,364.61,0.0,0
13603,4,52,66,20260321,2,166.92,0.0,0
13604,4,38,586,20260327,1,784.54,0.0,0
13605,4,30,288,20260316,1,274.72,0.0,1
13606,4,19,357,20260319,2,767.27,85.25,0
13607,4,47,173,20260324,1,109.23,12.14,0
13608,4,50,512,20260312,2,352.28,0.0,0
13609,4,8,272,20260316,3,1469.76,0.0,0
13610,4,21,374,20260303,1,553.88,0.0,1
13611,4,39,43,20260316,1,639.86,0.0,0
13612,4,4,326,20260314,1,422.05,0.0,0
13613,4,1,91,20260304,2,493.5,0.0,0
13614,4,52,151,20260329,1,79.29,4.17,0
13615,4,3,450,20260314,1,314.15,134.63,0
13616,4,25,337,20260319,1,448.08,0.0,0
13617,4,8,12,20260322,1,489.92,0.0,0
13618,4,19,531,20260322,1,298.38,127.88,0
13619,4,51,240,20260315,1,52.55,13.14,1
13620,4,18,309,20260319,1,692.5,0.0,0
13621,4,56,37,20260317,1,64.73,0.0,0
13622,4,28,88,20260323,1,237.63,59.41,0
13623,4,38,381,20260307,1,784.54,0.0,0
13624,4,30,476,20260326,1,247.25,27.47,0
13625,4,10,287,20260309,1,208.79,36.85,0
13626,4,49,457,20260315,1,51.11,9.02,0
13627,4,43,309,20260320,2,528.08,58.68,0
13628,4,32,118,20260302,1,468.04,0.0,0
13629,4,25,588,20260320,2,896.16,0.0,0
13630,4,50,12,20260327,1,167.33,8.81,0
13631,4,22,79,20260331,1,527.02,0.0,0
13632,4,19,403,20260310,1,362.32,63.94,0
13633,4,8,29,20260308,1,489.92,0.0,0
13634,4,11,259,20260324,1,226.82,0.0,0
13635,4,10,44,20260306,2,442.15,49.13,0
13636,4,16,315,20260302,1,372.21,0.0,0
13637,4,12,600,20260328,1,453.25,0.0,0
13638,4,15,493,20260301,1,364.61,0.0,0
13639,4,4,251,20260310,1,358.74,63.31,0
13640,4,48,78,20260304,1,146.89,0.0,0
13641,4,43,361,20260304,1,249.37,44.01,0
13642,4,27,84,20260321,1,251.74,62.94,0
13643,4,47,174,20260326,1,121.37,0.0,0
13644,4,17,167,20260322,1,251.24,27.92,0
13645,4,56,516,20260310,1,64.73,0.0,0
13646,4,22,214,20260302,1,527.02,0.0,0
13647,4,37,364,20260303,1,567.09,29.85,0
13648,4,48,310,20260301,1,132.2,14.69,0
13649,4,26,116,20260328,1,418.18,73.8,0
13650,5,45,405,20260301,1,129.57,0.0,0
13651,5,41,246,20260302,2,299.63,15.77,0
13652,5,7,187,20260307,1,307.34,0.0,0
13653,5,2,254,20260303,1,308.2,0.0,0
13654,5,53,356,20260305,1,165.65,8.72,0
13655,5,1,441,20260315,1,246.75,0.0,0
13656,5,26,450,20260324,1,393.58,98.4,0
13657,5,26,449,20260327,2,885.56,98.4,0
13658,5,13,6,20260324,1,374.97,66.17,0
13659,5,8,320,20260304,1,416.43,73.49,0
13660,5,9,66,20260321,1,408.44,0.0,0
13661,5,6,460,20260304,1,392.34,20.65,0
13662,5,19,349,20260331,1,341.01,85.25,0
13663,5,30,168,20260317,1,274.72,0.0,0
13664,5,13,219,20260324,2,794.05,88.23,0
13665,5,24,290,20260309,1,624.95,69.44,0
13666,5,33,250,20260323,1,432.0,48.0,0
13667,5,51,274,20260313,1,62.41,3.28,0
13668,5,24,192,20260306,2,1249.9,138.88,0
13669,5,18,515,20260329,1,692.5,0.0,0
13670,5,34,48,20260318,1,344.45,0.0,0
13671,5,8,467,20260326,1,489.92,0.0,0
13672,5,8,163,20260306,1,440.93,48.99,0
13673,5,2,155,20260325,1,277.38,30.82,0
13674,5,15,316,20260311,1,364.61,0.0,0
13675,5,44,59,20260318,1,273.1,0.0,0
13676,5,32,463,20260319,1,444.64,23.4,0
13677,5,45,375,20260303,1,123.09,6.48,0
13678,5,44,109,20260328,2,546.2,0.0,1
13679,5,6,337,20260303,1,351.04,61.95,0
13680,5,19,395,20260310,1,298.38,127.88,0
13681,5,11,212,20260322,1,204.14,22.68,0
13682,5,48,509,20260319,1,146.89,0.0,0
13683,5,54,306,20260306,2,283.36,0.0,0
13684,5,34,96,20260319,1,310.0,34.45,0
13685,5,52,103,20260312,1,83.46,0.0,0
13686,5,49,359,20260310,1,60.13,0.0,0
13687,5,50,440,20260325,1,176.14,0.0,0
13688,5,50,349,20260323,2,352.28,0.0,0
13689,5,15,354,20260301,1,364.61,0.0,0
13690,5,22,291,20260327,1,527.02,0.0,0
13691,5,20,433,20260331,1,330.57,0.0,1
13692,5,5,332,20260316,1,241.24,26.81,0
13693,5,3,560,20260304,1,448.78,0.0,0
13694,5,14,185,20260318,1,341.88,17.99,0
13695,5,18,125,20260329,1,588.62,103.88,1
13696,5,24,366,20260324,1,659.67,34.72,0
13697,5,6,228,20260312,1,392.34,20.65,0
13698,5,5,486,20260312,1,254.65,13.4,0
13699,5,32,372,20260326,1,468.04,0.0,0
13700,5,38,389,20260308,1,784.54,0.0,0
13701,5,33,432,20260309,1,456.0,24.0,0
13702,5,56,581,20260330,1,64.73,0.0,0
13703,5,37,595,20260311,1,596.94,0.0,0
13704,5,2,529,20260328,1,308.2,0.0,0
13705,5,48,187,20260302,1,139.55,7.34,0
13706,5,37,93,20260307,1,596.94,0.0,0
13707,5,13,439,20260315,1,441.14,0.0,0
13708,5,7,30,20260305,1,276.61,30.73,0
13709,5,49,288,20260313,1,57.12,3.01,0
13710,5,46,253,20260330,1,218.79,0.0,0
13711,5,56,253,20260321,1,61.49,3.24,0
13712,5,50,561,20260302,1,176.14,0.0,0
13713,5,1,514,20260315,1,246.75,0.0,0
13714,5,6,30,20260307,1,330.39,82.6,0
13715,5,8,192,20260313,1,440.93,48.99,0
13716,5,31,342,20260303,1,397.29,70.11,0
13717,5,46,272,20260305,1,218.79,0.0,0
13718,5,56,513,20260303,1,51.78,12.95,0
13719,6,18,374,20260313,1,692.5,0.0,0
13720,6,46,60,20260320,1,218.79,0.0,0
13721,6,29,356,20260308,1,512.1,0.0,0
13722,6,17,338,20260331,1,237.29,41.87,1
13723,6,15,479,20260307,1,328.15,36.46,0
13724,6,31,459,20260327,1,444.03,23.37,0
13725,6,18,589,20260331,1,623.25,69.25,0
13726,6,36,516,20260320,1,597.2,0.0,0
13727,6,17,449,20260312,2,530.4,27.92,0
13728,6,17,159,20260319,1,237.29,41.87,0
13729,6,38,299,20260315,1,627.63,156.91,0
13730,6,33,200,20260321,1,480.0,0.0,0
13731,6,33,87,20260327,1,432.0,48.0,1
13732,6,15,378,20260317,1,364.61,0.0,0
13733,6,49,577,20260319,1,60.13,0.0,0
13734,6,43,331,20260314,1,278.71,14.67,0
13735,6,43,451,20260310,2,557.42,29.34,0
13736,6,4,429,20260304,3,1012.92,253.23,0
13737,6,21,523,20260330,1,553.88,0.0,0
13738,6,47,566,20260306,2,242.74,0.0,0
13739,6,27,304,20260328,1,314.68,0.0,0
13740,6,42,336,20260327,1,99.65,0.0,0
13741,6,36,408,20260329,1,507.62,89.58,0
13742,6,55,255,20260321,1,95.35,10.6,0
13743,6,4,294,20260326,1,422.05,0.0,0
13744,6,38,168,20260331,1,666.86,117.68,0
13745,6,55,27,20260328,1,105.95,0.0,0
13746,6,6,61,20260310,1,392.34,20.65,0
13747,6,15,87,20260314,1,291.69,72.92,0
13748,6,9,576,20260303,1,408.44,0.0,0
13749,6,12,382,20260330,1,407.92,45.33,0
13750,6,24,347,20260330,1,624.95,69.44,0
13751,6,12,124,20260311,1,362.6,90.65,0
13752,6,3,158,20260317,1,448.78,0.0,0
13753,6,19,413,20260314,1,362.32,63.94,0
13754,6,42,262,20260310,1,99.65,0.0,0
13755,6,5,443,20260307,1,241.24,26.81,0
13756,6,37,179,20260331,1,596.94,0.0,0
13757,6,56,361,20260324,1,61.49,3.24,0
13758,6,11,532,20260313,2,453.64,0.0,0
13759,6,6,593,20260323,1,351.04,61.95,0
13760,6,27,407,20260305,1,314.68,0.0,0
13761,6,32,242,20260310,1,468.04,0.0,0
13762,6,50,497,20260303,1,167.33,8.81,0
13763,6,13,360,20260318,1,441.14,0.0,0
13764,6,13,234,20260306,1,441.14,0.0,0
13765,6,17,211,20260327,1,223.33,55.83,1
13766,6,24,10,20260318,1,694.39,0.0,0
13767,6,52,367,20260318,1,75.11,8.35,0
13768,6,15,414,20260303,1,364.61,0.0,1
13769,6,35,376,20260321,1,337.88,37.54,0
13770,6,18,87,20260315,1,484.75,207.75,0
13771,6,13,172,20260310,1,374.97,66.17,0
13772,6,26,241,20260314,1,442.78,49.2,0
13773,6,54,69,20260306,1,141.68,0.0,0
13774,6,16,302,20260321,1,372.21,0.0,0
13775,6,47,129,20260308,2,242.74,0.0,0
13776,6,12,410,20260316,1,430.59,22.66,0
13777,6,3,555,20260305,1,359.02,89.76,0
13778,6,30,380,20260303,1,260.98,13.74,0
13779,6,40,161,20260315,1,683.3,0.0,0
13780,6,8,503,20260331,1,416.43,73.49,0
13781,6,16,20,20260327,2,744.42,0.0,1
13782,6,11,234,20260312,1,204.14,22.68,0
13783,7,48,337,20260313,1,132.2,14.69,0
13784,7,29,231,20260304,1,512.1,0.0,0
13785,7,12,247,20260304,1,453.25,0.0,0
13786,7,49,165,20260325,1,60.13,0.0,0
13787,7,24,208,20260307,1,694.39,0.0,0
13788,7,34,130,20260320,1,310.0,34.45,0
13789,7,34,528,20260308,1,344.45,0.0,0
13790,7,20,491,20260301,1,330.57,0.0,0
13791,7,6,225,20260313,1,412.99,0.0,0
13792,7,11,214,20260317,1,215.48,11.34,0
13793,7,8,107,20260329,1,489.92,0.0,0
13794,7,28,106,20260315,1,297.04,0.0,0
13795,7,4,92,20260304,1,400.95,21.1,0
13796,7,46,374,20260330,1,218.79,0.0,0
13797,7,20,195,20260319,1,280.98,49.59,0
13798,7,19,442,20260329,1,383.63,42.63,0
13799,7,47,261,20260319,1,109.23,12.14,0
13800,7,23,469,20260320,2,595.62,66.18,0
13801,7,41,270,20260325,1,149.82,7.88,0
13802,7,44,548,20260331,1,218.48,54.62,1
13803,7,3,151,20260319,1,381.46,67.32,0
13804,7,7,6,20260330,1,307.34,0.0,0
13805,7,11,66,20260321,1,226.82,0.0,0
13806,7,7,473,20260306,2,583.95,30.73,0
13807,7,7,31,20260319,3,645.41,276.61,0
13808,7,19,493,20260329,1,362.32,63.94,1
13809,7,7,395,20260313,1,307.34,0.0,0
13810,7,5,524,20260330,1,268.05,0.0,0
13811,7,38,553,20260314,2,1569.08,0.0,0
13812,7,20,256,20260307,1,330.57,0.0,0
13813,7,11,395,20260307,1,204.14,22.68,0
13814,7,52,566,20260301,1,83.46,0.0,0
13815,7,1,359,20260331,1,197.4,49.35,0
13816,7,8,123,20260323,1,342.94,146.98,1
13817,7,47,316,20260323,1,109.23,12.14,0
13818,7,38,403,20260331,1,745.31,39.23,0
13819,7,7,311,20260319,1,307.34,0.0,0
13820,7,50,373,20260308,2,352.28,0.0,0
13821,7,21,470,20260311,1,498.49,55.39,0
13822,7,1,46,20260305,1,246.75,0.0,0
13823,7,14,95,20260309,1,341.88,17.99,0
13824,7,28,564,20260311,1,297.04,0.0,0
13825,7,28,32,20260309,1,297.04,0.0,0
13826,7,48,10,20260303,1,132.2,14.69,0
13827,7,38,483,20260320,1,745.31,39.23,0
13828,7,39,332,20260320,1,639.86,0.0,0
13829,7,51,494,20260329,1,59.12,6.57,0
13830,7,29,385,20260328,2,1024.2,0.0,0
13831,7,24,518,20260323,1,694.39,0.0,0
13832,7,1,158,20260311,1,209.74,37.01,0
13833,7,11,360,20260313,1,215.48,11.34,0
13834,7,46,55,20260301,1,218.79,0.0,0
13835,7,23,54,20260329,1,314.36,16.54,0
13836,7,19,306,20260321,1,426.26,0.0,0
13837,7,25,446,20260305,1,448.08,0.0,0
13838,7,1,90,20260319,1,246.75,0.0,0
13839,7,10,40,20260321,1,245.64,0.0,0
13840,8,8,229,20260302,2,881.86,97.98,0
13841,8,20,594,20260326,1,314.04,16.53,0
13842,8,50,519,20260310,1,167.33,8.81,0
13843,8,26,580,20260309,2,983.96,0.0,0
13844,8,46,492,20260305,1,218.79,0.0,0
13845,8,13,460,20260330,1,397.03,44.11,1
13846,8,44,203,20260327,1,232.13,40.97,0
13847,8,32,470,20260326,1,374.43,93.61,0
13848,8,4,38,20260304,1,400.95,21.1,0
13849,8,40,372,20260307,2,1366.6,0.0,0
13850,8,33,484,20260326,1,480.0,0.0,0
13851,8,41,568,20260329,2,299.63,15.77,1
13852,8,2,598,20260329,1,246.56,61.64,0
13853,8,3,38,20260302,2,897.56,0.0,0
13854,8,50,317,20260308,1,167.33,8.81,0
13855,8,16,112,20260307,1,334.99,37.22,0
13856,8,27,393,20260307,1,220.28,94.4,0
13857,8,3,221,20260318,1,448.78,0.0,0
13858,8,46,22,20260315,1,218.79,0.0,0
13859,8,29,347,20260313,1,512.1,0.0,0
13860,8,22,295,20260304,1,500.67,26.35,0
13861,8,28,195,20260325,3,846.56,44.56,0
13862,8,4,442,20260330,1,400.95,21.1,0
13863,8,10,310,20260302,1,245.64,0.0,0
13864,8,24,341,20260303,1,694.39,0.0,0
13865,8,31,439,20260331,1,373.92,93.48,0
13866,8,7,273,20260301,1,245.87,61.47,0
13867,8,21,371,20260307,1,553.88,0.0,0
13868,8,39,88,20260310,1,575.87,63.99,0
13869,8,14,492,20260311,1,341.88,17.99,0
13870,8,4,579,20260315,3,1202.84,63.31,0
13871,8,39,145,20260303,1,639.86,0.0,0
13872,8,24,441,20260327,1,694.39,0.0,0
13873,8,45,499,20260319,1,116.61,12.96,0
13874,8,3,546,20260309,1,448.78,0.0,0
13875,8,9,227,20260328,1,408.44,0.0,0
13876,8,11,513,20260321,1,226.82,0.0,0
13877,8,52,512,20260318,1,83.46,0.0,0
13878,8,7,476,20260316,1,245.87,61.47,0
13879,8,31,463,20260317,1,444.03,23.37,0
13880,8,32,149,20260304,2,842.47,93.61,0
13881,8,43,485,20260308,2,528.08,58.68,0
13882,8,51,229,20260330,1,65.69,0.0,0
13883,8,11,473,20260306,1,192.8,34.02,0
13884,8,39,74,20260311,1,607.87,31.99,0
13885,8,16,424,20260319,1,316.38,55.83,0
13886,8,33,26,20260304,1,456.0,24.0,0
13887,8,36,147,20260320,1,418.04,179.16,0
13888,8,46,545,20260310,1,218.79,0.0,0
13889,8,41,404,20260316,1,157.7,0.0,0
13890,8,51,47,20260326,1,65.69,0.0,0
13891,8,2,305,20260324,1,292.79,15.41,0
13892,8,6,25,20260308,1,412.99,0.0,0
13893,1,42,582,20260412,1,99.65,0.0,0
13894,1,31,528,20260422,1,397.29,70.11,1
13895,1,15,96,20260429,1,364.61,0.0,0
13896,1,17,402,20260428,1,251.24,27.92,0
13897,1,46,292,20260416,1,218.79,0.0,0
13898,1,5,119,20260412,1,268.05,0.0,0
13899,1,33,23,20260421,1,408.0,72.0,0
13900,1,5,117,20260410,1,268.05,0.0,0
13901,1,55,224,20260426,2,211.9,0.0,0
13902,1,17,521,20260423,1,279.16,0.0,0
13903,1,35,231,20260422,1,337.88,37.54,0
13904,1,43,404,20260430,1,293.38,0.0,1
13905,1,24,277,20260419,1,694.39,0.0,1
13906,1,37,437,20260408,1,596.94,0.0,0
13907,1,31,554,20260408,2,794.58,140.22,0
13908,1,48,204,20260417,1,146.89,0.0,0
13909,1,52,399,20260415,2,166.92,0.0,0
13910,1,50,337,20260413,1,176.14,0.0,0
13911,1,6,534,20260410,1,392.34,20.65,0
13912,1,44,411,20260430,1,245.79,27.31,0
13913,1,32,234,20260411,1,468.04,0.0,1
13914,1,6,51,20260409,1,392.34,20.65,0
13915,1,52,588,20260411,1,79.29,4.17,0
13916,1,54,129,20260404,1,134.6,7.08,0
13917,1,30,381,20260415,1,274.72,0.0,0
13918,1,54,271,20260416,1,113.34,28.34,0
13919,1,54,469,20260405,2,283.36,0.0,0
13920,1,15,199,20260406,1,328.15,36.46,0
13921,1,41,256,20260426,1,149.82,7.88,0
13922,1,13,366,20260408,1,419.08,22.06,0
13923,1,47,60,20260423,1,84.96,36.41,0
13924,1,14,371,20260424,1,305.89,53.98,0
13925,1,14,90,20260413,2,683.75,35.99,0
13926,1,36,310,20260427,1,477.76,119.44,0
13927,1,43,547,20260424,1,264.04,29.34,0
13928,1,7,81,20260406,1,245.87,61.47,0
13929,1,11,231,20260409,1,226.82,0.0,0
13930,1,31,529,20260424,1,373.92,93.48,0
13931,1,25,44,20260409,2,716.93,179.23,0
13932,1,43,388,20260421,1,278.71,14.67,0
13933,1,28,316,20260419,1,252.48,44.56,0
13934,1,23,368,20260411,1,330.9,0.0,0
13935,1,29,340,20260404,1,460.89,51.21,0
13936,1,34,263,20260408,1,344.45,0.0,0
13937,1,53,365,20260401,1,122.06,52.31,0
13938,1,14,323,20260403,3,1079.61,0.0,0
13939,1,4,493,20260428,1,422.05,0.0,0
13940,1,49,485,20260407,1,60.13,0.0,0
13941,1,28,541,20260426,1,297.04,0.0,0
13942,1,33,53,20260410,1,432.0,48.0,1
13943,1,25,57,20260407,1,380.87,67.21,0
13944,1,24,364,20260424,1,694.39,0.0,0
13945,1,9,251,20260421,1,408.44,0.0,0
13946,1,26,536,20260406,1,442.78,49.2,0
13947,1,3,156,20260426,1,426.34,22.44,0
13948,1,36,299,20260418,1,597.2,0.0,0
13949,1,15,257,20260410,1,364.61,0.0,0
13950,1,4,466,20260403,1,422.05,0.0,0
13951,1,55,243,20260428,1,95.35,10.6,0
13952,1,5,315,20260401,1,268.05,0.0,0
13953,1,31,469,20260430,1,373.92,93.48,0
13954,1,18,544,20260428,1,692.5,0.0,0
13955,1,6,2,20260419,1,392.34,20.65,0
13956,1,10,442,20260403,1,221.08,24.56,0
13957,1,53,336,20260425,1,148.21,26.16,0
13958,1,47,560,20260429,1,109.23,12.14,0
13959,1,14,96,20260421,1,323.88,35.99,0
13960,1,21,325,20260417,1,553.88,0.0,0
13961,1,3,158,20260416,1,448.78,0.0,0
13962,1,26,482,20260415,1,491.98,0.0,0
13963,1,1,215,20260414,1,222.07,24.68,0
13964,1,10,368,20260407,1,171.95,73.69,0
13965,1,36,262,20260402,1,507.62,89.58,0
13966,1,40,446,20260429,2,1366.6,0.0,0
13967,1,55,129,20260416,1,105.95,0.0,0
13968,1,12,487,20260402,1,385.26,67.99,0
13969,1,34,566,20260426,1,310.0,34.45,0
13970,1,13,432,20260402,1,374.97,66.17,0
13971,1,41,528,20260428,1,134.05,23.65,0
13972,1,30,408,20260426,1,274.72,0.0,0
13973,1,44,458,20260417,1,259.44,13.66,0
13974,1,44,205,20260416,1,259.44,13.66,0
13975,1,15,587,20260429,1,364.61,0.0,0
13976,1,41,211,20260402,1,126.16,31.54,1
13977,1,23,318,20260418,1,297.81,33.09,0
13978,1,4,410,20260415,1,358.74,63.31,0
13979,1,36,288,20260424,2,1134.68,59.72,0
13980,1,5,354,20260404,1,268.05,0.0,0
13981,1,6,224,20260402,1,371.69,41.3,0
13982,1,3,452,20260425,1,381.46,67.32,1
13983,1,15,314,20260415,1,364.61,0.0,0
13984,1,47,198,20260424,1,121.37,0.0,0
13985,2,30,46,20260413,1,274.72,0.0,0
13986,2,34,23,20260430,1,292.78,51.67,0
13987,2,25,281,20260405,1,448.08,0.0,0
13988,2,2,155,20260423,1,308.2,0.0,0
13989,2,28,367,20260415,1,237.63,59.41,0
13990,2,16,255,20260411,1,334.99,37.22,0
13991,2,6,56,20260422,1,371.69,41.3,0
13992,2,40,34,20260404,1,614.97,68.33,0
13993,2,41,559,20260423,1,126.16,31.54,0
13994,2,1,146,20260430,1,234.41,12.34,0
13995,2,45,588,20260411,1,129.57,0.0,0
13996,2,15,284,20260414,1,364.61,0.0,0
13997,2,11,585,20260404,2,453.64,0.0,0
13998,2,43,252,20260412,1,264.04,29.34,0
13999,2,8,436,20260410,1,342.94,146.98,0
14000,2,16,277,20260429,1,353.6,18.61,0
14001,2,39,75,20260425,1,543.88,95.98,0
14002,2,10,419,20260428,1,245.64,0.0,0
14003,2,12,470,20260411,1,407.92,45.33,0
14004,2,11,206,20260425,1,226.82,0.0,0
14005,2,10,95,20260401,1,221.08,24.56,1
14006,2,46,585,20260405,1,218.79,0.0,0
14007,2,6,278,20260428,1,351.04,61.95,0
14008,2,29,564,20260403,1,512.1,0.0,0
14009,2,41,48,20260426,1,141.93,15.77,0
14010,2,30,393,20260413,1,233.51,41.21,0
14011,2,37,371,20260427,1,596.94,0.0,0
14012,2,46,154,20260420,1,218.79,0.0,0
14013,2,10,458,20260427,1,245.64,0.0,0
14014,2,1,305,20260416,1,246.75,0.0,0
14015,2,46,16,20260418,2,437.58,0.0,0
14016,2,23,389,20260413,1,314.36,16.54,0
14017,2,3,407,20260409,2,718.05,179.51,0
14018,2,46,589,20260407,1,185.97,32.82,0
14019,2,43,15,20260405,1,278.71,14.67,0
14020,2,9,137,20260427,1,408.44,0.0,0
14021,2,40,155,20260412,2,1366.6,0.0,0
14022,2,42,87,20260429,1,84.7,14.95,0
14023,2,8,136,20260420,1,391.94,97.98,0
14024,2,44,398,20260430,1,273.1,0.0,0
14025,2,3,313,20260404,1,448.78,0.0,0
14026,2,11,113,20260425,1,204.14,22.68,0
14027,2,41,374,20260422,1,141.93,15.77,0
14028,2,32,522,20260407,1,374.43,93.61,0
14029,2,18,558,20260422,1,692.5,0.0,0
14030,2,11,256,20260417,1,158.77,68.05,0
14031,2,23,464,20260425,1,330.9,0.0,0
14032,2,8,188,20260407,1,489.92,0.0,0
14033,2,15,226,20260417,1,291.69,72.92,0
14034,2,20,200,20260423,1,264.46,66.11,0
14035,2,46,286,20260428,2,350.06,87.52,0
14036,2,2,571,20260401,1,277.38,30.82,0
14037,2,15,379,20260422,2,729.22,0.0,0
14038,2,2,585,20260426,1,308.2,0.0,0
14039,2,41,535,20260406,1,157.7,0.0,0
14040,2,55,337,20260420,1,105.95,0.0,0
14041,2,53,131,20260424,1,174.37,0.0,0
14042,2,15,558,20260407,1,364.61,0.0,0
14043,2,18,489,20260416,1,623.25,69.25,1
14044,2,26,204,20260401,1,491.98,0.0,0
14045,2,15,516,20260426,1,364.61,0.0,0
14046,2,26,271,20260421,1,491.98,0.0,0
14047,2,1,552,20260425,1,197.4,49.35,0
14048,2,39,5,20260415,1,639.86,0.0,0
14049,2,54,22,20260420,1,134.6,7.08,0
14050,2,44,540,20260404,3,819.3,0.0,0
14051,2,24,494,20260409,1,590.23,104.16,0
14052,2,47,10,20260404,1,115.3,6.07,0
14053,2,19,37,20260420,1,426.26,0.0,0
14054,2,28,192,20260406,1,297.04,0.0,0
14055,2,43,439,20260426,1,278.71,14.67,0
14056,2,12,597,20260415,2,906.5,0.0,1
14057,2,43,278,20260426,1,278.71,14.67,0
14058,2,30,109,20260425,1,233.51,41.21,0
14059,2,54,206,20260421,1,134.6,7.08,0
14060,2,39,546,20260426,1,639.86,0.0,0
14061,2,18,552,20260421,1,692.5,0.0,0
14062,3,54,199,20260404,2,283.36,0.0,0
14063,3,46,297,20260413,1,175.03,43.76,0
14064,3,27,351,20260423,1,314.68,0.0,0
14065,3,4,442,20260401,1,358.74,63.31,0
14066,3,9,434,20260404,2,776.04,40.84,0
14067,3,40,396,20260429,1,683.3,0.0,0
14068,3,23,106,20260405,1,314.36,16.54,0
14069,3,13,23,20260413,1,441.14,0.0,0
14070,3,27,141,20260405,1,314.68,0.0,0
14071,3,33,196,20260422,1,456.0,24.0,0
14072,3,19,108,20260424,2,682.02,170.5,0
14073,3,26,99,20260428,1,491.98,0.0,0
14074,3,14,270,20260423,1,251.91,107.96,0
14075,3,29,555,20260407,1,460.89,51.21,0
14076,3,9,353,20260421,3,1225.32,0.0,0
14077,3,26,350,20260423,1,467.38,24.6,0
14078,3,42,65,20260418,1,79.72,19.93,0
14079,3,27,497,20260422,1,251.74,62.94,0
14080,3,33,500,20260412,1,480.0,0.0,0
14081,3,3,501,20260416,1,448.78,0.0,1
14082,3,11,33,20260410,1,226.82,0.0,0
14083,3,56,298,20260428,1,55.02,9.71,0
14084,3,3,220,20260404,2,718.05,179.51,0
14085,3,53,192,20260426,1,165.65,8.72,1
14086,3,4,150,20260426,1,422.05,0.0,0
14087,3,52,58,20260408,1,75.11,8.35,0
14088,3,5,111,20260408,1,268.05,0.0,0
14089,3,8,330,20260405,1,440.93,48.99,0
14090,3,40,307,20260410,1,683.3,0.0,0
14091,3,13,22,20260411,1,441.14,0.0,0
14092,3,52,149,20260425,1,83.46,0.0,0
14093,3,22,39,20260401,1,500.67,26.35,0
14094,3,36,169,20260413,1,597.2,0.0,0
14095,3,20,347,20260423,1,314.04,16.53,0
14096,3,5,486,20260402,1,268.05,0.0,0
14097,3,31,204,20260410,1,420.66,46.74,0
14098,3,3,57,20260420,1,448.78,0.0,0
14099,3,5,309,20260420,2,536.1,0.0,0
14100,3,11,554,20260429,1,204.14,22.68,0
14101,3,22,189,20260421,1,527.02,0.0,0
14102,3,11,248,20260415,1,226.82,0.0,0
14103,3,11,347,20260429,3,646.44,34.02,0
14104,3,17,270,20260411,1,237.29,41.87,0
14105,3,22,559,20260415,2,1001.34,52.7,0
14106,3,11,433,20260429,2,430.96,22.68,0
14107,3,53,381,20260403,1,174.37,0.0,0
14108,3,24,435,20260401,1,694.39,0.0,0
14109,3,32,333,20260427,1,468.04,0.0,1
14110,3,9,433,20260428,1,388.02,20.42,0
14111,3,11,111,20260423,1,204.14,22.68,0
14112,3,47,404,20260416,1,109.23,12.14,0
14113,3,38,310,20260410,1,745.31,39.23,0
14114,3,5,258,20260420,1,254.65,13.4,0
14115,3,27,38,20260401,1,283.21,31.47,0
14116,3,38,65,20260405,1,666.86,117.68,0
14117,3,6,379,20260414,2,825.98,0.0,0
14118,3,52,295,20260412,1,83.46,0.0,1
14119,3,6,424,20260428,1,330.39,82.6,0
14120,3,9,452,20260424,1,367.6,40.84,0
14121,3,3,257,20260409,3,1279.02,67.32,0
14122,3,48,51,20260428,1,139.55,7.34,1
14123,3,10,54,20260403,1,221.08,24.56,0
14124,3,20,288,20260410,1,297.51,33.06,0
14125,3,20,74,20260405,2,661.14,0.0,0
14126,3,53,391,20260430,1,156.93,17.44,0
14127,3,44,106,20260420,1,245.79,27.31,0
14128,3,14,286,20260418,1,323.88,35.99,0
14129,3,4,97,20260404,1,422.05,0.0,0
14130,3,9,442,20260425,1,347.17,61.27,0
14131,3,17,179,20260407,1,265.2,13.96,1
14132,4,41,31,20260404,1,110.39,47.31,0
14133,4,27,321,20260419,3,849.64,94.4,0
14134,4,41,13,20260414,2,252.32,63.08,0
14135,4,30,73,20260407,2,549.44,0.0,0
14136,4,20,374,20260415,1,314.04,16.53,0
14137,4,37,33,20260406,1,507.4,89.54,0
14138,4,37,235,20260426,1,567.09,29.85,0
14139,4,52,172,20260401,1,83.46,0.0,0
14140,4,9,540,20260415,1,408.44,0.0,0
14141,4,31,382,20260411,1,467.4,0.0,0
14142,4,13,478,20260409,1,352.91,88.23,0
14143,4,42,517,20260429,1,94.67,4.98,0
14144,4,19,287,20260429,1,426.26,0.0,0
14145,4,10,183,20260425,1,208.79,36.85,0
14146,4,12,44,20260409,1,453.25,0.0,0
14147,4,40,92,20260420,1,614.97,68.33,0
14148,4,56,268,20260423,1,58.26,6.47,0
14149,4,56,195,20260417,1,64.73,0.0,0
14150,4,33,554,20260419,1,480.0,0.0,0
14151,4,53,583,20260430,1,174.37,0.0,0
14152,4,33,379,20260405,1,432.0,48.0,0
14153,4,49,258,20260413,1,54.12,6.01,0
14154,4,14,556,20260419,2,719.74,0.0,0
14155,4,29,44,20260426,1,409.68,102.42,0
14156,4,24,365,20260423,1,694.39,0.0,0
14157,4,34,484,20260413,1,327.23,17.22,0
14158,4,13,45,20260413,1,441.14,0.0,0
14159,4,9,429,20260421,1,408.44,0.0,1
14160,4,42,294,20260419,1,84.7,14.95,0
14161,4,16,22,20260408,1,334.99,37.22,0
14162,4,4,482,20260423,1,400.95,21.1,1
14163,4,1,556,20260424,1,246.75,0.0,0
14164,4,52,579,20260427,1,75.11,8.35,0
14165,4,32,104,20260420,1,468.04,0.0,0
14166,4,2,46,20260428,1,277.38,30.82,0
14167,4,28,583,20260427,2,594.08,0.0,0
14168,4,11,262,20260422,1,204.14,22.68,0
14169,4,31,487,20260427,1,467.4,0.0,0
14170,4,11,250,20260403,1,181.46,45.36,0
14171,4,3,351,20260408,1,448.78,0.0,0
14172,4,31,365,20260414,1,420.66,46.74,0
14173,4,3,64,20260413,3,1346.34,0.0,0
14174,4,12,226,20260429,1,453.25,0.0,1
14175,4,49,550,20260424,1,42.09,18.04,0
14176,4,15,297,20260420,1,291.69,72.92,0
14177,4,35,127,20260408,1,375.42,0.0,0
14178,4,15,517,20260417,1,328.15,36.46,0
14179,4,35,183,20260423,1,375.42,0.0,0
14180,4,26,544,20260422,1,491.98,0.0,0
14181,4,40,232,20260417,1,649.14,34.16,0
14182,4,19,340,20260421,1,426.26,0.0,0
14183,4,31,178,20260408,1,420.66,46.74,0
14184,4,23,427,20260423,1,330.9,0.0,0
14185,4,18,78,20260402,1,588.62,103.88,0
14186,4,47,568,20260408,1,121.37,0.0,0
14187,4,54,101,20260426,2,269.19,14.17,0
14188,4,48,14,20260422,1,132.2,14.69,0
14189,4,38,546,20260428,1,784.54,0.0,0
14190,4,50,245,20260401,1,167.33,8.81,0
14191,4,40,248,20260417,2,1366.6,0.0,0
14192,4,4,363,20260419,1,422.05,0.0,0
14193,4,15,440,20260420,1,346.38,18.23,0
14194,4,2,217,20260424,2,554.76,61.64,0
14195,4,56,12,20260425,1,45.31,19.42,1
14196,4,6,99,20260410,1,412.99,0.0,1
14197,4,47,189,20260423,1,109.23,12.14,0
14198,4,36,83,20260403,1,597.2,0.0,0
14199,4,33,322,20260401,1,408.0,72.0,0
14200,5,9,536,20260421,1,367.6,40.84,0
14201,5,25,133,20260429,1,448.08,0.0,0
14202,5,50,51,20260412,1,176.14,0.0,0
14203,5,11,245,20260423,2,430.96,22.68,1
14204,5,34,176,20260423,1,327.23,17.22,1
14205,5,33,265,20260412,1,480.0,0.0,1
14206,5,14,184,20260413,1,323.88,35.99,0
14207,5,15,251,20260427,1,364.61,0.0,0
14208,5,45,50,20260415,1,129.57,0.0,0
14209,5,38,433,20260410,1,627.63,156.91,0
14210,5,32,227,20260409,3,1263.71,140.41,0
14211,5,34,582,20260416,1,310.0,34.45,0
14212,5,11,112,20260409,1,226.82,0.0,0
14213,5,26,97,20260409,1,418.18,73.8,0
14214,5,18,434,20260412,1,692.5,0.0,0
14215,5,10,42,20260418,1,233.36,12.28,0
14216,5,30,107,20260415,1,260.98,13.74,0
14217,5,4,502,20260418,1,400.95,21.1,0
14218,5,7,490,20260426,1,307.34,0.0,0
14219,5,1,427,20260412,1,197.4,49.35,0
14220,5,5,245,20260423,1,254.65,13.4,0
14221,5,16,147,20260422,1,372.21,0.0,0
14222,5,2,101,20260408,1,246.56,61.64,0
14223,5,20,286,20260419,1,330.57,0.0,0
14224,5,28,250,20260402,2,534.67,59.41,0
14225,5,44,418,20260412,1,273.1,0.0,0
14226,5,2,170,20260409,1,308.2,0.0,1
14227,5,7,11,20260415,1,307.34,0.0,0
14228,5,43,593,20260418,1,293.38,0.0,0
14229,5,25,586,20260419,2,761.74,134.42,0
14230,5,24,229,20260427,1,590.23,104.16,0
14231,5,51,517,20260421,1,65.69,0.0,0
14232,5,10,46,20260422,2,417.59,73.69,0
14233,5,18,482,20260403,1,692.5,0.0,1
14234,5,46,482,20260424,1,207.85,10.94,0
14235,5,42,460,20260410,2,199.3,0.0,0
14236,5,6,130,20260408,1,289.09,123.9,0
14237,5,49,184,20260430,1,60.13,0.0,0
14238,5,32,6,20260419,2,936.08,0.0,0
14239,5,39,210,20260402,1,639.86,0.0,0
14240,5,15,555,20260420,1,364.61,0.0,0
14241,5,48,52,20260404,1,124.86,22.03,0
14242,5,56,551,20260404,2,116.51,12.95,0
14243,5,20,453,20260412,1,330.57,0.0,0
14244,5,13,579,20260407,1,441.14,0.0,0
14245,5,51,103,20260430,1,65.69,0.0,0
14246,5,46,137,20260416,1,218.79,0.0,0
14247,5,17,566,20260428,1,279.16,0.0,0
14248,5,2,153,20260410,1,261.97,46.23,0
14249,5,22,153,20260424,1,527.02,0.0,0
14250,5,16,227,20260430,1,372.21,0.0,0
14251,5,19,573,20260412,1,341.01,85.25,0
14252,5,5,422,20260407,1,268.05,0.0,0
14253,5,17,79,20260417,1,237.29,41.87,0
14254,5,25,172,20260414,1,448.08,0.0,0
14255,5,8,447,20260423,2,979.84,0.0,0
14256,5,45,10,20260408,1,116.61,12.96,0
14257,5,9,109,20260427,1,408.44,0.0,0
14258,5,13,335,20260413,1,441.14,0.0,0
14259,5,45,564,20260418,1,129.57,0.0,0
14260,5,14,495,20260429,1,359.87,0.0,0
14261,5,38,559,20260403,1,627.63,156.91,0
14262,5,5,347,20260403,1,268.05,0.0,0
14263,5,50,484,20260428,1,176.14,0.0,0
14264,5,2,271,20260402,1,215.74,92.46,0
14265,5,2,45,20260407,1,308.2,0.0,0
14266,6,22,370,20260429,1,447.97,79.05,0
14267,6,31,184,20260421,1,373.92,93.48,0
14268,6,6,586,20260402,1,412.99,0.0,0
14269,6,7,330,20260417,1,291.97,15.37,0
14270,6,51,144,20260428,1,65.69,0.0,0
14271,6,7,478,20260417,1,307.34,0.0,0
14272,6,1,217,20260419,2,493.5,0.0,0
14273,6,8,249,20260429,1,489.92,0.0,0
14274,6,31,351,20260426,1,467.4,0.0,0
14275,6,18,299,20260401,1,623.25,69.25,0
14276,6,12,414,20260415,1,453.25,0.0,0
14277,6,31,400,20260426,1,467.4,0.0,0
14278,6,9,404,20260401,1,408.44,0.0,0
14279,6,38,164,20260421,1,627.63,156.91,0
14280,6,53,313,20260415,1,156.93,17.44,1
14281,6,2,581,20260417,1,292.79,15.41,0
14282,6,26,255,20260415,1,491.98,0.0,0
14283,6,48,137,20260424,1,146.89,0.0,0
14284,6,20,79,20260405,1,280.98,49.59,1
14285,6,43,541,20260420,1,234.7,58.68,0
14286,6,27,38,20260402,1,283.21,31.47,0
14287,6,54,94,20260402,1,141.68,0.0,0
14288,6,22,191,20260417,1,474.32,52.7,0
14289,6,3,545,20260414,1,448.78,0.0,0
14290,6,50,18,20260401,1,176.14,0.0,0
14291,6,2,448,20260401,1,308.2,0.0,0
14292,6,36,340,20260405,1,597.2,0.0,0
14293,6,1,532,20260428,1,246.75,0.0,0
14294,6,9,363,20260401,1,326.75,81.69,0
14295,6,8,580,20260402,1,489.92,0.0,0
14296,6,16,67,20260429,1,334.99,37.22,1
14297,6,52,140,20260409,1,83.46,0.0,0
14298,6,42,292,20260427,1,99.65,0.0,0
14299,6,3,539,20260423,1,448.78,0.0,0
14300,6,8,127,20260413,1,489.92,0.0,0
14301,6,41,238,20260402,2,315.4,0.0,1
14302,6,19,232,20260411,1,426.26,0.0,1
14303,6,30,84,20260423,1,233.51,41.21,0
14304,6,4,387,20260415,1,400.95,21.1,0
14305,6,8,188,20260416,1,391.94,97.98,0
14306,6,15,462,20260429,1,364.61,0.0,0
14307,6,28,363,20260426,1,282.19,14.85,0
14308,6,40,122,20260414,1,683.3,0.0,0
14309,6,2,436,20260430,1,292.79,15.41,0
14310,6,12,533,20260424,1,407.92,45.33,0
14311,6,16,213,20260425,1,372.21,0.0,0
14312,6,6,439,20260410,2,743.38,82.6,0
14313,6,39,160,20260414,1,575.87,63.99,0
14314,6,40,462,20260412,1,683.3,0.0,1
14315,6,52,519,20260419,1,83.46,0.0,0
14316,6,54,369,20260420,2,226.69,56.67,0
14317,6,25,62,20260425,1,358.46,89.62,0
14318,6,40,574,20260413,1,683.3,0.0,0
14319,6,14,206,20260426,1,341.88,17.99,0
14320,6,50,183,20260423,1,176.14,0.0,0
14321,6,1,568,20260407,2,419.48,74.02,0
14322,6,21,239,20260418,1,553.88,0.0,0
14323,6,47,378,20260424,1,121.37,0.0,0
14324,6,30,232,20260418,1,274.72,0.0,0
14325,6,21,286,20260412,1,498.49,55.39,0
14326,6,16,88,20260404,1,372.21,0.0,0
14327,6,14,234,20260428,1,359.87,0.0,0
14328,6,46,468,20260408,3,656.37,0.0,0
14329,6,47,423,20260425,1,121.37,0.0,0
14330,6,22,152,20260406,1,500.67,26.35,0
14331,6,47,330,20260422,1,115.3,6.07,1
14332,6,41,524,20260415,1,157.7,0.0,0
14333,6,2,421,20260419,1,308.2,0.0,0
14334,6,52,574,20260410,1,83.46,0.0,0
14335,6,13,480,20260405,1,419.08,22.06,0
14336,6,38,476,20260426,1,745.31,39.23,1
14337,7,15,302,20260409,1,364.61,0.0,0
14338,7,11,125,20260421,1,204.14,22.68,0
14339,7,2,226,20260429,2,554.76,61.64,0
14340,7,55,543,20260408,1,105.95,0.0,0
14341,7,41,20,20260426,1,157.7,0.0,0
14342,7,45,111,20260426,1,123.09,6.48,0
14343,7,31,186,20260416,1,467.4,0.0,0
14344,7,19,4,20260412,1,426.26,0.0,0
14345,7,12,240,20260423,2,906.5,0.0,0
14346,7,32,411,20260406,1,468.04,0.0,0
14347,7,4,343,20260413,1,400.95,21.1,0
14348,7,51,206,20260417,1,62.41,3.28,0
14349,7,38,222,20260420,1,745.31,39.23,0
14350,7,56,314,20260428,1,64.73,0.0,0
14351,7,8,288,20260420,1,465.42,24.5,0
14352,7,31,145,20260402,2,841.32,93.48,0
14353,7,8,400,20260402,1,489.92,0.0,0
14354,7,13,422,20260405,1,397.03,44.11,0
14355,7,22,451,20260407,1,500.67,26.35,1
14356,7,49,123,20260414,1,60.13,0.0,0
14357,7,3,208,20260404,1,426.34,22.44,0
14358,7,24,206,20260417,1,486.07,208.32,0
14359,7,54,68,20260422,1,141.68,0.0,0
14360,7,45,34,20260426,1,116.61,12.96,0
14361,7,12,5,20260429,1,385.26,67.99,0
14362,7,24,450,20260423,1,694.39,0.0,1
14363,7,35,296,20260407,1,337.88,37.54,0
14364,7,2,237,20260425,1,261.97,46.23,0
14365,7,7,371,20260419,1,307.34,0.0,0
14366,7,6,535,20260417,1,392.34,20.65,0
14367,7,2,218,20260404,1,308.2,0.0,0
14368,7,45,395,20260407,1,123.09,6.48,0
14369,7,1,536,20260427,1,234.41,12.34,0
14370,7,42,36,20260425,1,94.67,4.98,0
14371,7,1,176,20260409,1,234.41,12.34,0
14372,7,27,560,20260413,1,298.95,15.73,0
14373,7,36,492,20260416,1,537.48,59.72,0
14374,7,17,574,20260417,1,265.2,13.96,0
14375,7,33,241,20260405,1,384.0,96.0,0
14376,7,29,382,20260417,1,358.47,153.63,0
14377,7,44,145,20260426,1,259.44,13.66,0
14378,7,21,49,20260414,1,498.49,55.39,0
14379,7,56,392,20260427,1,64.73,0.0,0
14380,7,18,6,20260403,1,623.25,69.25,0
14381,7,8,290,20260427,1,416.43,73.49,0
14382,7,40,246,20260401,2,1366.6,0.0,0
14383,7,56,152,20260409,1,61.49,3.24,1
14384,7,7,553,20260420,2,614.68,0.0,0
14385,7,18,185,20260418,1,692.5,0.0,0
14386,7,32,347,20260407,1,374.43,93.61,0
14387,7,33,525,20260405,1,432.0,48.0,0
14388,7,2,52,20260427,2,554.76,61.64,0
14389,7,34,91,20260428,1,292.78,51.67,0
14390,7,42,408,20260402,1,99.65,0.0,0
14391,7,50,196,20260403,1,176.14,0.0,0
14392,7,4,76,20260422,1,422.05,0.0,0
14393,7,44,220,20260401,1,259.44,13.66,0
14394,8,16,4,20260403,1,353.6,18.61,0
14395,8,43,73,20260403,1,278.71,14.67,0
14396,8,49,25,20260408,1,60.13,0.0,0
14397,8,29,252,20260421,1,486.49,25.61,0
14398,8,46,199,20260413,1,196.91,21.88,0
14399,8,9,111,20260409,1,388.02,20.42,0
14400,8,36,206,20260423,1,477.76,119.44,0
14401,8,27,583,20260403,1,314.68,0.0,0
14402,8,9,445,20260429,2,735.19,81.69,0
14403,8,47,462,20260404,1,121.37,0.0,0
14404,8,25,513,20260422,1,313.66,134.42,0
14405,8,6,104,20260414,1,371.69,41.3,0
14406,8,10,7,20260405,1,233.36,12.28,0
14407,8,5,584,20260427,1,268.05,0.0,0
14408,8,8,178,20260408,1,440.93,48.99,0
14409,8,6,143,20260404,1,412.99,0.0,0
14410,8,45,210,20260429,1,116.61,12.96,0
14411,8,3,333,20260416,1,403.9,44.88,0
14412,8,25,102,20260412,1,448.08,0.0,0
14413,8,2,131,20260408,1,308.2,0.0,0
14414,8,33,592,20260423,1,480.0,0.0,0
14415,8,40,429,20260406,2,1366.6,0.0,0
14416,8,7,215,20260419,1,307.34,0.0,0
14417,8,28,427,20260409,1,297.04,0.0,0
14418,8,10,552,20260415,1,208.79,36.85,0
14419,8,53,237,20260425,1,174.37,0.0,0
14420,8,35,532,20260408,1,375.42,0.0,0
14421,8,38,377,20260407,1,784.54,0.0,0
14422,8,11,79,20260422,1,226.82,0.0,0
14423,8,47,241,20260413,1,115.3,6.07,0
14424,8,10,545,20260419,1,245.64,0.0,0
14425,8,26,475,20260409,1,442.78,49.2,0
14426,8,52,213,20260421,1,70.94,12.52,0
14427,8,27,163,20260415,1,314.68,0.0,0
14428,8,48,178,20260416,1,132.2,14.69,0
14429,8,34,216,20260401,1,344.45,0.0,1
14430,8,12,223,20260415,1,453.25,0.0,0
14431,1,18,548,20260504,1,588.62,103.88,0
14432,1,14,378,20260518,1,359.87,0.0,0
14433,1,32,339,20260505,2,842.47,93.61,0
14434,1,41,436,20260507,1,149.82,7.88,0
14435,1,3,109,20260501,2,807.8,89.76,0
14436,1,53,45,20260503,1,139.5,34.87,0
14437,1,20,21,20260509,1,264.46,66.11,0
14438,1,55,20,20260512,1,105.95,0.0,0
14439,1,6,64,20260511,1,330.39,82.6,0
14440,1,19,83,20260530,1,426.26,0.0,0
14441,1,17,244,20260510,1,279.16,0.0,0
14442,1,7,185,20260531,2,614.68,0.0,0
14443,1,16,64,20260511,1,353.6,18.61,0
14444,1,51,285,20260505,1,65.69,0.0,0
14445,1,15,216,20260518,1,291.69,72.92,1
14446,1,41,267,20260501,1,110.39,47.31,0
14447,1,27,539,20260519,1,314.68,0.0,0
14448,1,26,54,20260522,1,442.78,49.2,0
14449,1,50,268,20260520,2,334.67,17.61,0
14450,1,3,107,20260506,1,448.78,0.0,0
14451,1,14,265,20260519,1,341.88,17.99,0
14452,1,56,583,20260523,1,64.73,0.0,0
14453,1,11,408,20260502,1,226.82,0.0,0
14454,1,26,68,20260518,1,418.18,73.8,0
14455,1,33,109,20260515,1,432.0,48.0,0
14456,1,22,225,20260530,1,447.97,79.05,0
14457,1,26,212,20260508,1,491.98,0.0,0
14458,1,33,459,20260529,1,480.0,0.0,0
14459,1,14,84,20260525,1,341.88,17.99,0
14460,1,11,349,20260506,1,192.8,34.02,0
14461,1,14,504,20260510,1,359.87,0.0,0
14462,1,12,518,20260527,1,430.59,22.66,1
14463,1,8,554,20260522,1,489.92,0.0,0
14464,1,4,57,20260529,1,400.95,21.1,0
14465,1,12,580,20260508,1,385.26,67.99,0
14466,1,52,218,20260502,1,83.46,0.0,0
14467,1,41,23,20260521,1,110.39,47.31,0
14468,1,50,161,20260518,1,149.72,26.42,0
14469,1,9,21,20260531,1,388.02,20.42,0
14470,1,11,502,20260513,1,226.82,0.0,0
14471,1,2,145,20260506,1,292.79,15.41,0
14472,1,40,558,20260519,2,1229.94,136.66,0
14473,1,9,464,20260513,1,388.02,20.42,0
14474,1,55,535,20260527,1,100.65,5.3,0
14475,1,3,377,20260520,2,897.56,0.0,0
14476,1,2,246,20260512,1,308.2,0.0,0
14477,1,43,80,20260506,1,264.04,29.34,0
14478,1,17,350,20260521,1,279.16,0.0,0
14479,1,10,576,20260522,2,417.59,73.69,0
14480,1,21,198,20260503,1,553.88,0.0,0
14481,1,21,550,20260520,1,553.88,0.0,0
14482,1,27,505,20260522,1,220.28,94.4,0
14483,1,12,160,20260508,1,407.92,45.33,0
14484,1,4,474,20260505,1,379.84,42.21,0
14485,1,40,317,20260513,1,683.3,0.0,0
14486,1,8,218,20260519,1,489.92,0.0,0
14487,1,37,470,20260512,1,567.09,29.85,0
14488,1,16,116,20260528,1,353.6,18.61,0
14489,1,27,436,20260514,1,283.21,31.47,0
14490,1,53,162,20260510,1,174.37,0.0,0
14491,1,5,546,20260512,1,241.24,26.81,0
14492,1,15,306,20260509,1,328.15,36.46,1
14493,1,23,28,20260505,1,297.81,33.09,0
14494,1,25,373,20260517,1,425.68,22.4,1
14495,1,8,314,20260530,1,489.92,0.0,0
14496,1,43,271,20260523,1,293.38,0.0,0
14497,1,2,338,20260517,1,246.56,61.64,0
14498,1,22,204,20260516,2,1001.34,52.7,0
14499,1,42,294,20260518,1,89.68,9.97,0
14500,1,23,74,20260506,1,264.72,66.18,0
14501,1,3,257,20260520,1,403.9,44.88,0
14502,1,11,387,20260510,1,226.82,0.0,0
14503,1,16,568,20260517,1,372.21,0.0,0
14504,1,1,135,20260525,1,234.41,12.34,0
14505,1,51,337,20260529,1,62.41,3.28,0
14506,1,14,259,20260514,1,359.87,0.0,0
14507,1,6,74,20260522,1,392.34,20.65,0
14508,1,46,18,20260516,1,207.85,10.94,0
14509,1,53,290,20260503,1,165.65,8.72,0
14510,1,36,253,20260521,1,597.2,0.0,0
14511,1,40,131,20260503,1,614.97,68.33,1
14512,1,47,38,20260505,1,121.37,0.0,0
14513,1,2,436,20260531,1,308.2,0.0,0
14514,1,53,439,20260521,1,174.37,0.0,0
14515,1,21,254,20260504,1,470.8,83.08,0
14516,1,13,58,20260520,1,352.91,88.23,0
14517,1,32,190,20260502,1,444.64,23.4,0
14518,1,6,255,20260530,1,412.99,0.0,0
14519,1,17,432,20260529,2,558.32,0.0,1
14520,1,44,582,20260506,1,218.48,54.62,1
14521,1,47,426,20260520,1,121.37,0.0,0
14522,1,40,245,20260508,1,683.3,0.0,0
14523,1,14,423,20260513,1,323.88,35.99,0
14524,1,7,60,20260509,1,291.97,15.37,0
14525,1,20,494,20260521,1,297.51,33.06,0
14526,1,52,216,20260511,2,150.23,16.69,0
14527,1,18,549,20260522,1,623.25,69.25,0
14528,1,13,359,20260526,1,419.08,22.06,0
14529,1,7,359,20260503,1,307.34,0.0,0
14530,1,42,362,20260518,1,94.67,4.98,1
14531,1,6,170,20260502,1,392.34,20.65,0
14532,1,31,385,20260521,1,397.29,70.11,0
14533,2,12,374,20260506,1,407.92,45.33,0
14534,2,23,554,20260513,1,330.9,0.0,0
14535,2,33,377,20260502,1,480.0,0.0,0
14536,2,56,261,20260521,1,58.26,6.47,0
14537,2,4,539,20260518,3,1266.15,0.0,0
14538,2,8,294,20260507,1,489.92,0.0,0
14539,2,13,223,20260523,1,308.8,132.34,0
14540,2,45,130,20260516,3,310.97,77.74,0
14541,2,43,40,20260522,1,249.37,44.01,0
14542,2,37,94,20260517,1,507.4,89.54,0
14543,2,52,590,20260525,1,66.77,16.69,0
14544,2,49,494,20260531,1,54.12,6.01,0
14545,2,31,491,20260518,3,1332.09,70.11,0
14546,2,38,360,20260517,2,1490.63,78.45,0
14547,2,10,37,20260520,1,171.95,73.69,0
14548,2,4,580,20260517,1,400.95,21.1,0
14549,2,43,471,20260526,1,293.38,0.0,0
14550,2,31,105,20260528,1,444.03,23.37,0
14551,2,18,508,20260530,1,692.5,0.0,0
14552,2,27,483,20260507,1,220.28,94.4,0
14553,2,37,236,20260530,1,567.09,29.85,0
14554,2,8,440,20260527,2,979.84,0.0,0
14555,2,9,376,20260504,1,388.02,20.42,0
14556,2,2,355,20260522,1,261.97,46.23,0
14557,2,7,510,20260509,1,307.34,0.0,0
14558,2,42,503,20260509,1,84.7,14.95,0
14559,2,17,365,20260529,1,237.29,41.87,0
14560,2,4,356,20260502,1,379.84,42.21,0
14561,2,18,547,20260524,1,692.5,0.0,0
14562,2,9,39,20260525,1,408.44,0.0,0
14563,2,43,555,20260517,3,880.14,0.0,0
14564,2,27,372,20260508,1,314.68,0.0,0
14565,2,6,580,20260523,1,330.39,82.6,0
14566,2,10,5,20260519,1,245.64,0.0,0
14567,2,34,12,20260503,1,344.45,0.0,0
14568,2,39,151,20260502,1,639.86,0.0,0
14569,2,19,347,20260525,1,426.26,0.0,0
14570,2,26,280,20260503,1,491.98,0.0,0
14571,2,45,220,20260508,1,129.57,0.0,0
14572,2,20,555,20260503,1,330.57,0.0,0
14573,2,53,312,20260514,1,165.65,8.72,0
14574,2,30,505,20260518,2,467.02,82.42,0
14575,2,13,516,20260526,1,397.03,44.11,0
14576,2,35,428,20260502,1,375.42,0.0,1
14577,2,32,358,20260520,1,468.04,0.0,0
14578,2,46,260,20260512,1,207.85,10.94,0
14579,2,5,380,20260505,1,268.05,0.0,1
14580,2,13,64,20260519,1,374.97,66.17,0
14581,2,22,115,20260512,1,474.32,52.7,0
14582,2,19,21,20260527,1,383.63,42.63,0
14583,2,18,456,20260502,1,692.5,0.0,0
14584,2,32,544,20260522,1,468.04,0.0,0
14585,2,9,233,20260521,2,776.04,40.84,0
14586,2,9,575,20260528,1,408.44,0.0,0
14587,2,51,488,20260503,2,131.38,0.0,1
14588,2,30,242,20260516,1,260.98,13.74,0
14589,2,22,277,20260528,1,447.97,79.05,0
14590,2,31,22,20260529,1,373.92,93.48,1
14591,2,48,147,20260513,1,146.89,0.0,0
14592,2,34,326,20260505,1,310.0,34.45,0
14593,2,1,363,20260511,1,222.07,24.68,1
14594,2,5,297,20260530,1,268.05,0.0,0
14595,2,21,475,20260505,1,498.49,55.39,0
14596,2,15,413,20260512,1,346.38,18.23,0
14597,3,45,466,20260506,1,129.57,0.0,0
14598,3,31,44,20260527,1,420.66,46.74,0
14599,3,1,521,20260510,1,234.41,12.34,0
14600,3,11,285,20260506,1,226.82,0.0,0
14601,3,3,315,20260513,1,426.34,22.44,0
14602,3,14,269,20260527,1,323.88,35.99,0
14603,3,41,84,20260522,1,126.16,31.54,0
14604,3,50,63,20260516,1,123.3,52.84,0
14605,3,44,532,20260501,1,273.1,0.0,0
14606,3,36,353,20260514,1,597.2,0.0,0
14607,3,9,279,20260518,2,776.04,40.84,0
14608,3,10,462,20260504,1,208.79,36.85,0
14609,3,5,195,20260519,1,268.05,0.0,0
14610,3,34,314,20260516,1,241.12,103.33,0
14611,3,30,390,20260506,1,192.3,82.42,0
14612,3,5,8,20260523,2,455.68,80.42,0
14613,3,43,342,20260517,1,278.71,14.67,0
14614,3,55,106,20260530,1,105.95,0.0,0
14615,3,53,551,20260511,1,165.65,8.72,0
14616,3,40,75,20260524,1,683.3,0.0,1
14617,3,28,90,20260522,1,297.04,0.0,0
14618,3,27,137,20260516,1,298.95,15.73,0
14619,3,5,389,20260519,1,227.84,40.21,0
14620,3,8,22,20260525,1,465.42,24.5,0
14621,3,44,145,20260521,1,273.1,0.0,0
14622,3,18,92,20260529,1,692.5,0.0,0
14623,3,52,399,20260504,1,83.46,0.0,0
14624,3,19,439,20260511,1,426.26,0.0,0
14625,3,13,364,20260522,1,441.14,0.0,0
14626,3,33,345,20260519,1,408.0,72.0,0
14627,3,40,118,20260518,1,580.81,102.49,0
14628,3,53,202,20260504,1,165.65,8.72,0
14629,3,22,380,20260508,2,1054.04,0.0,0
14630,3,10,175,20260508,1,221.08,24.56,0
14631,3,8,75,20260511,2,979.84,0.0,0
14632,3,28,353,20260523,1,237.63,59.41,0
14633,3,20,493,20260524,2,561.97,99.17,0
14634,3,44,273,20260522,1,259.44,13.66,0
14635,3,53,392,20260523,1,174.37,0.0,0
14636,3,42,379,20260512,1,94.67,4.98,1
14637,3,14,181,20260508,2,719.74,0.0,0
14638,3,35,85,20260530,1,356.65,18.77,0
14639,3,1,503,20260509,1,234.41,12.34,0
14640,3,11,244,20260506,1,204.14,22.68,0
14641,3,35,199,20260508,1,375.42,0.0,0
14642,3,27,55,20260504,1,314.68,0.0,0
14643,3,34,558,20260521,1,344.45,0.0,1
14644,3,35,103,20260510,1,337.88,37.54,0
14645,3,30,182,20260510,1,274.72,0.0,0
14646,3,7,515,20260530,1,276.61,30.73,0
14647,3,7,140,20260513,1,307.34,0.0,0
14648,3,6,579,20260517,1,289.09,123.9,0
14649,3,53,117,20260508,1,165.65,8.72,0
14650,3,16,457,20260517,1,353.6,18.61,0
14651,3,48,180,20260505,1,146.89,0.0,0
14652,3,55,444,20260522,1,90.06,15.89,1
14653,3,13,281,20260511,2,794.05,88.23,0
14654,3,34,12,20260505,1,344.45,0.0,0
14655,3,56,421,20260511,1,61.49,3.24,0
14656,3,53,445,20260506,1,139.5,34.87,0
14657,3,6,137,20260503,2,702.08,123.9,0
14658,3,1,199,20260517,1,222.07,24.68,0
14659,3,13,591,20260530,1,397.03,44.11,0
14660,3,4,269,20260520,2,844.1,0.0,0
14661,3,31,185,20260508,1,467.4,0.0,0
14662,3,21,284,20260511,1,498.49,55.39,0
14663,3,18,76,20260507,1,692.5,0.0,0
14664,3,30,479,20260505,1,274.72,0.0,0
14665,4,22,114,20260524,1,527.02,0.0,0
14666,4,23,554,20260511,1,330.9,0.0,0
14667,4,4,194,20260504,1,400.95,21.1,0
14668,4,3,161,20260520,1,448.78,0.0,0
14669,4,2,483,20260516,1,308.2,0.0,0
14670,4,34,236,20260504,1,241.12,103.33,0
14671,4,24,545,20260523,1,694.39,0.0,0
14672,4,24,372,20260519,1,555.51,138.88,0
14673,4,6,239,20260525,1,330.39,82.6,0
14674,4,27,219,20260521,1,314.68,0.0,0
14675,4,11,120,20260523,1,215.48,11.34,0
14676,4,55,249,20260504,1,100.65,5.3,0
14677,4,53,319,20260519,2,331.3,17.44,0
14678,4,52,545,20260519,1,83.46,0.0,0
14679,4,3,122,20260506,1,426.34,22.44,0
14680,4,11,1,20260529,1,226.82,0.0,0
14681,4,9,242,20260522,2,735.19,81.69,0
14682,4,56,212,20260517,1,64.73,0.0,0
14683,4,42,514,20260522,1,99.65,0.0,0
14684,4,26,389,20260521,1,491.98,0.0,0
14685,4,4,411,20260516,1,379.84,42.21,0
14686,4,43,497,20260506,1,278.71,14.67,0
14687,4,33,298,20260503,1,480.0,0.0,0
14688,4,6,126,20260520,1,351.04,61.95,0
14689,4,4,576,20260517,2,844.1,0.0,0
14690,4,8,315,20260529,1,489.92,0.0,0
14691,4,39,278,20260524,1,639.86,0.0,0
14692,4,7,482,20260523,1,307.34,0.0,0
14693,4,1,424,20260510,1,246.75,0.0,0
14694,4,55,592,20260508,1,95.35,10.6,0
14695,4,6,169,20260511,2,825.98,0.0,0
14696,4,54,44,20260524,1,141.68,0.0,0
14697,4,18,263,20260524,1,623.25,69.25,0
14698,4,31,219,20260503,1,444.03,23.37,1
14699,4,51,415,20260522,1,62.41,3.28,1
14700,4,6,556,20260521,1,412.99,0.0,0
14701,4,7,101,20260514,1,307.34,0.0,0
14702,4,51,437,20260527,1,59.12,6.57,0
14703,4,46,586,20260516,1,185.97,32.82,0
14704,4,30,466,20260510,1,260.98,13.74,0
14705,4,27,319,20260523,1,314.68,0.0,0
14706,4,34,572,20260503,2,585.57,103.33,0
14707,4,46,209,20260515,1,175.03,43.76,0
14708,4,26,353,20260516,1,442.78,49.2,0
14709,4,29,33,20260504,1,409.68,102.42,0
14710,4,31,445,20260521,1,467.4,0.0,0
14711,4,46,500,20260517,1,218.79,0.0,0
14712,4,54,201,20260501,2,226.69,56.67,0
14713,4,31,243,20260501,1,467.4,0.0,0
14714,4,51,413,20260514,1,65.69,0.0,0
14715,4,36,419,20260522,1,537.48,59.72,0
14716,4,17,17,20260505,1,251.24,27.92,0
14717,4,47,362,20260525,2,230.6,12.14,0
14718,4,20,284,20260505,1,330.57,0.0,0
14719,4,3,216,20260503,1,448.78,0.0,0
14720,4,11,159,20260510,1,192.8,34.02,0
14721,4,12,353,20260524,1,453.25,0.0,0
14722,4,52,162,20260508,1,75.11,8.35,0
14723,4,46,124,20260520,1,218.79,0.0,0
14724,4,31,582,20260508,1,467.4,0.0,0
14725,4,30,227,20260512,1,274.72,0.0,0
14726,4,13,181,20260521,1,441.14,0.0,0
14727,4,41,368,20260509,1,149.82,7.88,0
14728,4,16,476,20260516,1,372.21,0.0,1
14729,4,14,588,20260520,1,341.88,17.99,0
14730,4,4,200,20260517,2,844.1,0.0,0
14731,4,31,369,20260512,1,444.03,23.37,0
14732,4,17,417,20260515,1,279.16,0.0,0
14733,4,43,383,20260522,1,249.37,44.01,0
14734,4,54,61,20260501,2,269.19,14.17,0
14735,4,44,108,20260519,1,232.13,40.97,0
14736,4,53,440,20260504,1,139.5,34.87,0
14737,4,46,506,20260517,1,185.97,32.82,0
14738,5,5,553,20260523,1,227.84,40.21,0
14739,5,48,182,20260516,1,132.2,14.69,0
14740,5,10,213,20260512,2,491.28,0.0,0
14741,5,26,145,20260505,1,491.98,0.0,0
14742,5,23,464,20260509,3,992.7,0.0,0
14743,5,29,31,20260514,1,512.1,0.0,1
14744,5,23,23,20260501,1,330.9,0.0,0
14745,5,45,441,20260517,1,129.57,0.0,0
14746,5,3,438,20260516,1,403.9,44.88,0
14747,5,16,351,20260514,1,334.99,37.22,0
14748,5,42,396,20260530,1,89.68,9.97,0
14749,5,45,380,20260513,1,123.09,6.48,0
14750,5,6,373,20260513,3,1177.02,61.95,0
14751,5,36,546,20260519,1,597.2,0.0,0
14752,5,7,339,20260519,1,307.34,0.0,0
14753,5,2,518,20260517,2,554.76,61.64,0
14754,5,20,147,20260524,1,314.04,16.53,0
14755,5,27,423,20260515,1,314.68,0.0,0
14756,5,8,338,20260523,1,416.43,73.49,0
14757,5,42,472,20260529,1,79.72,19.93,0
14758,5,21,111,20260508,1,553.88,0.0,1
14759,5,42,115,20260526,1,69.76,29.89,1
14760,5,2,119,20260502,1,308.2,0.0,0
14761,5,15,235,20260507,1,255.23,109.38,1
14762,5,51,10,20260508,2,131.38,0.0,0
14763,5,31,146,20260508,2,934.8,0.0,0
14764,5,14,408,20260501,1,359.87,0.0,0
14765,5,4,62,20260511,1,400.95,21.1,0
14766,5,38,433,20260514,1,706.09,78.45,0
14767,5,3,60,20260514,1,403.9,44.88,0
14768,5,25,540,20260506,1,403.27,44.81,0
14769,5,41,110,20260505,1,157.7,0.0,0
14770,5,29,321,20260510,1,460.89,51.21,0
14771,5,16,129,20260508,1,260.55,111.66,0
14772,5,6,3,20260512,1,392.34,20.65,0
14773,5,34,444,20260516,1,344.45,0.0,0
14774,5,34,345,20260530,1,310.0,34.45,0
14775,5,56,584,20260519,1,64.73,0.0,0
14776,5,14,24,20260530,1,323.88,35.99,0
14777,5,28,404,20260503,1,252.48,44.56,0
14778,5,1,360,20260527,1,234.41,12.34,0
14779,5,1,285,20260525,1,246.75,0.0,0
14780,5,35,97,20260520,1,337.88,37.54,0
14781,5,30,549,20260512,1,260.98,13.74,0
14782,6,33,563,20260510,1,432.0,48.0,0
14783,6,1,206,20260504,1,246.75,0.0,0
14784,6,31,460,20260508,2,794.58,140.22,0
14785,6,19,243,20260518,1,404.95,21.31,0
14786,6,16,429,20260523,1,372.21,0.0,0
14787,6,24,366,20260504,1,659.67,34.72,0
14788,6,42,576,20260529,2,159.44,39.86,0
14789,6,2,240,20260526,1,261.97,46.23,0
14790,6,16,88,20260516,1,372.21,0.0,0
14791,6,33,306,20260529,1,456.0,24.0,0
14792,6,21,523,20260523,1,526.19,27.69,0
14793,6,7,219,20260512,1,245.87,61.47,0
14794,6,28,204,20260516,2,594.08,0.0,0
14795,6,14,214,20260527,1,359.87,0.0,0
14796,6,21,428,20260509,1,498.49,55.39,0
14797,6,19,512,20260529,1,383.63,42.63,0
14798,6,4,84,20260513,1,422.05,0.0,0
14799,6,3,34,20260520,1,426.34,22.44,0
14800,6,44,562,20260508,2,464.27,81.93,0
14801,6,12,119,20260501,1,453.25,0.0,0
14802,6,35,567,20260520,1,300.34,75.08,0
14803,6,38,568,20260503,1,627.63,156.91,0
14804,6,7,500,20260512,1,276.61,30.73,0
14805,6,30,351,20260510,1,274.72,0.0,0
14806,6,27,213,20260526,1,267.48,47.2,0
14807,6,20,412,20260515,2,595.03,66.11,0
14808,6,5,350,20260506,1,241.24,26.81,1
14809,6,35,433,20260501,1,356.65,18.77,0
14810,6,56,578,20260515,1,64.73,0.0,0
14811,6,36,446,20260514,1,537.48,59.72,0
14812,6,53,383,20260507,1,174.37,0.0,0
14813,6,15,96,20260506,1,346.38,18.23,0
14814,6,46,346,20260515,1,218.79,0.0,0
14815,6,40,387,20260516,2,1366.6,0.0,0
14816,6,5,64,20260520,1,268.05,0.0,0
14817,6,26,36,20260511,1,467.38,24.6,0
14818,6,48,59,20260521,1,146.89,0.0,0
14819,6,12,150,20260523,2,815.85,90.65,0
14820,6,45,378,20260513,1,103.66,25.91,0
14821,6,35,148,20260531,1,375.42,0.0,0
14822,6,2,548,20260506,2,523.94,92.46,0
14823,6,9,151,20260522,2,694.35,122.53,0
14824,6,20,549,20260502,1,330.57,0.0,0
14825,6,7,367,20260521,1,245.87,61.47,0
14826,6,56,242,20260513,1,45.31,19.42,0
14827,6,30,418,20260518,1,192.3,82.42,0
14828,6,23,129,20260512,1,314.36,16.54,1
14829,6,37,170,20260525,1,596.94,0.0,0
14830,6,16,240,20260529,3,1116.63,0.0,0
14831,6,41,373,20260519,1,157.7,0.0,0
14832,6,16,591,20260531,1,260.55,111.66,0
14833,6,15,475,20260522,2,692.76,36.46,0
14834,6,6,32,20260518,1,392.34,20.65,1
14835,6,29,148,20260517,1,512.1,0.0,0
14836,6,7,102,20260531,2,614.68,0.0,0
14837,6,3,326,20260522,1,448.78,0.0,0
14838,6,4,574,20260517,1,422.05,0.0,0
14839,6,56,163,20260509,1,64.73,0.0,0
14840,6,27,340,20260503,2,534.96,94.4,0
14841,6,9,547,20260530,1,367.6,40.84,0
14842,6,12,203,20260503,1,453.25,0.0,1
14843,6,14,429,20260524,1,323.88,35.99,0
14844,6,54,252,20260529,1,141.68,0.0,0
14845,6,1,465,20260519,1,246.75,0.0,1
14846,6,28,369,20260501,1,282.19,14.85,0
14847,6,26,412,20260511,1,442.78,49.2,0
14848,6,35,299,20260527,1,375.42,0.0,0
14849,6,4,36,20260506,1,422.05,0.0,0
14850,6,47,122,20260503,1,109.23,12.14,0
14851,6,5,520,20260507,1,214.44,53.61,0
14852,6,5,559,20260505,2,428.88,107.22,0
14853,6,5,149,20260503,2,509.29,26.81,0
14854,6,7,561,20260511,1,245.87,61.47,0
14855,6,54,198,20260510,1,141.68,0.0,0
14856,6,14,89,20260506,2,575.79,143.95,0
14857,6,42,314,20260523,1,99.65,0.0,0
14858,6,3,539,20260506,1,426.34,22.44,0
14859,6,36,516,20260510,2,1194.4,0.0,0
14860,6,2,459,20260512,1,308.2,0.0,0
14861,6,46,182,20260505,2,415.7,21.88,0
14862,7,40,10,20260518,1,683.3,0.0,0
14863,7,12,416,20260517,2,906.5,0.0,0
14864,7,8,386,20260502,1,489.92,0.0,0
14865,7,4,462,20260514,1,422.05,0.0,0
14866,7,2,77,20260520,1,308.2,0.0,1
14867,7,32,426,20260529,2,889.28,46.8,0
14868,7,33,126,20260529,1,456.0,24.0,0
14869,7,31,367,20260516,1,467.4,0.0,0
14870,7,15,536,20260510,1,309.92,54.69,0
14871,7,43,270,20260503,1,264.04,29.34,0
14872,7,37,471,20260505,1,477.55,119.39,1
14873,7,52,92,20260510,1,70.94,12.52,0
14874,7,34,534,20260505,1,327.23,17.22,0
14875,7,25,491,20260502,1,448.08,0.0,0
14876,7,20,421,20260510,1,330.57,0.0,0
14877,7,9,375,20260501,1,408.44,0.0,1
14878,7,53,199,20260508,1,156.93,17.44,0
14879,7,45,329,20260517,1,123.09,6.48,0
14880,7,24,374,20260531,2,1388.78,0.0,0
14881,7,15,84,20260503,1,328.15,36.46,0
14882,7,46,104,20260515,1,218.79,0.0,0
14883,7,7,443,20260506,1,215.14,92.2,0
14884,7,17,63,20260504,1,251.24,27.92,0
14885,7,23,67,20260523,1,330.9,0.0,0
14886,7,4,95,20260526,1,295.44,126.61,0
14887,7,32,449,20260518,1,397.83,70.21,0
14888,7,7,581,20260519,1,307.34,0.0,0
14889,7,6,349,20260520,1,412.99,0.0,0
14890,7,9,242,20260513,1,388.02,20.42,0
14891,7,12,185,20260517,1,407.92,45.33,0
14892,7,21,102,20260517,1,470.8,83.08,0
14893,7,13,25,20260518,2,882.28,0.0,0
14894,7,13,48,20260517,1,441.14,0.0,0
14895,7,44,450,20260513,1,259.44,13.66,0
14896,7,14,9,20260531,1,359.87,0.0,1
14897,7,41,298,20260528,1,157.7,0.0,0
14898,7,6,259,20260524,1,412.99,0.0,0
14899,7,46,47,20260509,1,218.79,0.0,0
14900,7,10,317,20260512,1,233.36,12.28,0
14901,7,45,26,20260509,1,129.57,0.0,0
14902,7,3,359,20260527,1,403.9,44.88,0
14903,7,7,75,20260519,1,245.87,61.47,0
14904,7,45,319,20260504,1,116.61,12.96,0
14905,7,11,78,20260501,1,192.8,34.02,0
14906,7,49,216,20260524,1,60.13,0.0,0
14907,7,38,330,20260522,1,706.09,78.45,0
14908,7,32,162,20260511,1,468.04,0.0,0
14909,7,40,328,20260508,1,683.3,0.0,0
14910,7,52,103,20260504,1,83.46,0.0,0
14911,7,46,414,20260514,1,207.85,10.94,0
14912,7,9,573,20260503,1,408.44,0.0,0
14913,7,56,494,20260509,1,61.49,3.24,1
14914,7,44,562,20260509,1,245.79,27.31,0
14915,7,4,490,20260526,1,358.74,63.31,0
14916,7,22,35,20260503,1,500.67,26.35,0
14917,7,43,505,20260517,1,293.38,0.0,0
14918,7,27,236,20260502,1,251.74,62.94,0
14919,7,26,167,20260510,1,442.78,49.2,0
14920,7,56,323,20260507,2,122.99,6.47,0
14921,7,32,268,20260506,1,397.83,70.21,0
14922,7,17,451,20260520,1,279.16,0.0,0
14923,7,42,173,20260520,1,84.7,14.95,0
14924,7,36,58,20260505,1,477.76,119.44,0
14925,7,34,128,20260504,1,241.12,103.33,0
14926,7,21,207,20260516,2,996.98,110.78,0
14927,7,31,36,20260501,1,467.4,0.0,0
14928,7,5,463,20260504,1,214.44,53.61,0
14929,7,43,20,20260527,1,293.38,0.0,0
14930,7,3,156,20260514,1,448.78,0.0,0
14931,7,52,595,20260509,2,166.92,0.0,0
14932,7,18,337,20260516,1,692.5,0.0,1
14933,7,4,342,20260510,1,358.74,63.31,0
14934,7,42,102,20260531,2,189.33,9.97,0
14935,7,40,360,20260515,2,1366.6,0.0,0
14936,7,5,200,20260527,1,254.65,13.4,0
14937,7,1,409,20260514,1,246.75,0.0,0
14938,7,51,195,20260516,2,131.38,0.0,0
14939,7,40,294,20260504,1,614.97,68.33,1
14940,7,4,300,20260512,1,400.95,21.1,0
14941,7,52,309,20260525,1,79.29,4.17,0
14942,7,45,69,20260515,2,246.18,12.96,0
14943,7,23,179,20260529,1,297.81,33.09,0
14944,7,3,45,20260522,1,381.46,67.32,1
14945,7,23,283,20260518,1,330.9,0.0,0
14946,7,35,584,20260524,1,300.34,75.08,0
14947,8,33,128,20260504,1,408.0,72.0,0
14948,8,6,482,20260504,2,702.08,123.9,1
14949,8,41,336,20260517,1,157.7,0.0,0
14950,8,21,474,20260524,1,498.49,55.39,1
14951,8,38,350,20260512,1,706.09,78.45,0
14952,8,52,187,20260519,1,79.29,4.17,1
14953,8,54,455,20260512,1,141.68,0.0,0
14954,8,19,297,20260517,3,1278.78,0.0,0
14955,8,3,81,20260522,1,448.78,0.0,0
14956,8,35,95,20260503,1,375.42,0.0,0
14957,8,40,239,20260511,1,614.97,68.33,0
14958,8,49,443,20260529,1,60.13,0.0,0
14959,8,48,300,20260528,1,139.55,7.34,0
14960,8,12,475,20260513,2,906.5,0.0,0
14961,8,43,461,20260531,1,234.7,58.68,0
14962,8,13,568,20260531,1,397.03,44.11,0
14963,8,9,324,20260519,1,408.44,0.0,1
14964,8,40,119,20260518,1,683.3,0.0,0
14965,8,3,74,20260506,1,426.34,22.44,0
14966,8,24,600,20260529,1,624.95,69.44,0
14967,8,1,100,20260506,1,222.07,24.68,0
14968,8,31,391,20260513,1,397.29,70.11,0
14969,8,19,287,20260529,1,426.26,0.0,0
14970,8,19,462,20260517,1,383.63,42.63,0
14971,8,39,508,20260512,1,575.87,63.99,0
14972,8,33,192,20260531,1,480.0,0.0,0
14973,8,24,66,20260504,1,624.95,69.44,0
14974,8,52,72,20260518,1,83.46,0.0,0
14975,8,22,290,20260523,1,474.32,52.7,0
14976,8,7,445,20260518,2,553.21,61.47,0
14977,8,45,9,20260528,2,181.4,77.74,0
14978,8,47,286,20260516,2,230.6,12.14,0
14979,8,19,402,20260501,1,298.38,127.88,0
14980,8,18,378,20260529,1,692.5,0.0,0
14981,8,51,554,20260502,1,52.55,13.14,0
14982,8,44,438,20260515,1,259.44,13.66,0
14983,8,26,30,20260522,1,467.38,24.6,0
14984,8,53,571,20260514,1,156.93,17.44,0
14985,8,26,30,20260502,3,1475.94,0.0,0
14986,8,21,248,20260520,1,526.19,27.69,1
14987,8,28,463,20260525,1,297.04,0.0,0
14988,8,8,256,20260523,2,930.85,48.99,0
14989,8,40,289,20260509,1,649.14,34.16,0
14990,8,7,266,20260526,2,614.68,0.0,0
14991,8,29,330,20260525,1,460.89,51.21,0
14992,8,19,187,20260524,1,383.63,42.63,1
14993,8,4,397,20260507,1,400.95,21.1,1
